🧠 SelfMind — Evolution Tracking Pipeline
   Sources: hermes=/Users/liuxiaocheng/.hermes; openclaw=/Users/liuxiaocheng/.openclaw; honcho=API:http://localhost:8000/v3; aris=/Users/liuxiaocheng/.hermes/profiles/aris; grace=/Users/liuxiaocheng/.hermes/profiles/grace; plato=/Users/liuxiaocheng/.hermes/profiles/plato
   Syncing all sources...
   ✅ 264 active, 239 inactive, 147981 version changes
   Types: {'memory': 4, 'skill': 181, 'wiki': 79}
   📊 218 nodes, 217 links
   🔄 Auto-sync thread started (5 min interval)
   📂 Data: /Users/liuxiaocheng/Documents/selfmind
   🌐 http://localhost:3002
   Press Ctrl+C to stop

  [14:44:47] GET /api/wiki/pages HTTP/1.1
  [14:47:24] GET /static/js/goals.js HTTP/1.1
  [14:47:24] GET /static/css/goals.css HTTP/1.1
  [14:47:24] GET / HTTP/1.1
  [14:47:30] GET /api/wiki/pages?t=1786344450576 HTTP/1.1
2026-08-10 14:49:42.450 | INFO     | selfmind_app.recall_capture.scanner:scan:66 - [RecallScanner] Starting scan since 2026-08-10 14:39:57.499224
2026-08-10 14:49:42.489 | INFO     | selfmind_app.recall_capture.scanner:scan:73 - [RecallScanner] hermes: found 0 events
2026-08-10 14:49:42.498 | INFO     | selfmind_app.recall_capture.scanner:scan:84 - [RecallScanner] Matched 0 entries from 0 events
2026-08-10 14:49:42.505 | INFO     | selfmind_app.recall_capture.scanner:scan:103 - [RecallScanner] Scan complete: {'events_found': 0, 'entries_matched': 0, 'recalls_recorded': 0, 'adapters_scanned': 1, 'scan_duration_ms': 55}
   [Auto-sync] 264 active, 0 recalls, graph rebuilt
2026-08-10 14:54:43.429 | INFO     | selfmind_app.recall_capture.scanner:scan:66 - [RecallScanner] Starting scan since 2026-08-10 14:49:42.504492
2026-08-10 14:54:43.459 | INFO     | selfmind_app.recall_capture.scanner:scan:73 - [RecallScanner] hermes: found 0 events
2026-08-10 14:54:43.470 | INFO     | selfmind_app.recall_capture.scanner:scan:84 - [RecallScanner] Matched 0 entries from 0 events
2026-08-10 14:54:43.478 | INFO     | selfmind_app.recall_capture.scanner:scan:103 - [RecallScanner] Scan complete: {'events_found': 0, 'entries_matched': 0, 'recalls_recorded': 0, 'adapters_scanned': 1, 'scan_duration_ms': 48}
   [Auto-sync] 264 active, 0 recalls, graph rebuilt
2026-08-10 14:59:44.313 | INFO     | selfmind_app.recall_capture.scanner:scan:66 - [RecallScanner] Starting scan since 2026-08-10 14:54:43.477171
2026-08-10 14:59:44.341 | INFO     | selfmind_app.recall_capture.scanner:scan:73 - [RecallScanner] hermes: found 0 events
2026-08-10 14:59:44.349 | INFO     | selfmind_app.recall_capture.scanner:scan:84 - [RecallScanner] Matched 0 entries from 0 events
2026-08-10 14:59:44.357 | INFO     | selfmind_app.recall_capture.scanner:scan:103 - [RecallScanner] Scan complete: {'events_found': 0, 'entries_matched': 0, 'recalls_recorded': 0, 'adapters_scanned': 1, 'scan_duration_ms': 43}
   [Auto-sync] 264 active, 0 recalls, graph rebuilt
2026-08-10 15:04:45.222 | INFO     | selfmind_app.recall_capture.scanner:scan:66 - [RecallScanner] Starting scan since 2026-08-10 14:59:44.356105
2026-08-10 15:04:45.257 | INFO     | selfmind_app.recall_capture.scanner:scan:73 - [RecallScanner] hermes: found 0 events
2026-08-10 15:04:45.267 | INFO     | selfmind_app.recall_capture.scanner:scan:84 - [RecallScanner] Matched 0 entries from 0 events
2026-08-10 15:04:45.274 | INFO     | selfmind_app.recall_capture.scanner:scan:103 - [RecallScanner] Scan complete: {'events_found': 0, 'entries_matched': 0, 'recalls_recorded': 0, 'adapters_scanned': 1, 'scan_duration_ms': 52}
   [Auto-sync] 264 active, 0 recalls, graph rebuilt
2026-08-10 15:09:46.283 | INFO     | selfmind_app.recall_capture.scanner:scan:66 - [RecallScanner] Starting scan since 2026-08-10 15:04:45.273997
2026-08-10 15:09:46.313 | INFO     | selfmind_app.recall_capture.scanner:scan:73 - [RecallScanner] hermes: found 0 events
2026-08-10 15:09:46.323 | INFO     | selfmind_app.recall_capture.scanner:scan:84 - [RecallScanner] Matched 0 entries from 0 events
2026-08-10 15:09:46.331 | INFO     | selfmind_app.recall_capture.scanner:scan:103 - [RecallScanner] Scan complete: {'events_found': 0, 'entries_matched': 0, 'recalls_recorded': 0, 'adapters_scanned': 1, 'scan_duration_ms': 47}
   [Auto-sync] 264 active, 0 recalls, graph rebuilt
2026-08-10 15:14:47.282 | INFO     | selfmind_app.recall_capture.scanner:scan:66 - [RecallScanner] Starting scan since 2026-08-10 15:09:46.330307
2026-08-10 15:14:47.309 | INFO     | selfmind_app.recall_capture.scanner:scan:73 - [RecallScanner] hermes: found 0 events
2026-08-10 15:14:47.317 | INFO     | selfmind_app.recall_capture.scanner:scan:84 - [RecallScanner] Matched 0 entries from 0 events
2026-08-10 15:14:47.324 | INFO     | selfmind_app.recall_capture.scanner:scan:103 - [RecallScanner] Scan complete: {'events_found': 0, 'entries_matched': 0, 'recalls_recorded': 0, 'adapters_scanned': 1, 'scan_duration_ms': 41}
   [Auto-sync] 264 active, 0 recalls, graph rebuilt
2026-08-10 15:19:48.314 | INFO     | selfmind_app.recall_capture.scanner:scan:66 - [RecallScanner] Starting scan since 2026-08-10 15:14:47.323118
2026-08-10 15:19:48.346 | INFO     | selfmind_app.recall_capture.scanner:scan:73 - [RecallScanner] hermes: found 0 events
2026-08-10 15:19:48.357 | INFO     | selfmind_app.recall_capture.scanner:scan:84 - [RecallScanner] Matched 0 entries from 0 events
2026-08-10 15:19:48.366 | INFO     | selfmind_app.recall_capture.scanner:scan:103 - [RecallScanner] Scan complete: {'events_found': 0, 'entries_matched': 0, 'recalls_recorded': 0, 'adapters_scanned': 1, 'scan_duration_ms': 51}
   [Auto-sync] 264 active, 0 recalls, graph rebuilt
2026-08-10 15:24:49.234 | INFO     | selfmind_app.recall_capture.scanner:scan:66 - [RecallScanner] Starting scan since 2026-08-10 15:19:48.364067
2026-08-10 15:24:49.263 | INFO     | selfmind_app.recall_capture.scanner:scan:73 - [RecallScanner] hermes: found 0 events
2026-08-10 15:24:49.270 | INFO     | selfmind_app.recall_capture.scanner:scan:84 - [RecallScanner] Matched 0 entries from 0 events
2026-08-10 15:24:49.277 | INFO     | selfmind_app.recall_capture.scanner:scan:103 - [RecallScanner] Scan complete: {'events_found': 0, 'entries_matched': 0, 'recalls_recorded': 0, 'adapters_scanned': 1, 'scan_duration_ms': 42}
   [Auto-sync] 264 active, 0 recalls, graph rebuilt
2026-08-10 15:29:50.228 | INFO     | selfmind_app.recall_capture.scanner:scan:66 - [RecallScanner] Starting scan since 2026-08-10 15:24:49.276885
2026-08-10 15:29:50.254 | INFO     | selfmind_app.recall_capture.scanner:scan:73 - [RecallScanner] hermes: found 0 events
2026-08-10 15:29:50.262 | INFO     | selfmind_app.recall_capture.scanner:scan:84 - [RecallScanner] Matched 0 entries from 0 events
2026-08-10 15:29:50.269 | INFO     | selfmind_app.recall_capture.scanner:scan:103 - [RecallScanner] Scan complete: {'events_found': 0, 'entries_matched': 0, 'recalls_recorded': 0, 'adapters_scanned': 1, 'scan_duration_ms': 41}
   [Auto-sync] 264 active, 0 recalls, graph rebuilt
2026-08-10 15:34:51.175 | INFO     | selfmind_app.recall_capture.scanner:scan:66 - [RecallScanner] Starting scan since 2026-08-10 15:29:50.268253
2026-08-10 15:34:51.204 | INFO     | selfmind_app.recall_capture.scanner:scan:73 - [RecallScanner] hermes: found 0 events
2026-08-10 15:34:51.212 | INFO     | selfmind_app.recall_capture.scanner:scan:84 - [RecallScanner] Matched 0 entries from 0 events
2026-08-10 15:34:51.221 | INFO     | selfmind_app.recall_capture.scanner:scan:103 - [RecallScanner] Scan complete: {'events_found': 0, 'entries_matched': 0, 'recalls_recorded': 0, 'adapters_scanned': 1, 'scan_duration_ms': 45}
   [Auto-sync] 264 active, 0 recalls, graph rebuilt
2026-08-10 15:39:52.098 | INFO     | selfmind_app.recall_capture.scanner:scan:66 - [RecallScanner] Starting scan since 2026-08-10 15:34:51.220008
2026-08-10 15:39:52.127 | INFO     | selfmind_app.recall_capture.scanner:scan:73 - [RecallScanner] hermes: found 0 events
2026-08-10 15:39:52.135 | INFO     | selfmind_app.recall_capture.scanner:scan:84 - [RecallScanner] Matched 0 entries from 0 events
2026-08-10 15:39:52.142 | INFO     | selfmind_app.recall_capture.scanner:scan:103 - [RecallScanner] Scan complete: {'events_found': 0, 'entries_matched': 0, 'recalls_recorded': 0, 'adapters_scanned': 1, 'scan_duration_ms': 43}
   [Auto-sync] 264 active, 0 recalls, graph rebuilt
2026-08-10 15:44:53.286 | INFO     | selfmind_app.recall_capture.scanner:scan:66 - [RecallScanner] Starting scan since 2026-08-10 15:39:52.141596
2026-08-10 15:44:53.318 | INFO     | selfmind_app.recall_capture.scanner:scan:73 - [RecallScanner] hermes: found 0 events
2026-08-10 15:44:53.330 | INFO     | selfmind_app.recall_capture.scanner:scan:84 - [RecallScanner] Matched 0 entries from 0 events
2026-08-10 15:44:53.338 | INFO     | selfmind_app.recall_capture.scanner:scan:103 - [RecallScanner] Scan complete: {'events_found': 0, 'entries_matched': 0, 'recalls_recorded': 0, 'adapters_scanned': 1, 'scan_duration_ms': 51}
   [Auto-sync] 264 active, 0 recalls, graph rebuilt
2026-08-10 15:49:54.247 | INFO     | selfmind_app.recall_capture.scanner:scan:66 - [RecallScanner] Starting scan since 2026-08-10 15:44:53.337507
2026-08-10 15:49:54.281 | INFO     | selfmind_app.recall_capture.scanner:scan:73 - [RecallScanner] hermes: found 0 events
2026-08-10 15:49:54.293 | INFO     | selfmind_app.recall_capture.scanner:scan:84 - [RecallScanner] Matched 0 entries from 0 events
2026-08-10 15:49:54.301 | INFO     | selfmind_app.recall_capture.scanner:scan:103 - [RecallScanner] Scan complete: {'events_found': 0, 'entries_matched': 0, 'recalls_recorded': 0, 'adapters_scanned': 1, 'scan_duration_ms': 53}
   [Auto-sync] 264 active, 0 recalls, graph rebuilt
2026-08-10 15:54:55.201 | INFO     | selfmind_app.recall_capture.scanner:scan:66 - [RecallScanner] Starting scan since 2026-08-10 15:49:54.300143
2026-08-10 15:54:55.231 | INFO     | selfmind_app.recall_capture.scanner:scan:73 - [RecallScanner] hermes: found 0 events
2026-08-10 15:54:55.239 | INFO     | selfmind_app.recall_capture.scanner:scan:84 - [RecallScanner] Matched 0 entries from 0 events
2026-08-10 15:54:55.247 | INFO     | selfmind_app.recall_capture.scanner:scan:103 - [RecallScanner] Scan complete: {'events_found': 0, 'entries_matched': 0, 'recalls_recorded': 0, 'adapters_scanned': 1, 'scan_duration_ms': 45}
   [Auto-sync] 264 active, 0 recalls, graph rebuilt
2026-08-10 15:59:56.152 | INFO     | selfmind_app.recall_capture.scanner:scan:66 - [RecallScanner] Starting scan since 2026-08-10 15:54:55.246397
2026-08-10 15:59:56.181 | INFO     | selfmind_app.recall_capture.scanner:scan:73 - [RecallScanner] hermes: found 0 events
2026-08-10 15:59:56.189 | INFO     | selfmind_app.recall_capture.scanner:scan:84 - [RecallScanner] Matched 0 entries from 0 events
2026-08-10 15:59:56.196 | INFO     | selfmind_app.recall_capture.scanner:scan:103 - [RecallScanner] Scan complete: {'events_found': 0, 'entries_matched': 0, 'recalls_recorded': 0, 'adapters_scanned': 1, 'scan_duration_ms': 43}
   [Auto-sync] 264 active, 0 recalls, graph rebuilt
2026-08-10 16:04:57.045 | INFO     | selfmind_app.recall_capture.scanner:scan:66 - [RecallScanner] Starting scan since 2026-08-10 15:59:56.195527
2026-08-10 16:04:57.081 | INFO     | selfmind_app.recall_capture.scanner:scan:73 - [RecallScanner] hermes: found 0 events
2026-08-10 16:04:57.090 | INFO     | selfmind_app.recall_capture.scanner:scan:84 - [RecallScanner] Matched 0 entries from 0 events
2026-08-10 16:04:57.096 | INFO     | selfmind_app.recall_capture.scanner:scan:103 - [RecallScanner] Scan complete: {'events_found': 0, 'entries_matched': 0, 'recalls_recorded': 0, 'adapters_scanned': 1, 'scan_duration_ms': 51}
   [Auto-sync] 264 active, 0 recalls, graph rebuilt
2026-08-10 16:09:58.034 | INFO     | selfmind_app.recall_capture.scanner:scan:66 - [RecallScanner] Starting scan since 2026-08-10 16:04:57.096221
2026-08-10 16:09:58.063 | INFO     | selfmind_app.recall_capture.scanner:scan:73 - [RecallScanner] hermes: found 0 events
2026-08-10 16:09:58.072 | INFO     | selfmind_app.recall_capture.scanner:scan:84 - [RecallScanner] Matched 0 entries from 0 events
2026-08-10 16:09:58.078 | INFO     | selfmind_app.recall_capture.scanner:scan:103 - [RecallScanner] Scan complete: {'events_found': 0, 'entries_matched': 0, 'recalls_recorded': 0, 'adapters_scanned': 1, 'scan_duration_ms': 44}
   [Auto-sync] 264 active, 0 recalls, graph rebuilt
2026-08-10 16:14:59.033 | INFO     | selfmind_app.recall_capture.scanner:scan:66 - [RecallScanner] Starting scan since 2026-08-10 16:09:58.078028
2026-08-10 16:14:59.061 | INFO     | selfmind_app.recall_capture.scanner:scan:73 - [RecallScanner] hermes: found 0 events
2026-08-10 16:14:59.070 | INFO     | selfmind_app.recall_capture.scanner:scan:84 - [RecallScanner] Matched 0 entries from 0 events
2026-08-10 16:14:59.078 | INFO     | selfmind_app.recall_capture.scanner:scan:103 - [RecallScanner] Scan complete: {'events_found': 0, 'entries_matched': 0, 'recalls_recorded': 0, 'adapters_scanned': 1, 'scan_duration_ms': 44}
   [Auto-sync] 264 active, 0 recalls, graph rebuilt
2026-08-10 16:20:00.210 | INFO     | selfmind_app.recall_capture.scanner:scan:66 - [RecallScanner] Starting scan since 2026-08-10 16:14:59.077295
2026-08-10 16:20:00.241 | INFO     | selfmind_app.recall_capture.scanner:scan:73 - [RecallScanner] hermes: found 0 events
2026-08-10 16:20:00.249 | INFO     | selfmind_app.recall_capture.scanner:scan:84 - [RecallScanner] Matched 0 entries from 0 events
2026-08-10 16:20:00.255 | INFO     | selfmind_app.recall_capture.scanner:scan:103 - [RecallScanner] Scan complete: {'events_found': 0, 'entries_matched': 0, 'recalls_recorded': 0, 'adapters_scanned': 1, 'scan_duration_ms': 45}
   [Auto-sync] 264 active, 0 recalls, graph rebuilt
2026-08-10 16:25:01.301 | INFO     | selfmind_app.recall_capture.scanner:scan:66 - [RecallScanner] Starting scan since 2026-08-10 16:20:00.255007
2026-08-10 16:25:01.329 | INFO     | selfmind_app.recall_capture.scanner:scan:73 - [RecallScanner] hermes: found 0 events
2026-08-10 16:25:01.343 | INFO     | selfmind_app.recall_capture.scanner:scan:84 - [RecallScanner] Matched 0 entries from 0 events
2026-08-10 16:25:01.349 | INFO     | selfmind_app.recall_capture.scanner:scan:103 - [RecallScanner] Scan complete: {'events_found': 0, 'entries_matched': 0, 'recalls_recorded': 0, 'adapters_scanned': 1, 'scan_duration_ms': 48}
   [Auto-sync] 264 active, 0 recalls, graph rebuilt
2026-08-10 16:30:02.309 | INFO     | selfmind_app.recall_capture.scanner:scan:66 - [RecallScanner] Starting scan since 2026-08-10 16:25:01.348974
2026-08-10 16:30:02.337 | INFO     | selfmind_app.recall_capture.scanner:scan:73 - [RecallScanner] hermes: found 0 events
2026-08-10 16:30:02.345 | INFO     | selfmind_app.recall_capture.scanner:scan:84 - [RecallScanner] Matched 0 entries from 0 events
2026-08-10 16:30:02.352 | INFO     | selfmind_app.recall_capture.scanner:scan:103 - [RecallScanner] Scan complete: {'events_found': 0, 'entries_matched': 0, 'recalls_recorded': 0, 'adapters_scanned': 1, 'scan_duration_ms': 43}
   [Auto-sync] 264 active, 0 recalls, graph rebuilt
2026-08-10 16:35:03.278 | INFO     | selfmind_app.recall_capture.scanner:scan:66 - [RecallScanner] Starting scan since 2026-08-10 16:30:02.352034
2026-08-10 16:35:03.307 | INFO     | selfmind_app.recall_capture.scanner:scan:73 - [RecallScanner] hermes: found 0 events
2026-08-10 16:35:03.315 | INFO     | selfmind_app.recall_capture.scanner:scan:84 - [RecallScanner] Matched 0 entries from 0 events
2026-08-10 16:35:03.321 | INFO     | selfmind_app.recall_capture.scanner:scan:103 - [RecallScanner] Scan complete: {'events_found': 0, 'entries_matched': 0, 'recalls_recorded': 0, 'adapters_scanned': 1, 'scan_duration_ms': 43}
   [Auto-sync] 264 active, 0 recalls, graph rebuilt
2026-08-10 16:40:04.311 | INFO     | selfmind_app.recall_capture.scanner:scan:66 - [RecallScanner] Starting scan since 2026-08-10 16:35:03.321267
2026-08-10 16:40:04.341 | INFO     | selfmind_app.recall_capture.scanner:scan:73 - [RecallScanner] hermes: found 0 events
2026-08-10 16:40:04.352 | INFO     | selfmind_app.recall_capture.scanner:scan:84 - [RecallScanner] Matched 0 entries from 0 events
2026-08-10 16:40:04.360 | INFO     | selfmind_app.recall_capture.scanner:scan:103 - [RecallScanner] Scan complete: {'events_found': 0, 'entries_matched': 0, 'recalls_recorded': 0, 'adapters_scanned': 1, 'scan_duration_ms': 48}
   [Auto-sync] 264 active, 0 recalls, graph rebuilt
2026-08-10 16:45:05.326 | INFO     | selfmind_app.recall_capture.scanner:scan:66 - [RecallScanner] Starting scan since 2026-08-10 16:40:04.359392
2026-08-10 16:45:05.354 | INFO     | selfmind_app.recall_capture.scanner:scan:73 - [RecallScanner] hermes: found 0 events
2026-08-10 16:45:05.362 | INFO     | selfmind_app.recall_capture.scanner:scan:84 - [RecallScanner] Matched 0 entries from 0 events
2026-08-10 16:45:05.370 | INFO     | selfmind_app.recall_capture.scanner:scan:103 - [RecallScanner] Scan complete: {'events_found': 0, 'entries_matched': 0, 'recalls_recorded': 0, 'adapters_scanned': 1, 'scan_duration_ms': 44}
   [Auto-sync] 264 active, 0 recalls, graph rebuilt
2026-08-10 16:50:06.341 | INFO     | selfmind_app.recall_capture.scanner:scan:66 - [RecallScanner] Starting scan since 2026-08-10 16:45:05.369722
2026-08-10 16:50:06.369 | INFO     | selfmind_app.recall_capture.scanner:scan:73 - [RecallScanner] hermes: found 0 events
2026-08-10 16:50:06.377 | INFO     | selfmind_app.recall_capture.scanner:scan:84 - [RecallScanner] Matched 0 entries from 0 events
2026-08-10 16:50:06.383 | INFO     | selfmind_app.recall_capture.scanner:scan:103 - [RecallScanner] Scan complete: {'events_found': 0, 'entries_matched': 0, 'recalls_recorded': 0, 'adapters_scanned': 1, 'scan_duration_ms': 41}
   [Auto-sync] 264 active, 0 recalls, graph rebuilt
2026-08-10 16:55:07.307 | INFO     | selfmind_app.recall_capture.scanner:scan:66 - [RecallScanner] Starting scan since 2026-08-10 16:50:06.382480
2026-08-10 16:55:07.335 | INFO     | selfmind_app.recall_capture.scanner:scan:73 - [RecallScanner] hermes: found 0 events
2026-08-10 16:55:07.343 | INFO     | selfmind_app.recall_capture.scanner:scan:84 - [RecallScanner] Matched 0 entries from 0 events
2026-08-10 16:55:07.350 | INFO     | selfmind_app.recall_capture.scanner:scan:103 - [RecallScanner] Scan complete: {'events_found': 0, 'entries_matched': 0, 'recalls_recorded': 0, 'adapters_scanned': 1, 'scan_duration_ms': 43}
   [Auto-sync] 264 active, 0 recalls, graph rebuilt
2026-08-10 17:00:08.223 | INFO     | selfmind_app.recall_capture.scanner:scan:66 - [RecallScanner] Starting scan since 2026-08-10 16:55:07.349417
2026-08-10 17:00:08.250 | INFO     | selfmind_app.recall_capture.scanner:scan:73 - [RecallScanner] hermes: found 0 events
2026-08-10 17:00:08.258 | INFO     | selfmind_app.recall_capture.scanner:scan:84 - [RecallScanner] Matched 0 entries from 0 events
2026-08-10 17:00:08.264 | INFO     | selfmind_app.recall_capture.scanner:scan:103 - [RecallScanner] Scan complete: {'events_found': 0, 'entries_matched': 0, 'recalls_recorded': 0, 'adapters_scanned': 1, 'scan_duration_ms': 41}
   [Auto-sync] 264 active, 0 recalls, graph rebuilt
2026-08-10 17:05:09.119 | INFO     | selfmind_app.recall_capture.scanner:scan:66 - [RecallScanner] Starting scan since 2026-08-10 17:00:08.263737
2026-08-10 17:05:09.148 | INFO     | selfmind_app.recall_capture.scanner:scan:73 - [RecallScanner] hermes: found 0 events
2026-08-10 17:05:09.155 | INFO     | selfmind_app.recall_capture.scanner:scan:84 - [RecallScanner] Matched 0 entries from 0 events
2026-08-10 17:05:09.161 | INFO     | selfmind_app.recall_capture.scanner:scan:103 - [RecallScanner] Scan complete: {'events_found': 0, 'entries_matched': 0, 'recalls_recorded': 0, 'adapters_scanned': 1, 'scan_duration_ms': 41}
   [Auto-sync] 264 active, 0 recalls, graph rebuilt
2026-08-10 17:10:10.139 | INFO     | selfmind_app.recall_capture.scanner:scan:66 - [RecallScanner] Starting scan since 2026-08-10 17:05:09.160765
2026-08-10 17:10:10.171 | INFO     | selfmind_app.recall_capture.scanner:scan:73 - [RecallScanner] hermes: found 0 events
2026-08-10 17:10:10.179 | INFO     | selfmind_app.recall_capture.scanner:scan:84 - [RecallScanner] Matched 0 entries from 0 events
2026-08-10 17:10:10.190 | INFO     | selfmind_app.recall_capture.scanner:scan:103 - [RecallScanner] Scan complete: {'events_found': 0, 'entries_matched': 0, 'recalls_recorded': 0, 'adapters_scanned': 1, 'scan_duration_ms': 50}
   [Auto-sync] 264 active, 0 recalls, graph rebuilt
2026-08-10 17:15:11.041 | INFO     | selfmind_app.recall_capture.scanner:scan:66 - [RecallScanner] Starting scan since 2026-08-10 17:10:10.189376
2026-08-10 17:15:11.067 | INFO     | selfmind_app.recall_capture.scanner:scan:73 - [RecallScanner] hermes: found 0 events
2026-08-10 17:15:11.075 | INFO     | selfmind_app.recall_capture.scanner:scan:84 - [RecallScanner] Matched 0 entries from 0 events
2026-08-10 17:15:11.081 | INFO     | selfmind_app.recall_capture.scanner:scan:103 - [RecallScanner] Scan complete: {'events_found': 0, 'entries_matched': 0, 'recalls_recorded': 0, 'adapters_scanned': 1, 'scan_duration_ms': 40}
   [Auto-sync] 264 active, 0 recalls, graph rebuilt
2026-08-10 17:20:11.941 | INFO     | selfmind_app.recall_capture.scanner:scan:66 - [RecallScanner] Starting scan since 2026-08-10 17:15:11.080511
2026-08-10 17:20:11.970 | INFO     | selfmind_app.recall_capture.scanner:scan:73 - [RecallScanner] hermes: found 0 events
2026-08-10 17:20:11.977 | INFO     | selfmind_app.recall_capture.scanner:scan:84 - [RecallScanner] Matched 0 entries from 0 events
2026-08-10 17:20:11.983 | INFO     | selfmind_app.recall_capture.scanner:scan:103 - [RecallScanner] Scan complete: {'events_found': 0, 'entries_matched': 0, 'recalls_recorded': 0, 'adapters_scanned': 1, 'scan_duration_ms': 42}
   [Auto-sync] 264 active, 0 recalls, graph rebuilt
2026-08-10 17:25:12.905 | INFO     | selfmind_app.recall_capture.scanner:scan:66 - [RecallScanner] Starting scan since 2026-08-10 17:20:11.983052
2026-08-10 17:25:12.935 | INFO     | selfmind_app.recall_capture.scanner:scan:73 - [RecallScanner] hermes: found 0 events
2026-08-10 17:25:12.943 | INFO     | selfmind_app.recall_capture.scanner:scan:84 - [RecallScanner] Matched 0 entries from 0 events
2026-08-10 17:25:12.950 | INFO     | selfmind_app.recall_capture.scanner:scan:103 - [RecallScanner] Scan complete: {'events_found': 0, 'entries_matched': 0, 'recalls_recorded': 0, 'adapters_scanned': 1, 'scan_duration_ms': 44}
   [Auto-sync] 264 active, 0 recalls, graph rebuilt
2026-08-10 17:30:13.901 | INFO     | selfmind_app.recall_capture.scanner:scan:66 - [RecallScanner] Starting scan since 2026-08-10 17:25:12.949407
2026-08-10 17:30:13.930 | INFO     | selfmind_app.recall_capture.scanner:scan:73 - [RecallScanner] hermes: found 0 events
2026-08-10 17:30:13.937 | INFO     | selfmind_app.recall_capture.scanner:scan:84 - [RecallScanner] Matched 0 entries from 0 events
2026-08-10 17:30:13.943 | INFO     | selfmind_app.recall_capture.scanner:scan:103 - [RecallScanner] Scan complete: {'events_found': 0, 'entries_matched': 0, 'recalls_recorded': 0, 'adapters_scanned': 1, 'scan_duration_ms': 42}
   [Auto-sync] 264 active, 0 recalls, graph rebuilt
2026-08-10 17:35:14.860 | INFO     | selfmind_app.recall_capture.scanner:scan:66 - [RecallScanner] Starting scan since 2026-08-10 17:30:13.942855
2026-08-10 17:35:14.888 | INFO     | selfmind_app.recall_capture.scanner:scan:73 - [RecallScanner] hermes: found 0 events
2026-08-10 17:35:14.896 | INFO     | selfmind_app.recall_capture.scanner:scan:84 - [RecallScanner] Matched 0 entries from 0 events
2026-08-10 17:35:14.902 | INFO     | selfmind_app.recall_capture.scanner:scan:103 - [RecallScanner] Scan complete: {'events_found': 0, 'entries_matched': 0, 'recalls_recorded': 0, 'adapters_scanned': 1, 'scan_duration_ms': 42}
   [Auto-sync] 264 active, 0 recalls, graph rebuilt
2026-08-10 17:40:15.867 | INFO     | selfmind_app.recall_capture.scanner:scan:66 - [RecallScanner] Starting scan since 2026-08-10 17:35:14.901984
2026-08-10 17:40:15.895 | INFO     | selfmind_app.recall_capture.scanner:scan:73 - [RecallScanner] hermes: found 0 events
2026-08-10 17:40:15.902 | INFO     | selfmind_app.recall_capture.scanner:scan:84 - [RecallScanner] Matched 0 entries from 0 events
2026-08-10 17:40:15.909 | INFO     | selfmind_app.recall_capture.scanner:scan:103 - [RecallScanner] Scan complete: {'events_found': 0, 'entries_matched': 0, 'recalls_recorded': 0, 'adapters_scanned': 1, 'scan_duration_ms': 41}
   [Auto-sync] 264 active, 0 recalls, graph rebuilt
2026-08-10 17:45:16.811 | INFO     | selfmind_app.recall_capture.scanner:scan:66 - [RecallScanner] Starting scan since 2026-08-10 17:40:15.908368
2026-08-10 17:45:16.839 | INFO     | selfmind_app.recall_capture.scanner:scan:73 - [RecallScanner] hermes: found 0 events
2026-08-10 17:45:16.846 | INFO     | selfmind_app.recall_capture.scanner:scan:84 - [RecallScanner] Matched 0 entries from 0 events
2026-08-10 17:45:16.852 | INFO     | selfmind_app.recall_capture.scanner:scan:103 - [RecallScanner] Scan complete: {'events_found': 0, 'entries_matched': 0, 'recalls_recorded': 0, 'adapters_scanned': 1, 'scan_duration_ms': 41}
   [Auto-sync] 264 active, 0 recalls, graph rebuilt
2026-08-10 17:50:17.799 | INFO     | selfmind_app.recall_capture.scanner:scan:66 - [RecallScanner] Starting scan since 2026-08-10 17:45:16.852108
2026-08-10 17:50:17.837 | INFO     | selfmind_app.recall_capture.scanner:scan:73 - [RecallScanner] hermes: found 0 events
2026-08-10 17:50:17.850 | INFO     | selfmind_app.recall_capture.scanner:scan:84 - [RecallScanner] Matched 0 entries from 0 events
2026-08-10 17:50:17.857 | INFO     | selfmind_app.recall_capture.scanner:scan:103 - [RecallScanner] Scan complete: {'events_found': 0, 'entries_matched': 0, 'recalls_recorded': 0, 'adapters_scanned': 1, 'scan_duration_ms': 58}
   [Auto-sync] 264 active, 0 recalls, graph rebuilt
2026-08-10 17:55:18.718 | INFO     | selfmind_app.recall_capture.scanner:scan:66 - [RecallScanner] Starting scan since 2026-08-10 17:50:17.857156
2026-08-10 17:55:18.747 | INFO     | selfmind_app.recall_capture.scanner:scan:73 - [RecallScanner] hermes: found 0 events
2026-08-10 17:55:18.755 | INFO     | selfmind_app.recall_capture.scanner:scan:84 - [RecallScanner] Matched 0 entries from 0 events
2026-08-10 17:55:18.767 | INFO     | selfmind_app.recall_capture.scanner:scan:103 - [RecallScanner] Scan complete: {'events_found': 0, 'entries_matched': 0, 'recalls_recorded': 0, 'adapters_scanned': 1, 'scan_duration_ms': 48}
   [Auto-sync] 264 active, 0 recalls, graph rebuilt
2026-08-10 18:00:19.682 | INFO     | selfmind_app.recall_capture.scanner:scan:66 - [RecallScanner] Starting scan since 2026-08-10 17:55:18.766180
2026-08-10 18:00:19.711 | INFO     | selfmind_app.recall_capture.scanner:scan:73 - [RecallScanner] hermes: found 0 events
2026-08-10 18:00:19.719 | INFO     | selfmind_app.recall_capture.scanner:scan:84 - [RecallScanner] Matched 0 entries from 0 events
2026-08-10 18:00:19.725 | INFO     | selfmind_app.recall_capture.scanner:scan:103 - [RecallScanner] Scan complete: {'events_found': 0, 'entries_matched': 0, 'recalls_recorded': 0, 'adapters_scanned': 1, 'scan_duration_ms': 42}
   [Auto-sync] 264 active, 0 recalls, graph rebuilt
2026-08-10 18:05:20.740 | INFO     | selfmind_app.recall_capture.scanner:scan:66 - [RecallScanner] Starting scan since 2026-08-10 18:00:19.724868
2026-08-10 18:05:20.770 | INFO     | selfmind_app.recall_capture.scanner:scan:73 - [RecallScanner] hermes: found 0 events
2026-08-10 18:05:20.780 | INFO     | selfmind_app.recall_capture.scanner:scan:84 - [RecallScanner] Matched 0 entries from 0 events
2026-08-10 18:05:20.786 | INFO     | selfmind_app.recall_capture.scanner:scan:103 - [RecallScanner] Scan complete: {'events_found': 0, 'entries_matched': 0, 'recalls_recorded': 0, 'adapters_scanned': 1, 'scan_duration_ms': 46}
   [Auto-sync] 264 active, 0 recalls, graph rebuilt
2026-08-10 18:10:21.700 | INFO     | selfmind_app.recall_capture.scanner:scan:66 - [RecallScanner] Starting scan since 2026-08-10 18:05:20.786073
2026-08-10 18:10:21.729 | INFO     | selfmind_app.recall_capture.scanner:scan:73 - [RecallScanner] hermes: found 0 events
2026-08-10 18:10:21.737 | INFO     | selfmind_app.recall_capture.scanner:scan:84 - [RecallScanner] Matched 0 entries from 0 events
2026-08-10 18:10:21.745 | INFO     | selfmind_app.recall_capture.scanner:scan:103 - [RecallScanner] Scan complete: {'events_found': 0, 'entries_matched': 0, 'recalls_recorded': 0, 'adapters_scanned': 1, 'scan_duration_ms': 44}
   [Auto-sync] 264 active, 0 recalls, graph rebuilt
2026-08-10 18:15:22.703 | INFO     | selfmind_app.recall_capture.scanner:scan:66 - [RecallScanner] Starting scan since 2026-08-10 18:10:21.744583
2026-08-10 18:15:22.733 | INFO     | selfmind_app.recall_capture.scanner:scan:73 - [RecallScanner] hermes: found 0 events
2026-08-10 18:15:22.740 | INFO     | selfmind_app.recall_capture.scanner:scan:84 - [RecallScanner] Matched 0 entries from 0 events
2026-08-10 18:15:22.748 | INFO     | selfmind_app.recall_capture.scanner:scan:103 - [RecallScanner] Scan complete: {'events_found': 0, 'entries_matched': 0, 'recalls_recorded': 0, 'adapters_scanned': 1, 'scan_duration_ms': 44}
   [Auto-sync] 264 active, 0 recalls, graph rebuilt
2026-08-10 18:20:23.651 | INFO     | selfmind_app.recall_capture.scanner:scan:66 - [RecallScanner] Starting scan since 2026-08-10 18:15:22.747657
2026-08-10 18:20:23.683 | INFO     | selfmind_app.recall_capture.scanner:scan:73 - [RecallScanner] hermes: found 0 events
2026-08-10 18:20:23.691 | INFO     | selfmind_app.recall_capture.scanner:scan:84 - [RecallScanner] Matched 0 entries from 0 events
2026-08-10 18:20:23.697 | INFO     | selfmind_app.recall_capture.scanner:scan:103 - [RecallScanner] Scan complete: {'events_found': 0, 'entries_matched': 0, 'recalls_recorded': 0, 'adapters_scanned': 1, 'scan_duration_ms': 46}
   [Auto-sync] 264 active, 0 recalls, graph rebuilt
2026-08-10 18:25:24.661 | INFO     | selfmind_app.recall_capture.scanner:scan:66 - [RecallScanner] Starting scan since 2026-08-10 18:20:23.697206
2026-08-10 18:25:24.698 | INFO     | selfmind_app.recall_capture.scanner:scan:73 - [RecallScanner] hermes: found 0 events
2026-08-10 18:25:24.715 | INFO     | selfmind_app.recall_capture.scanner:scan:84 - [RecallScanner] Matched 0 entries from 0 events
2026-08-10 18:25:24.723 | INFO     | selfmind_app.recall_capture.scanner:scan:103 - [RecallScanner] Scan complete: {'events_found': 0, 'entries_matched': 0, 'recalls_recorded': 0, 'adapters_scanned': 1, 'scan_duration_ms': 61}
   [Auto-sync] 264 active, 0 recalls, graph rebuilt
2026-08-10 18:30:25.625 | INFO     | selfmind_app.recall_capture.scanner:scan:66 - [RecallScanner] Starting scan since 2026-08-10 18:25:24.722391
2026-08-10 18:30:25.654 | INFO     | selfmind_app.recall_capture.scanner:scan:73 - [RecallScanner] hermes: found 0 events
2026-08-10 18:30:25.664 | INFO     | selfmind_app.recall_capture.scanner:scan:84 - [RecallScanner] Matched 0 entries from 0 events
2026-08-10 18:30:25.671 | INFO     | selfmind_app.recall_capture.scanner:scan:103 - [RecallScanner] Scan complete: {'events_found': 0, 'entries_matched': 0, 'recalls_recorded': 0, 'adapters_scanned': 1, 'scan_duration_ms': 46}
   [Auto-sync] 264 active, 0 recalls, graph rebuilt
2026-08-10 18:35:26.941 | INFO     | selfmind_app.recall_capture.scanner:scan:66 - [RecallScanner] Starting scan since 2026-08-10 18:30:25.670748
2026-08-10 18:35:26.971 | INFO     | selfmind_app.recall_capture.scanner:scan:73 - [RecallScanner] hermes: found 0 events
2026-08-10 18:35:26.979 | INFO     | selfmind_app.recall_capture.scanner:scan:84 - [RecallScanner] Matched 0 entries from 0 events
2026-08-10 18:35:26.986 | INFO     | selfmind_app.recall_capture.scanner:scan:103 - [RecallScanner] Scan complete: {'events_found': 0, 'entries_matched': 0, 'recalls_recorded': 0, 'adapters_scanned': 1, 'scan_duration_ms': 45}
   [Auto-sync] 264 active, 0 recalls, graph rebuilt
2026-08-10 18:40:27.961 | INFO     | selfmind_app.recall_capture.scanner:scan:66 - [RecallScanner] Starting scan since 2026-08-10 18:35:26.986037
2026-08-10 18:40:27.990 | INFO     | selfmind_app.recall_capture.scanner:scan:73 - [RecallScanner] hermes: found 0 events
2026-08-10 18:40:27.998 | INFO     | selfmind_app.recall_capture.scanner:scan:84 - [RecallScanner] Matched 0 entries from 0 events
2026-08-10 18:40:28.005 | INFO     | selfmind_app.recall_capture.scanner:scan:103 - [RecallScanner] Scan complete: {'events_found': 0, 'entries_matched': 0, 'recalls_recorded': 0, 'adapters_scanned': 1, 'scan_duration_ms': 44}
   [Auto-sync] 264 active, 0 recalls, graph rebuilt
2026-08-10 18:45:28.995 | INFO     | selfmind_app.recall_capture.scanner:scan:66 - [RecallScanner] Starting scan since 2026-08-10 18:40:28.004977
2026-08-10 18:45:29.025 | INFO     | selfmind_app.recall_capture.scanner:scan:73 - [RecallScanner] hermes: found 0 events
2026-08-10 18:45:29.034 | INFO     | selfmind_app.recall_capture.scanner:scan:84 - [RecallScanner] Matched 0 entries from 0 events
2026-08-10 18:45:29.041 | INFO     | selfmind_app.recall_capture.scanner:scan:103 - [RecallScanner] Scan complete: {'events_found': 0, 'entries_matched': 0, 'recalls_recorded': 0, 'adapters_scanned': 1, 'scan_duration_ms': 46}
   [Auto-sync] 264 active, 0 recalls, graph rebuilt
2026-08-10 18:50:30.086 | INFO     | selfmind_app.recall_capture.scanner:scan:66 - [RecallScanner] Starting scan since 2026-08-10 18:45:29.040588
2026-08-10 18:50:30.116 | INFO     | selfmind_app.recall_capture.scanner:scan:73 - [RecallScanner] hermes: found 0 events
2026-08-10 18:50:30.124 | INFO     | selfmind_app.recall_capture.scanner:scan:84 - [RecallScanner] Matched 0 entries from 0 events
2026-08-10 18:50:30.131 | INFO     | selfmind_app.recall_capture.scanner:scan:103 - [RecallScanner] Scan complete: {'events_found': 0, 'entries_matched': 0, 'recalls_recorded': 0, 'adapters_scanned': 1, 'scan_duration_ms': 45}
   [Auto-sync] 264 active, 0 recalls, graph rebuilt
2026-08-10 18:55:31.110 | INFO     | selfmind_app.recall_capture.scanner:scan:66 - [RecallScanner] Starting scan since 2026-08-10 18:50:30.130915
2026-08-10 18:55:31.140 | INFO     | selfmind_app.recall_capture.scanner:scan:73 - [RecallScanner] hermes: found 0 events
2026-08-10 18:55:31.148 | INFO     | selfmind_app.recall_capture.scanner:scan:84 - [RecallScanner] Matched 0 entries from 0 events
2026-08-10 18:55:31.155 | INFO     | selfmind_app.recall_capture.scanner:scan:103 - [RecallScanner] Scan complete: {'events_found': 0, 'entries_matched': 0, 'recalls_recorded': 0, 'adapters_scanned': 1, 'scan_duration_ms': 44}
   [Auto-sync] 264 active, 0 recalls, graph rebuilt
2026-08-10 19:00:32.004 | INFO     | selfmind_app.recall_capture.scanner:scan:66 - [RecallScanner] Starting scan since 2026-08-10 18:55:31.154962
2026-08-10 19:00:32.032 | INFO     | selfmind_app.recall_capture.scanner:scan:73 - [RecallScanner] hermes: found 0 events
2026-08-10 19:00:32.040 | INFO     | selfmind_app.recall_capture.scanner:scan:84 - [RecallScanner] Matched 0 entries from 0 events
2026-08-10 19:00:32.047 | INFO     | selfmind_app.recall_capture.scanner:scan:103 - [RecallScanner] Scan complete: {'events_found': 0, 'entries_matched': 0, 'recalls_recorded': 0, 'adapters_scanned': 1, 'scan_duration_ms': 43}
   [Auto-sync] 264 active, 0 recalls, graph rebuilt
2026-08-10 19:05:32.979 | INFO     | selfmind_app.recall_capture.scanner:scan:66 - [RecallScanner] Starting scan since 2026-08-10 19:00:32.046895
2026-08-10 19:05:33.007 | INFO     | selfmind_app.recall_capture.scanner:scan:73 - [RecallScanner] hermes: found 0 events
2026-08-10 19:05:33.016 | INFO     | selfmind_app.recall_capture.scanner:scan:84 - [RecallScanner] Matched 0 entries from 0 events
2026-08-10 19:05:33.023 | INFO     | selfmind_app.recall_capture.scanner:scan:103 - [RecallScanner] Scan complete: {'events_found': 0, 'entries_matched': 0, 'recalls_recorded': 0, 'adapters_scanned': 1, 'scan_duration_ms': 44}
   [Auto-sync] 264 active, 0 recalls, graph rebuilt
2026-08-10 19:10:33.903 | INFO     | selfmind_app.recall_capture.scanner:scan:66 - [RecallScanner] Starting scan since 2026-08-10 19:05:33.022561
2026-08-10 19:10:33.931 | INFO     | selfmind_app.recall_capture.scanner:scan:73 - [RecallScanner] hermes: found 0 events
2026-08-10 19:10:33.939 | INFO     | selfmind_app.recall_capture.scanner:scan:84 - [RecallScanner] Matched 0 entries from 0 events
2026-08-10 19:10:33.945 | INFO     | selfmind_app.recall_capture.scanner:scan:103 - [RecallScanner] Scan complete: {'events_found': 0, 'entries_matched': 0, 'recalls_recorded': 0, 'adapters_scanned': 1, 'scan_duration_ms': 42}
   [Auto-sync] 264 active, 0 recalls, graph rebuilt
2026-08-10 19:15:34.931 | INFO     | selfmind_app.recall_capture.scanner:scan:66 - [RecallScanner] Starting scan since 2026-08-10 19:10:33.945039
2026-08-10 19:15:34.956 | INFO     | selfmind_app.recall_capture.scanner:scan:73 - [RecallScanner] hermes: found 0 events
2026-08-10 19:15:34.968 | INFO     | selfmind_app.recall_capture.scanner:scan:84 - [RecallScanner] Matched 0 entries from 0 events
2026-08-10 19:15:34.975 | INFO     | selfmind_app.recall_capture.scanner:scan:103 - [RecallScanner] Scan complete: {'events_found': 0, 'entries_matched': 0, 'recalls_recorded': 0, 'adapters_scanned': 1, 'scan_duration_ms': 44}
   [Auto-sync] 264 active, 0 recalls, graph rebuilt
2026-08-10 19:20:36.003 | INFO     | selfmind_app.recall_capture.scanner:scan:66 - [RecallScanner] Starting scan since 2026-08-10 19:15:34.974631
2026-08-10 19:20:36.035 | INFO     | selfmind_app.recall_capture.scanner:scan:73 - [RecallScanner] hermes: found 0 events
2026-08-10 19:20:36.043 | INFO     | selfmind_app.recall_capture.scanner:scan:84 - [RecallScanner] Matched 0 entries from 0 events
2026-08-10 19:20:36.051 | INFO     | selfmind_app.recall_capture.scanner:scan:103 - [RecallScanner] Scan complete: {'events_found': 0, 'entries_matched': 0, 'recalls_recorded': 0, 'adapters_scanned': 1, 'scan_duration_ms': 48}
   [Auto-sync] 264 active, 0 recalls, graph rebuilt
2026-08-10 19:25:36.970 | INFO     | selfmind_app.recall_capture.scanner:scan:66 - [RecallScanner] Starting scan since 2026-08-10 19:20:36.050556
2026-08-10 19:25:36.999 | INFO     | selfmind_app.recall_capture.scanner:scan:73 - [RecallScanner] hermes: found 0 events
2026-08-10 19:25:37.007 | INFO     | selfmind_app.recall_capture.scanner:scan:84 - [RecallScanner] Matched 0 entries from 0 events
2026-08-10 19:25:37.017 | INFO     | selfmind_app.recall_capture.scanner:scan:103 - [RecallScanner] Scan complete: {'events_found': 0, 'entries_matched': 0, 'recalls_recorded': 0, 'adapters_scanned': 1, 'scan_duration_ms': 47}
   [Auto-sync] 264 active, 0 recalls, graph rebuilt
2026-08-10 19:30:37.839 | INFO     | selfmind_app.recall_capture.scanner:scan:66 - [RecallScanner] Starting scan since 2026-08-10 19:25:37.016812
2026-08-10 19:30:37.868 | INFO     | selfmind_app.recall_capture.scanner:scan:73 - [RecallScanner] hermes: found 0 events
2026-08-10 19:30:37.881 | INFO     | selfmind_app.recall_capture.scanner:scan:84 - [RecallScanner] Matched 0 entries from 0 events
2026-08-10 19:30:37.888 | INFO     | selfmind_app.recall_capture.scanner:scan:103 - [RecallScanner] Scan complete: {'events_found': 0, 'entries_matched': 0, 'recalls_recorded': 0, 'adapters_scanned': 1, 'scan_duration_ms': 49}
   [Auto-sync] 264 active, 0 recalls, graph rebuilt
2026-08-10 19:35:38.832 | INFO     | selfmind_app.recall_capture.scanner:scan:66 - [RecallScanner] Starting scan since 2026-08-10 19:30:37.888067
2026-08-10 19:35:38.863 | INFO     | selfmind_app.recall_capture.scanner:scan:73 - [RecallScanner] hermes: found 0 events
2026-08-10 19:35:38.870 | INFO     | selfmind_app.recall_capture.scanner:scan:84 - [RecallScanner] Matched 0 entries from 0 events
2026-08-10 19:35:38.876 | INFO     | selfmind_app.recall_capture.scanner:scan:103 - [RecallScanner] Scan complete: {'events_found': 0, 'entries_matched': 0, 'recalls_recorded': 0, 'adapters_scanned': 1, 'scan_duration_ms': 44}
   [Auto-sync] 264 active, 0 recalls, graph rebuilt
2026-08-10 19:40:39.844 | INFO     | selfmind_app.recall_capture.scanner:scan:66 - [RecallScanner] Starting scan since 2026-08-10 19:35:38.876217
2026-08-10 19:40:39.872 | INFO     | selfmind_app.recall_capture.scanner:scan:73 - [RecallScanner] hermes: found 0 events
2026-08-10 19:40:39.882 | INFO     | selfmind_app.recall_capture.scanner:scan:84 - [RecallScanner] Matched 0 entries from 0 events
2026-08-10 19:40:39.888 | INFO     | selfmind_app.recall_capture.scanner:scan:103 - [RecallScanner] Scan complete: {'events_found': 0, 'entries_matched': 0, 'recalls_recorded': 0, 'adapters_scanned': 1, 'scan_duration_ms': 44}
   [Auto-sync] 264 active, 0 recalls, graph rebuilt
2026-08-10 19:45:40.846 | INFO     | selfmind_app.recall_capture.scanner:scan:66 - [RecallScanner] Starting scan since 2026-08-10 19:40:39.887911
2026-08-10 19:45:40.874 | INFO     | selfmind_app.recall_capture.scanner:scan:73 - [RecallScanner] hermes: found 0 events
2026-08-10 19:45:40.881 | INFO     | selfmind_app.recall_capture.scanner:scan:84 - [RecallScanner] Matched 0 entries from 0 events
2026-08-10 19:45:40.887 | INFO     | selfmind_app.recall_capture.scanner:scan:103 - [RecallScanner] Scan complete: {'events_found': 0, 'entries_matched': 0, 'recalls_recorded': 0, 'adapters_scanned': 1, 'scan_duration_ms': 41}
   [Auto-sync] 264 active, 0 recalls, graph rebuilt
2026-08-10 19:50:41.747 | INFO     | selfmind_app.recall_capture.scanner:scan:66 - [RecallScanner] Starting scan since 2026-08-10 19:45:40.887125
2026-08-10 19:50:41.775 | INFO     | selfmind_app.recall_capture.scanner:scan:73 - [RecallScanner] hermes: found 0 events
2026-08-10 19:50:41.782 | INFO     | selfmind_app.recall_capture.scanner:scan:84 - [RecallScanner] Matched 0 entries from 0 events
2026-08-10 19:50:41.788 | INFO     | selfmind_app.recall_capture.scanner:scan:103 - [RecallScanner] Scan complete: {'events_found': 0, 'entries_matched': 0, 'recalls_recorded': 0, 'adapters_scanned': 1, 'scan_duration_ms': 41}
   [Auto-sync] 264 active, 0 recalls, graph rebuilt
2026-08-10 19:55:42.743 | INFO     | selfmind_app.recall_capture.scanner:scan:66 - [RecallScanner] Starting scan since 2026-08-10 19:50:41.788242
2026-08-10 19:55:42.770 | INFO     | selfmind_app.recall_capture.scanner:scan:73 - [RecallScanner] hermes: found 0 events
2026-08-10 19:55:42.777 | INFO     | selfmind_app.recall_capture.scanner:scan:84 - [RecallScanner] Matched 0 entries from 0 events
2026-08-10 19:55:42.784 | INFO     | selfmind_app.recall_capture.scanner:scan:103 - [RecallScanner] Scan complete: {'events_found': 0, 'entries_matched': 0, 'recalls_recorded': 0, 'adapters_scanned': 1, 'scan_duration_ms': 40}
   [Auto-sync] 264 active, 0 recalls, graph rebuilt
2026-08-10 20:00:43.644 | INFO     | selfmind_app.recall_capture.scanner:scan:66 - [RecallScanner] Starting scan since 2026-08-10 19:55:42.783452
2026-08-10 20:00:43.672 | INFO     | selfmind_app.recall_capture.scanner:scan:73 - [RecallScanner] hermes: found 0 events
2026-08-10 20:00:43.680 | INFO     | selfmind_app.recall_capture.scanner:scan:84 - [RecallScanner] Matched 0 entries from 0 events
2026-08-10 20:00:43.686 | INFO     | selfmind_app.recall_capture.scanner:scan:103 - [RecallScanner] Scan complete: {'events_found': 0, 'entries_matched': 0, 'recalls_recorded': 0, 'adapters_scanned': 1, 'scan_duration_ms': 42}
   [Auto-sync] 264 active, 0 recalls, graph rebuilt
2026-08-10 20:05:44.551 | INFO     | selfmind_app.recall_capture.scanner:scan:66 - [RecallScanner] Starting scan since 2026-08-10 20:00:43.685731
2026-08-10 20:05:44.579 | INFO     | selfmind_app.recall_capture.scanner:scan:73 - [RecallScanner] hermes: found 0 events
2026-08-10 20:05:44.587 | INFO     | selfmind_app.recall_capture.scanner:scan:84 - [RecallScanner] Matched 0 entries from 0 events
2026-08-10 20:05:44.593 | INFO     | selfmind_app.recall_capture.scanner:scan:103 - [RecallScanner] Scan complete: {'events_found': 0, 'entries_matched': 0, 'recalls_recorded': 0, 'adapters_scanned': 1, 'scan_duration_ms': 42}
   [Auto-sync] 264 active, 0 recalls, graph rebuilt
2026-08-10 20:10:45.587 | INFO     | selfmind_app.recall_capture.scanner:scan:66 - [RecallScanner] Starting scan since 2026-08-10 20:05:44.592693
2026-08-10 20:10:45.614 | INFO     | selfmind_app.recall_capture.scanner:scan:73 - [RecallScanner] hermes: found 0 events
2026-08-10 20:10:45.621 | INFO     | selfmind_app.recall_capture.scanner:scan:84 - [RecallScanner] Matched 0 entries from 0 events
2026-08-10 20:10:45.627 | INFO     | selfmind_app.recall_capture.scanner:scan:103 - [RecallScanner] Scan complete: {'events_found': 0, 'entries_matched': 0, 'recalls_recorded': 0, 'adapters_scanned': 1, 'scan_duration_ms': 40}
   [Auto-sync] 264 active, 0 recalls, graph rebuilt
2026-08-10 20:15:46.672 | INFO     | selfmind_app.recall_capture.scanner:scan:66 - [RecallScanner] Starting scan since 2026-08-10 20:10:45.626758
2026-08-10 20:15:46.700 | INFO     | selfmind_app.recall_capture.scanner:scan:73 - [RecallScanner] hermes: found 0 events
2026-08-10 20:15:46.707 | INFO     | selfmind_app.recall_capture.scanner:scan:84 - [RecallScanner] Matched 0 entries from 0 events
2026-08-10 20:15:46.713 | INFO     | selfmind_app.recall_capture.scanner:scan:103 - [RecallScanner] Scan complete: {'events_found': 0, 'entries_matched': 0, 'recalls_recorded': 0, 'adapters_scanned': 1, 'scan_duration_ms': 41}
   [Auto-sync] 264 active, 0 recalls, graph rebuilt
2026-08-10 20:20:47.550 | INFO     | selfmind_app.recall_capture.scanner:scan:66 - [RecallScanner] Starting scan since 2026-08-10 20:15:46.713271
2026-08-10 20:20:47.578 | INFO     | selfmind_app.recall_capture.scanner:scan:73 - [RecallScanner] hermes: found 0 events
2026-08-10 20:20:47.585 | INFO     | selfmind_app.recall_capture.scanner:scan:84 - [RecallScanner] Matched 0 entries from 0 events
2026-08-10 20:20:47.591 | INFO     | selfmind_app.recall_capture.scanner:scan:103 - [RecallScanner] Scan complete: {'events_found': 0, 'entries_matched': 0, 'recalls_recorded': 0, 'adapters_scanned': 1, 'scan_duration_ms': 41}
   [Auto-sync] 264 active, 0 recalls, graph rebuilt
2026-08-10 20:25:48.545 | INFO     | selfmind_app.recall_capture.scanner:scan:66 - [RecallScanner] Starting scan since 2026-08-10 20:20:47.590846
2026-08-10 20:25:48.572 | INFO     | selfmind_app.recall_capture.scanner:scan:73 - [RecallScanner] hermes: found 0 events
2026-08-10 20:25:48.581 | INFO     | selfmind_app.recall_capture.scanner:scan:84 - [RecallScanner] Matched 0 entries from 0 events
2026-08-10 20:25:48.588 | INFO     | selfmind_app.recall_capture.scanner:scan:103 - [RecallScanner] Scan complete: {'events_found': 0, 'entries_matched': 0, 'recalls_recorded': 0, 'adapters_scanned': 1, 'scan_duration_ms': 43}
   [Auto-sync] 264 active, 0 recalls, graph rebuilt
2026-08-10 20:30:49.565 | INFO     | selfmind_app.recall_capture.scanner:scan:66 - [RecallScanner] Starting scan since 2026-08-10 20:25:48.587268
2026-08-10 20:30:49.592 | INFO     | selfmind_app.recall_capture.scanner:scan:73 - [RecallScanner] hermes: found 0 events
2026-08-10 20:30:49.599 | INFO     | selfmind_app.recall_capture.scanner:scan:84 - [RecallScanner] Matched 0 entries from 0 events
2026-08-10 20:30:49.608 | INFO     | selfmind_app.recall_capture.scanner:scan:103 - [RecallScanner] Scan complete: {'events_found': 0, 'entries_matched': 0, 'recalls_recorded': 0, 'adapters_scanned': 1, 'scan_duration_ms': 43}
   [Auto-sync] 264 active, 0 recalls, graph rebuilt
2026-08-10 20:35:50.581 | INFO     | selfmind_app.recall_capture.scanner:scan:66 - [RecallScanner] Starting scan since 2026-08-10 20:30:49.607863
2026-08-10 20:35:50.606 | INFO     | selfmind_app.recall_capture.scanner:scan:73 - [RecallScanner] hermes: found 0 events
2026-08-10 20:35:50.616 | INFO     | selfmind_app.recall_capture.scanner:scan:84 - [RecallScanner] Matched 0 entries from 0 events
2026-08-10 20:35:50.622 | INFO     | selfmind_app.recall_capture.scanner:scan:103 - [RecallScanner] Scan complete: {'events_found': 0, 'entries_matched': 0, 'recalls_recorded': 0, 'adapters_scanned': 1, 'scan_duration_ms': 41}
   [Auto-sync] 264 active, 0 recalls, graph rebuilt
2026-08-10 20:40:51.592 | INFO     | selfmind_app.recall_capture.scanner:scan:66 - [RecallScanner] Starting scan since 2026-08-10 20:35:50.622059
2026-08-10 20:40:51.620 | INFO     | selfmind_app.recall_capture.scanner:scan:73 - [RecallScanner] hermes: found 0 events
2026-08-10 20:40:51.627 | INFO     | selfmind_app.recall_capture.scanner:scan:84 - [RecallScanner] Matched 0 entries from 0 events
2026-08-10 20:40:51.634 | INFO     | selfmind_app.recall_capture.scanner:scan:103 - [RecallScanner] Scan complete: {'events_found': 0, 'entries_matched': 0, 'recalls_recorded': 0, 'adapters_scanned': 1, 'scan_duration_ms': 41}
   [Auto-sync] 264 active, 0 recalls, graph rebuilt
2026-08-10 20:45:52.486 | INFO     | selfmind_app.recall_capture.scanner:scan:66 - [RecallScanner] Starting scan since 2026-08-10 20:40:51.633697
2026-08-10 20:45:52.518 | INFO     | selfmind_app.recall_capture.scanner:scan:73 - [RecallScanner] hermes: found 0 events
2026-08-10 20:45:52.526 | INFO     | selfmind_app.recall_capture.scanner:scan:84 - [RecallScanner] Matched 0 entries from 0 events
2026-08-10 20:45:52.533 | INFO     | selfmind_app.recall_capture.scanner:scan:103 - [RecallScanner] Scan complete: {'events_found': 0, 'entries_matched': 0, 'recalls_recorded': 0, 'adapters_scanned': 1, 'scan_duration_ms': 47}
   [Auto-sync] 264 active, 0 recalls, graph rebuilt
2026-08-10 20:50:53.536 | INFO     | selfmind_app.recall_capture.scanner:scan:66 - [RecallScanner] Starting scan since 2026-08-10 20:45:52.533130
2026-08-10 20:50:53.564 | INFO     | selfmind_app.recall_capture.scanner:scan:73 - [RecallScanner] hermes: found 0 events
2026-08-10 20:50:53.572 | INFO     | selfmind_app.recall_capture.scanner:scan:84 - [RecallScanner] Matched 0 entries from 0 events
2026-08-10 20:50:53.578 | INFO     | selfmind_app.recall_capture.scanner:scan:103 - [RecallScanner] Scan complete: {'events_found': 0, 'entries_matched': 0, 'recalls_recorded': 0, 'adapters_scanned': 1, 'scan_duration_ms': 41}
   [Auto-sync] 264 active, 0 recalls, graph rebuilt
2026-08-10 20:55:54.561 | INFO     | selfmind_app.recall_capture.scanner:scan:66 - [RecallScanner] Starting scan since 2026-08-10 20:50:53.577458
2026-08-10 20:55:54.589 | INFO     | selfmind_app.recall_capture.scanner:scan:73 - [RecallScanner] hermes: found 0 events
2026-08-10 20:55:54.596 | INFO     | selfmind_app.recall_capture.scanner:scan:84 - [RecallScanner] Matched 0 entries from 0 events
2026-08-10 20:55:54.603 | INFO     | selfmind_app.recall_capture.scanner:scan:103 - [RecallScanner] Scan complete: {'events_found': 0, 'entries_matched': 0, 'recalls_recorded': 0, 'adapters_scanned': 1, 'scan_duration_ms': 41}
   [Auto-sync] 264 active, 0 recalls, graph rebuilt
2026-08-10 21:00:55.492 | INFO     | selfmind_app.recall_capture.scanner:scan:66 - [RecallScanner] Starting scan since 2026-08-10 20:55:54.602352
2026-08-10 21:00:55.520 | INFO     | selfmind_app.recall_capture.scanner:scan:73 - [RecallScanner] hermes: found 0 events
2026-08-10 21:00:55.527 | INFO     | selfmind_app.recall_capture.scanner:scan:84 - [RecallScanner] Matched 0 entries from 0 events
2026-08-10 21:00:55.533 | INFO     | selfmind_app.recall_capture.scanner:scan:103 - [RecallScanner] Scan complete: {'events_found': 0, 'entries_matched': 0, 'recalls_recorded': 0, 'adapters_scanned': 1, 'scan_duration_ms': 41}
   [Auto-sync] 264 active, 0 recalls, graph rebuilt
2026-08-10 21:05:56.537 | INFO     | selfmind_app.recall_capture.scanner:scan:66 - [RecallScanner] Starting scan since 2026-08-10 21:00:55.532988
2026-08-10 21:05:56.567 | INFO     | selfmind_app.recall_capture.scanner:scan:73 - [RecallScanner] hermes: found 0 events
2026-08-10 21:05:56.574 | INFO     | selfmind_app.recall_capture.scanner:scan:84 - [RecallScanner] Matched 0 entries from 0 events
2026-08-10 21:05:56.580 | INFO     | selfmind_app.recall_capture.scanner:scan:103 - [RecallScanner] Scan complete: {'events_found': 0, 'entries_matched': 0, 'recalls_recorded': 0, 'adapters_scanned': 1, 'scan_duration_ms': 42}
   [Auto-sync] 264 active, 0 recalls, graph rebuilt
2026-08-10 21:10:57.565 | INFO     | selfmind_app.recall_capture.scanner:scan:66 - [RecallScanner] Starting scan since 2026-08-10 21:05:56.580067
2026-08-10 21:10:57.597 | INFO     | selfmind_app.recall_capture.scanner:scan:73 - [RecallScanner] hermes: found 0 events
2026-08-10 21:10:57.605 | INFO     | selfmind_app.recall_capture.scanner:scan:84 - [RecallScanner] Matched 0 entries from 0 events
2026-08-10 21:10:57.611 | INFO     | selfmind_app.recall_capture.scanner:scan:103 - [RecallScanner] Scan complete: {'events_found': 0, 'entries_matched': 0, 'recalls_recorded': 0, 'adapters_scanned': 1, 'scan_duration_ms': 47}
   [Auto-sync] 264 active, 0 recalls, graph rebuilt
2026-08-10 21:15:58.577 | INFO     | selfmind_app.recall_capture.scanner:scan:66 - [RecallScanner] Starting scan since 2026-08-10 21:10:57.611266
2026-08-10 21:15:58.605 | INFO     | selfmind_app.recall_capture.scanner:scan:73 - [RecallScanner] hermes: found 0 events
2026-08-10 21:15:58.612 | INFO     | selfmind_app.recall_capture.scanner:scan:84 - [RecallScanner] Matched 0 entries from 0 events
2026-08-10 21:15:58.618 | INFO     | selfmind_app.recall_capture.scanner:scan:103 - [RecallScanner] Scan complete: {'events_found': 0, 'entries_matched': 0, 'recalls_recorded': 0, 'adapters_scanned': 1, 'scan_duration_ms': 40}
   [Auto-sync] 264 active, 0 recalls, graph rebuilt
2026-08-10 21:20:59.573 | INFO     | selfmind_app.recall_capture.scanner:scan:66 - [RecallScanner] Starting scan since 2026-08-10 21:15:58.617571
2026-08-10 21:20:59.603 | INFO     | selfmind_app.recall_capture.scanner:scan:73 - [RecallScanner] hermes: found 0 events
2026-08-10 21:20:59.610 | INFO     | selfmind_app.recall_capture.scanner:scan:84 - [RecallScanner] Matched 0 entries from 0 events
2026-08-10 21:20:59.617 | INFO     | selfmind_app.recall_capture.scanner:scan:103 - [RecallScanner] Scan complete: {'events_found': 0, 'entries_matched': 0, 'recalls_recorded': 0, 'adapters_scanned': 1, 'scan_duration_ms': 43}
   [Auto-sync] 264 active, 0 recalls, graph rebuilt
2026-08-10 21:26:00.522 | INFO     | selfmind_app.recall_capture.scanner:scan:66 - [RecallScanner] Starting scan since 2026-08-10 21:20:59.616410
2026-08-10 21:26:00.550 | INFO     | selfmind_app.recall_capture.scanner:scan:73 - [RecallScanner] hermes: found 0 events
2026-08-10 21:26:00.557 | INFO     | selfmind_app.recall_capture.scanner:scan:84 - [RecallScanner] Matched 0 entries from 0 events
2026-08-10 21:26:00.563 | INFO     | selfmind_app.recall_capture.scanner:scan:103 - [RecallScanner] Scan complete: {'events_found': 0, 'entries_matched': 0, 'recalls_recorded': 0, 'adapters_scanned': 1, 'scan_duration_ms': 41}
   [Auto-sync] 264 active, 0 recalls, graph rebuilt
2026-08-10 21:31:01.540 | INFO     | selfmind_app.recall_capture.scanner:scan:66 - [RecallScanner] Starting scan since 2026-08-10 21:26:00.563323
2026-08-10 21:31:01.568 | INFO     | selfmind_app.recall_capture.scanner:scan:73 - [RecallScanner] hermes: found 0 events
2026-08-10 21:31:01.575 | INFO     | selfmind_app.recall_capture.scanner:scan:84 - [RecallScanner] Matched 0 entries from 0 events
2026-08-10 21:31:01.581 | INFO     | selfmind_app.recall_capture.scanner:scan:103 - [RecallScanner] Scan complete: {'events_found': 0, 'entries_matched': 0, 'recalls_recorded': 0, 'adapters_scanned': 1, 'scan_duration_ms': 41}
   [Auto-sync] 264 active, 0 recalls, graph rebuilt
2026-08-10 21:36:02.525 | INFO     | selfmind_app.recall_capture.scanner:scan:66 - [RecallScanner] Starting scan since 2026-08-10 21:31:01.580654
2026-08-10 21:36:02.554 | INFO     | selfmind_app.recall_capture.scanner:scan:73 - [RecallScanner] hermes: found 0 events
2026-08-10 21:36:02.562 | INFO     | selfmind_app.recall_capture.scanner:scan:84 - [RecallScanner] Matched 0 entries from 0 events
2026-08-10 21:36:02.568 | INFO     | selfmind_app.recall_capture.scanner:scan:103 - [RecallScanner] Scan complete: {'events_found': 0, 'entries_matched': 0, 'recalls_recorded': 0, 'adapters_scanned': 1, 'scan_duration_ms': 42}
   [Auto-sync] 264 active, 0 recalls, graph rebuilt
2026-08-10 21:41:03.414 | INFO     | selfmind_app.recall_capture.scanner:scan:66 - [RecallScanner] Starting scan since 2026-08-10 21:36:02.567568
2026-08-10 21:41:03.442 | INFO     | selfmind_app.recall_capture.scanner:scan:73 - [RecallScanner] hermes: found 0 events
2026-08-10 21:41:03.449 | INFO     | selfmind_app.recall_capture.scanner:scan:84 - [RecallScanner] Matched 0 entries from 0 events
2026-08-10 21:41:03.460 | INFO     | selfmind_app.recall_capture.scanner:scan:103 - [RecallScanner] Scan complete: {'events_found': 0, 'entries_matched': 0, 'recalls_recorded': 0, 'adapters_scanned': 1, 'scan_duration_ms': 46}
   [Auto-sync] 264 active, 0 recalls, graph rebuilt
2026-08-10 21:46:04.482 | INFO     | selfmind_app.recall_capture.scanner:scan:66 - [RecallScanner] Starting scan since 2026-08-10 21:41:03.460187
2026-08-10 21:46:04.513 | INFO     | selfmind_app.recall_capture.scanner:scan:73 - [RecallScanner] hermes: found 0 events
2026-08-10 21:46:04.521 | INFO     | selfmind_app.recall_capture.scanner:scan:84 - [RecallScanner] Matched 0 entries from 0 events
2026-08-10 21:46:04.528 | INFO     | selfmind_app.recall_capture.scanner:scan:103 - [RecallScanner] Scan complete: {'events_found': 0, 'entries_matched': 0, 'recalls_recorded': 0, 'adapters_scanned': 1, 'scan_duration_ms': 45}
   [Auto-sync] 264 active, 0 recalls, graph rebuilt
2026-08-10 21:51:05.508 | INFO     | selfmind_app.recall_capture.scanner:scan:66 - [RecallScanner] Starting scan since 2026-08-10 21:46:04.527400
2026-08-10 21:51:05.537 | INFO     | selfmind_app.recall_capture.scanner:scan:73 - [RecallScanner] hermes: found 0 events
2026-08-10 21:51:05.544 | INFO     | selfmind_app.recall_capture.scanner:scan:84 - [RecallScanner] Matched 0 entries from 0 events
2026-08-10 21:51:05.551 | INFO     | selfmind_app.recall_capture.scanner:scan:103 - [RecallScanner] Scan complete: {'events_found': 0, 'entries_matched': 0, 'recalls_recorded': 0, 'adapters_scanned': 1, 'scan_duration_ms': 42}
   [Auto-sync] 264 active, 0 recalls, graph rebuilt
2026-08-10 21:56:06.449 | INFO     | selfmind_app.recall_capture.scanner:scan:66 - [RecallScanner] Starting scan since 2026-08-10 21:51:05.550394
2026-08-10 21:56:06.477 | INFO     | selfmind_app.recall_capture.scanner:scan:73 - [RecallScanner] hermes: found 0 events
2026-08-10 21:56:06.485 | INFO     | selfmind_app.recall_capture.scanner:scan:84 - [RecallScanner] Matched 0 entries from 0 events
2026-08-10 21:56:06.491 | INFO     | selfmind_app.recall_capture.scanner:scan:103 - [RecallScanner] Scan complete: {'events_found': 0, 'entries_matched': 0, 'recalls_recorded': 0, 'adapters_scanned': 1, 'scan_duration_ms': 42}
   [Auto-sync] 264 active, 0 recalls, graph rebuilt
2026-08-10 22:01:07.417 | INFO     | selfmind_app.recall_capture.scanner:scan:66 - [RecallScanner] Starting scan since 2026-08-10 21:56:06.490833
2026-08-10 22:01:07.446 | INFO     | selfmind_app.recall_capture.scanner:scan:73 - [RecallScanner] hermes: found 0 events
2026-08-10 22:01:07.453 | INFO     | selfmind_app.recall_capture.scanner:scan:84 - [RecallScanner] Matched 0 entries from 0 events
2026-08-10 22:01:07.459 | INFO     | selfmind_app.recall_capture.scanner:scan:103 - [RecallScanner] Scan complete: {'events_found': 0, 'entries_matched': 0, 'recalls_recorded': 0, 'adapters_scanned': 1, 'scan_duration_ms': 41}
   [Auto-sync] 264 active, 0 recalls, graph rebuilt
2026-08-10 22:06:08.365 | INFO     | selfmind_app.recall_capture.scanner:scan:66 - [RecallScanner] Starting scan since 2026-08-10 22:01:07.458480
2026-08-10 22:06:08.395 | INFO     | selfmind_app.recall_capture.scanner:scan:73 - [RecallScanner] hermes: found 0 events
2026-08-10 22:06:08.402 | INFO     | selfmind_app.recall_capture.scanner:scan:84 - [RecallScanner] Matched 0 entries from 0 events
2026-08-10 22:06:08.408 | INFO     | selfmind_app.recall_capture.scanner:scan:103 - [RecallScanner] Scan complete: {'events_found': 0, 'entries_matched': 0, 'recalls_recorded': 0, 'adapters_scanned': 1, 'scan_duration_ms': 42}
   [Auto-sync] 264 active, 0 recalls, graph rebuilt
2026-08-10 22:11:09.406 | INFO     | selfmind_app.recall_capture.scanner:scan:66 - [RecallScanner] Starting scan since 2026-08-10 22:06:08.408079
2026-08-10 22:11:09.435 | INFO     | selfmind_app.recall_capture.scanner:scan:73 - [RecallScanner] hermes: found 0 events
2026-08-10 22:11:09.442 | INFO     | selfmind_app.recall_capture.scanner:scan:84 - [RecallScanner] Matched 0 entries from 0 events
2026-08-10 22:11:09.448 | INFO     | selfmind_app.recall_capture.scanner:scan:103 - [RecallScanner] Scan complete: {'events_found': 0, 'entries_matched': 0, 'recalls_recorded': 0, 'adapters_scanned': 1, 'scan_duration_ms': 42}
   [Auto-sync] 264 active, 0 recalls, graph rebuilt
2026-08-10 22:16:10.379 | INFO     | selfmind_app.recall_capture.scanner:scan:66 - [RecallScanner] Starting scan since 2026-08-10 22:11:09.448000
2026-08-10 22:16:10.407 | INFO     | selfmind_app.recall_capture.scanner:scan:73 - [RecallScanner] hermes: found 0 events
2026-08-10 22:16:10.414 | INFO     | selfmind_app.recall_capture.scanner:scan:84 - [RecallScanner] Matched 0 entries from 0 events
2026-08-10 22:16:10.421 | INFO     | selfmind_app.recall_capture.scanner:scan:103 - [RecallScanner] Scan complete: {'events_found': 0, 'entries_matched': 0, 'recalls_recorded': 0, 'adapters_scanned': 1, 'scan_duration_ms': 41}
   [Auto-sync] 264 active, 0 recalls, graph rebuilt
2026-08-10 22:21:11.261 | INFO     | selfmind_app.recall_capture.scanner:scan:66 - [RecallScanner] Starting scan since 2026-08-10 22:16:10.420810
2026-08-10 22:21:11.287 | INFO     | selfmind_app.recall_capture.scanner:scan:73 - [RecallScanner] hermes: found 0 events
2026-08-10 22:21:11.298 | INFO     | selfmind_app.recall_capture.scanner:scan:84 - [RecallScanner] Matched 0 entries from 0 events
2026-08-10 22:21:11.305 | INFO     | selfmind_app.recall_capture.scanner:scan:103 - [RecallScanner] Scan complete: {'events_found': 0, 'entries_matched': 0, 'recalls_recorded': 0, 'adapters_scanned': 1, 'scan_duration_ms': 43}
   [Auto-sync] 264 active, 0 recalls, graph rebuilt
2026-08-10 22:26:12.272 | INFO     | selfmind_app.recall_capture.scanner:scan:66 - [RecallScanner] Starting scan since 2026-08-10 22:21:11.304545
2026-08-10 22:26:12.300 | INFO     | selfmind_app.recall_capture.scanner:scan:73 - [RecallScanner] hermes: found 0 events
2026-08-10 22:26:12.307 | INFO     | selfmind_app.recall_capture.scanner:scan:84 - [RecallScanner] Matched 0 entries from 0 events
2026-08-10 22:26:12.313 | INFO     | selfmind_app.recall_capture.scanner:scan:103 - [RecallScanner] Scan complete: {'events_found': 0, 'entries_matched': 0, 'recalls_recorded': 0, 'adapters_scanned': 1, 'scan_duration_ms': 41}
   [Auto-sync] 264 active, 0 recalls, graph rebuilt
2026-08-10 22:31:13.168 | INFO     | selfmind_app.recall_capture.scanner:scan:66 - [RecallScanner] Starting scan since 2026-08-10 22:26:12.313101
2026-08-10 22:31:13.198 | INFO     | selfmind_app.recall_capture.scanner:scan:73 - [RecallScanner] hermes: found 0 events
2026-08-10 22:31:13.206 | INFO     | selfmind_app.recall_capture.scanner:scan:84 - [RecallScanner] Matched 0 entries from 0 events
2026-08-10 22:31:13.212 | INFO     | selfmind_app.recall_capture.scanner:scan:103 - [RecallScanner] Scan complete: {'events_found': 0, 'entries_matched': 0, 'recalls_recorded': 0, 'adapters_scanned': 1, 'scan_duration_ms': 43}
   [Auto-sync] 264 active, 0 recalls, graph rebuilt
2026-08-10 22:36:14.157 | INFO     | selfmind_app.recall_capture.scanner:scan:66 - [RecallScanner] Starting scan since 2026-08-10 22:31:13.211758
2026-08-10 22:36:14.189 | INFO     | selfmind_app.recall_capture.scanner:scan:73 - [RecallScanner] hermes: found 0 events
2026-08-10 22:36:14.198 | INFO     | selfmind_app.recall_capture.scanner:scan:84 - [RecallScanner] Matched 0 entries from 0 events
2026-08-10 22:36:14.205 | INFO     | selfmind_app.recall_capture.scanner:scan:103 - [RecallScanner] Scan complete: {'events_found': 0, 'entries_matched': 0, 'recalls_recorded': 0, 'adapters_scanned': 1, 'scan_duration_ms': 48}
   [Auto-sync] 264 active, 0 recalls, graph rebuilt
2026-08-10 22:41:15.045 | INFO     | selfmind_app.recall_capture.scanner:scan:66 - [RecallScanner] Starting scan since 2026-08-10 22:36:14.204318
2026-08-10 22:41:15.075 | INFO     | selfmind_app.recall_capture.scanner:scan:73 - [RecallScanner] hermes: found 0 events
2026-08-10 22:41:15.082 | INFO     | selfmind_app.recall_capture.scanner:scan:84 - [RecallScanner] Matched 0 entries from 0 events
2026-08-10 22:41:15.089 | INFO     | selfmind_app.recall_capture.scanner:scan:103 - [RecallScanner] Scan complete: {'events_found': 0, 'entries_matched': 0, 'recalls_recorded': 0, 'adapters_scanned': 1, 'scan_duration_ms': 44}
   [Auto-sync] 264 active, 0 recalls, graph rebuilt
2026-08-10 22:46:15.959 | INFO     | selfmind_app.recall_capture.scanner:scan:66 - [RecallScanner] Starting scan since 2026-08-10 22:41:15.088461
2026-08-10 22:46:15.988 | INFO     | selfmind_app.recall_capture.scanner:scan:73 - [RecallScanner] hermes: found 0 events
2026-08-10 22:46:15.995 | INFO     | selfmind_app.recall_capture.scanner:scan:84 - [RecallScanner] Matched 0 entries from 0 events
2026-08-10 22:46:16.002 | INFO     | selfmind_app.recall_capture.scanner:scan:103 - [RecallScanner] Scan complete: {'events_found': 0, 'entries_matched': 0, 'recalls_recorded': 0, 'adapters_scanned': 1, 'scan_duration_ms': 42}
   [Auto-sync] 264 active, 0 recalls, graph rebuilt
2026-08-10 22:51:16.857 | INFO     | selfmind_app.recall_capture.scanner:scan:66 - [RecallScanner] Starting scan since 2026-08-10 22:46:16.001500
2026-08-10 22:51:16.885 | INFO     | selfmind_app.recall_capture.scanner:scan:73 - [RecallScanner] hermes: found 0 events
2026-08-10 22:51:16.894 | INFO     | selfmind_app.recall_capture.scanner:scan:84 - [RecallScanner] Matched 0 entries from 0 events
2026-08-10 22:51:16.901 | INFO     | selfmind_app.recall_capture.scanner:scan:103 - [RecallScanner] Scan complete: {'events_found': 0, 'entries_matched': 0, 'recalls_recorded': 0, 'adapters_scanned': 1, 'scan_duration_ms': 44}
   [Auto-sync] 264 active, 0 recalls, graph rebuilt
2026-08-10 22:56:17.716 | INFO     | selfmind_app.recall_capture.scanner:scan:66 - [RecallScanner] Starting scan since 2026-08-10 22:51:16.900270
2026-08-10 22:56:17.742 | INFO     | selfmind_app.recall_capture.scanner:scan:73 - [RecallScanner] hermes: found 0 events
2026-08-10 22:56:17.749 | INFO     | selfmind_app.recall_capture.scanner:scan:84 - [RecallScanner] Matched 0 entries from 0 events
2026-08-10 22:56:17.756 | INFO     | selfmind_app.recall_capture.scanner:scan:103 - [RecallScanner] Scan complete: {'events_found': 0, 'entries_matched': 0, 'recalls_recorded': 0, 'adapters_scanned': 1, 'scan_duration_ms': 39}
   [Auto-sync] 264 active, 0 recalls, graph rebuilt
2026-08-10 23:01:18.695 | INFO     | selfmind_app.recall_capture.scanner:scan:66 - [RecallScanner] Starting scan since 2026-08-10 22:56:17.755508
2026-08-10 23:01:18.725 | INFO     | selfmind_app.recall_capture.scanner:scan:73 - [RecallScanner] hermes: found 0 events
2026-08-10 23:01:18.732 | INFO     | selfmind_app.recall_capture.scanner:scan:84 - [RecallScanner] Matched 0 entries from 0 events
2026-08-10 23:01:18.738 | INFO     | selfmind_app.recall_capture.scanner:scan:103 - [RecallScanner] Scan complete: {'events_found': 0, 'entries_matched': 0, 'recalls_recorded': 0, 'adapters_scanned': 1, 'scan_duration_ms': 43}
   [Auto-sync] 264 active, 0 recalls, graph rebuilt
2026-08-10 23:06:19.763 | INFO     | selfmind_app.recall_capture.scanner:scan:66 - [RecallScanner] Starting scan since 2026-08-10 23:01:18.738039
2026-08-10 23:06:19.790 | INFO     | selfmind_app.recall_capture.scanner:scan:73 - [RecallScanner] hermes: found 0 events
2026-08-10 23:06:19.801 | INFO     | selfmind_app.recall_capture.scanner:scan:84 - [RecallScanner] Matched 0 entries from 0 events
2026-08-10 23:06:19.807 | INFO     | selfmind_app.recall_capture.scanner:scan:103 - [RecallScanner] Scan complete: {'events_found': 0, 'entries_matched': 0, 'recalls_recorded': 0, 'adapters_scanned': 1, 'scan_duration_ms': 44}
   [Auto-sync] 264 active, 0 recalls, graph rebuilt
2026-08-10 23:11:20.718 | INFO     | selfmind_app.recall_capture.scanner:scan:66 - [RecallScanner] Starting scan since 2026-08-10 23:06:19.806965
2026-08-10 23:11:20.747 | INFO     | selfmind_app.recall_capture.scanner:scan:73 - [RecallScanner] hermes: found 0 events
2026-08-10 23:11:20.755 | INFO     | selfmind_app.recall_capture.scanner:scan:84 - [RecallScanner] Matched 0 entries from 0 events
2026-08-10 23:11:20.761 | INFO     | selfmind_app.recall_capture.scanner:scan:103 - [RecallScanner] Scan complete: {'events_found': 0, 'entries_matched': 0, 'recalls_recorded': 0, 'adapters_scanned': 1, 'scan_duration_ms': 43}
   [Auto-sync] 264 active, 0 recalls, graph rebuilt
2026-08-10 23:16:21.712 | INFO     | selfmind_app.recall_capture.scanner:scan:66 - [RecallScanner] Starting scan since 2026-08-10 23:11:20.760883
2026-08-10 23:16:21.741 | INFO     | selfmind_app.recall_capture.scanner:scan:73 - [RecallScanner] hermes: found 0 events
2026-08-10 23:16:21.748 | INFO     | selfmind_app.recall_capture.scanner:scan:84 - [RecallScanner] Matched 0 entries from 0 events
2026-08-10 23:16:21.754 | INFO     | selfmind_app.recall_capture.scanner:scan:103 - [RecallScanner] Scan complete: {'events_found': 0, 'entries_matched': 0, 'recalls_recorded': 0, 'adapters_scanned': 1, 'scan_duration_ms': 42}
   [Auto-sync] 264 active, 0 recalls, graph rebuilt
2026-08-10 23:21:22.736 | INFO     | selfmind_app.recall_capture.scanner:scan:66 - [RecallScanner] Starting scan since 2026-08-10 23:16:21.754221
2026-08-10 23:21:22.765 | INFO     | selfmind_app.recall_capture.scanner:scan:73 - [RecallScanner] hermes: found 0 events
2026-08-10 23:21:22.772 | INFO     | selfmind_app.recall_capture.scanner:scan:84 - [RecallScanner] Matched 0 entries from 0 events
2026-08-10 23:21:22.779 | INFO     | selfmind_app.recall_capture.scanner:scan:103 - [RecallScanner] Scan complete: {'events_found': 0, 'entries_matched': 0, 'recalls_recorded': 0, 'adapters_scanned': 1, 'scan_duration_ms': 42}
   [Auto-sync] 264 active, 0 recalls, graph rebuilt
2026-08-10 23:26:23.690 | INFO     | selfmind_app.recall_capture.scanner:scan:66 - [RecallScanner] Starting scan since 2026-08-10 23:21:22.778506
2026-08-10 23:26:23.717 | INFO     | selfmind_app.recall_capture.scanner:scan:73 - [RecallScanner] hermes: found 0 events
2026-08-10 23:26:23.727 | INFO     | selfmind_app.recall_capture.scanner:scan:84 - [RecallScanner] Matched 0 entries from 0 events
2026-08-10 23:26:23.734 | INFO     | selfmind_app.recall_capture.scanner:scan:103 - [RecallScanner] Scan complete: {'events_found': 0, 'entries_matched': 0, 'recalls_recorded': 0, 'adapters_scanned': 1, 'scan_duration_ms': 44}
   [Auto-sync] 264 active, 0 recalls, graph rebuilt
2026-08-10 23:31:24.730 | INFO     | selfmind_app.recall_capture.scanner:scan:66 - [RecallScanner] Starting scan since 2026-08-10 23:26:23.733941
2026-08-10 23:31:24.760 | INFO     | selfmind_app.recall_capture.scanner:scan:73 - [RecallScanner] hermes: found 0 events
2026-08-10 23:31:24.767 | INFO     | selfmind_app.recall_capture.scanner:scan:84 - [RecallScanner] Matched 0 entries from 0 events
2026-08-10 23:31:24.773 | INFO     | selfmind_app.recall_capture.scanner:scan:103 - [RecallScanner] Scan complete: {'events_found': 0, 'entries_matched': 0, 'recalls_recorded': 0, 'adapters_scanned': 1, 'scan_duration_ms': 42}
   [Auto-sync] 264 active, 0 recalls, graph rebuilt
2026-08-10 23:36:25.615 | INFO     | selfmind_app.recall_capture.scanner:scan:66 - [RecallScanner] Starting scan since 2026-08-10 23:31:24.772891
2026-08-10 23:36:25.642 | INFO     | selfmind_app.recall_capture.scanner:scan:73 - [RecallScanner] hermes: found 0 events
2026-08-10 23:36:25.649 | INFO     | selfmind_app.recall_capture.scanner:scan:84 - [RecallScanner] Matched 0 entries from 0 events
2026-08-10 23:36:25.655 | INFO     | selfmind_app.recall_capture.scanner:scan:103 - [RecallScanner] Scan complete: {'events_found': 0, 'entries_matched': 0, 'recalls_recorded': 0, 'adapters_scanned': 1, 'scan_duration_ms': 40}
   [Auto-sync] 264 active, 0 recalls, graph rebuilt
2026-08-10 23:41:26.502 | INFO     | selfmind_app.recall_capture.scanner:scan:66 - [RecallScanner] Starting scan since 2026-08-10 23:36:25.654719
2026-08-10 23:41:26.530 | INFO     | selfmind_app.recall_capture.scanner:scan:73 - [RecallScanner] hermes: found 0 events
2026-08-10 23:41:26.537 | INFO     | selfmind_app.recall_capture.scanner:scan:84 - [RecallScanner] Matched 0 entries from 0 events
2026-08-10 23:41:26.543 | INFO     | selfmind_app.recall_capture.scanner:scan:103 - [RecallScanner] Scan complete: {'events_found': 0, 'entries_matched': 0, 'recalls_recorded': 0, 'adapters_scanned': 1, 'scan_duration_ms': 41}
   [Auto-sync] 264 active, 0 recalls, graph rebuilt
2026-08-10 23:46:27.530 | INFO     | selfmind_app.recall_capture.scanner:scan:66 - [RecallScanner] Starting scan since 2026-08-10 23:41:26.542915
2026-08-10 23:46:27.557 | INFO     | selfmind_app.recall_capture.scanner:scan:73 - [RecallScanner] hermes: found 0 events
2026-08-10 23:46:27.564 | INFO     | selfmind_app.recall_capture.scanner:scan:84 - [RecallScanner] Matched 0 entries from 0 events
2026-08-10 23:46:27.570 | INFO     | selfmind_app.recall_capture.scanner:scan:103 - [RecallScanner] Scan complete: {'events_found': 0, 'entries_matched': 0, 'recalls_recorded': 0, 'adapters_scanned': 1, 'scan_duration_ms': 40}
   [Auto-sync] 264 active, 0 recalls, graph rebuilt
2026-08-10 23:51:28.536 | INFO     | selfmind_app.recall_capture.scanner:scan:66 - [RecallScanner] Starting scan since 2026-08-10 23:46:27.570171
2026-08-10 23:51:28.563 | INFO     | selfmind_app.recall_capture.scanner:scan:73 - [RecallScanner] hermes: found 0 events
2026-08-10 23:51:28.570 | INFO     | selfmind_app.recall_capture.scanner:scan:84 - [RecallScanner] Matched 0 entries from 0 events
2026-08-10 23:51:28.580 | INFO     | selfmind_app.recall_capture.scanner:scan:103 - [RecallScanner] Scan complete: {'events_found': 0, 'entries_matched': 0, 'recalls_recorded': 0, 'adapters_scanned': 1, 'scan_duration_ms': 43}
   [Auto-sync] 264 active, 0 recalls, graph rebuilt
2026-08-10 23:56:29.564 | INFO     | selfmind_app.recall_capture.scanner:scan:66 - [RecallScanner] Starting scan since 2026-08-10 23:51:28.579465
2026-08-10 23:56:29.592 | INFO     | selfmind_app.recall_capture.scanner:scan:73 - [RecallScanner] hermes: found 0 events
2026-08-10 23:56:29.600 | INFO     | selfmind_app.recall_capture.scanner:scan:84 - [RecallScanner] Matched 0 entries from 0 events
2026-08-10 23:56:29.607 | INFO     | selfmind_app.recall_capture.scanner:scan:103 - [RecallScanner] Scan complete: {'events_found': 0, 'entries_matched': 0, 'recalls_recorded': 0, 'adapters_scanned': 1, 'scan_duration_ms': 42}
   [Auto-sync] 264 active, 0 recalls, graph rebuilt
2026-08-11 00:01:30.674 | INFO     | selfmind_app.recall_capture.scanner:scan:66 - [RecallScanner] Starting scan since 2026-08-10 23:56:29.606608
2026-08-11 00:01:30.702 | INFO     | selfmind_app.recall_capture.scanner:scan:73 - [RecallScanner] hermes: found 0 events
2026-08-11 00:01:30.710 | INFO     | selfmind_app.recall_capture.scanner:scan:84 - [RecallScanner] Matched 0 entries from 0 events
2026-08-11 00:01:30.716 | INFO     | selfmind_app.recall_capture.scanner:scan:103 - [RecallScanner] Scan complete: {'events_found': 0, 'entries_matched': 0, 'recalls_recorded': 0, 'adapters_scanned': 1, 'scan_duration_ms': 41}
   [Auto-sync] 264 active, 0 recalls, graph rebuilt
2026-08-11 00:06:31.576 | INFO     | selfmind_app.recall_capture.scanner:scan:66 - [RecallScanner] Starting scan since 2026-08-11 00:01:30.715851
2026-08-11 00:06:31.602 | INFO     | selfmind_app.recall_capture.scanner:scan:73 - [RecallScanner] hermes: found 0 events
2026-08-11 00:06:31.609 | INFO     | selfmind_app.recall_capture.scanner:scan:84 - [RecallScanner] Matched 0 entries from 0 events
2026-08-11 00:06:31.615 | INFO     | selfmind_app.recall_capture.scanner:scan:103 - [RecallScanner] Scan complete: {'events_found': 0, 'entries_matched': 0, 'recalls_recorded': 0, 'adapters_scanned': 1, 'scan_duration_ms': 39}
   [Auto-sync] 264 active, 0 recalls, graph rebuilt
2026-08-11 00:11:32.541 | INFO     | selfmind_app.recall_capture.scanner:scan:66 - [RecallScanner] Starting scan since 2026-08-11 00:06:31.615326
2026-08-11 00:11:32.570 | INFO     | selfmind_app.recall_capture.scanner:scan:73 - [RecallScanner] hermes: found 0 events
2026-08-11 00:11:32.577 | INFO     | selfmind_app.recall_capture.scanner:scan:84 - [RecallScanner] Matched 0 entries from 0 events
2026-08-11 00:11:32.583 | INFO     | selfmind_app.recall_capture.scanner:scan:103 - [RecallScanner] Scan complete: {'events_found': 0, 'entries_matched': 0, 'recalls_recorded': 0, 'adapters_scanned': 1, 'scan_duration_ms': 42}
   [Auto-sync] 264 active, 0 recalls, graph rebuilt
2026-08-11 00:16:33.514 | INFO     | selfmind_app.recall_capture.scanner:scan:66 - [RecallScanner] Starting scan since 2026-08-11 00:11:32.582908
2026-08-11 00:16:33.541 | INFO     | selfmind_app.recall_capture.scanner:scan:73 - [RecallScanner] hermes: found 0 events
2026-08-11 00:16:33.548 | INFO     | selfmind_app.recall_capture.scanner:scan:84 - [RecallScanner] Matched 0 entries from 0 events
2026-08-11 00:16:33.555 | INFO     | selfmind_app.recall_capture.scanner:scan:103 - [RecallScanner] Scan complete: {'events_found': 0, 'entries_matched': 0, 'recalls_recorded': 0, 'adapters_scanned': 1, 'scan_duration_ms': 40}
   [Auto-sync] 264 active, 0 recalls, graph rebuilt
2026-08-11 00:21:34.448 | INFO     | selfmind_app.recall_capture.scanner:scan:66 - [RecallScanner] Starting scan since 2026-08-11 00:16:33.554274
2026-08-11 00:21:34.474 | INFO     | selfmind_app.recall_capture.scanner:scan:73 - [RecallScanner] hermes: found 0 events
2026-08-11 00:21:34.485 | INFO     | selfmind_app.recall_capture.scanner:scan:84 - [RecallScanner] Matched 0 entries from 0 events
2026-08-11 00:21:34.492 | INFO     | selfmind_app.recall_capture.scanner:scan:103 - [RecallScanner] Scan complete: {'events_found': 0, 'entries_matched': 0, 'recalls_recorded': 0, 'adapters_scanned': 1, 'scan_duration_ms': 43}
   [Auto-sync] 264 active, 0 recalls, graph rebuilt
2026-08-11 00:26:35.462 | INFO     | selfmind_app.recall_capture.scanner:scan:66 - [RecallScanner] Starting scan since 2026-08-11 00:21:34.491956
2026-08-11 00:26:35.489 | INFO     | selfmind_app.recall_capture.scanner:scan:73 - [RecallScanner] hermes: found 0 events
2026-08-11 00:26:35.497 | INFO     | selfmind_app.recall_capture.scanner:scan:84 - [RecallScanner] Matched 0 entries from 0 events
2026-08-11 00:26:35.503 | INFO     | selfmind_app.recall_capture.scanner:scan:103 - [RecallScanner] Scan complete: {'events_found': 0, 'entries_matched': 0, 'recalls_recorded': 0, 'adapters_scanned': 1, 'scan_duration_ms': 40}
   [Auto-sync] 264 active, 0 recalls, graph rebuilt
2026-08-11 00:31:36.405 | INFO     | selfmind_app.recall_capture.scanner:scan:66 - [RecallScanner] Starting scan since 2026-08-11 00:26:35.502553
2026-08-11 00:31:36.436 | INFO     | selfmind_app.recall_capture.scanner:scan:73 - [RecallScanner] hermes: found 0 events
2026-08-11 00:31:36.447 | INFO     | selfmind_app.recall_capture.scanner:scan:84 - [RecallScanner] Matched 0 entries from 0 events
2026-08-11 00:31:36.454 | INFO     | selfmind_app.recall_capture.scanner:scan:103 - [RecallScanner] Scan complete: {'events_found': 0, 'entries_matched': 0, 'recalls_recorded': 0, 'adapters_scanned': 1, 'scan_duration_ms': 49}
   [Auto-sync] 264 active, 0 recalls, graph rebuilt
2026-08-11 00:36:37.378 | INFO     | selfmind_app.recall_capture.scanner:scan:66 - [RecallScanner] Starting scan since 2026-08-11 00:31:36.454046
2026-08-11 00:36:37.405 | INFO     | selfmind_app.recall_capture.scanner:scan:73 - [RecallScanner] hermes: found 0 events
2026-08-11 00:36:37.413 | INFO     | selfmind_app.recall_capture.scanner:scan:84 - [RecallScanner] Matched 0 entries from 0 events
2026-08-11 00:36:37.419 | INFO     | selfmind_app.recall_capture.scanner:scan:103 - [RecallScanner] Scan complete: {'events_found': 0, 'entries_matched': 0, 'recalls_recorded': 0, 'adapters_scanned': 1, 'scan_duration_ms': 40}
   [Auto-sync] 264 active, 0 recalls, graph rebuilt
2026-08-11 00:41:38.332 | INFO     | selfmind_app.recall_capture.scanner:scan:66 - [RecallScanner] Starting scan since 2026-08-11 00:36:37.418820
2026-08-11 00:41:38.360 | INFO     | selfmind_app.recall_capture.scanner:scan:73 - [RecallScanner] hermes: found 0 events
2026-08-11 00:41:38.367 | INFO     | selfmind_app.recall_capture.scanner:scan:84 - [RecallScanner] Matched 0 entries from 0 events
2026-08-11 00:41:38.374 | INFO     | selfmind_app.recall_capture.scanner:scan:103 - [RecallScanner] Scan complete: {'events_found': 0, 'entries_matched': 0, 'recalls_recorded': 0, 'adapters_scanned': 1, 'scan_duration_ms': 41}
   [Auto-sync] 264 active, 0 recalls, graph rebuilt
2026-08-11 00:46:39.293 | INFO     | selfmind_app.recall_capture.scanner:scan:66 - [RecallScanner] Starting scan since 2026-08-11 00:41:38.373526
2026-08-11 00:46:39.318 | INFO     | selfmind_app.recall_capture.scanner:scan:73 - [RecallScanner] hermes: found 0 events
2026-08-11 00:46:39.325 | INFO     | selfmind_app.recall_capture.scanner:scan:84 - [RecallScanner] Matched 0 entries from 0 events
2026-08-11 00:46:39.331 | INFO     | selfmind_app.recall_capture.scanner:scan:103 - [RecallScanner] Scan complete: {'events_found': 0, 'entries_matched': 0, 'recalls_recorded': 0, 'adapters_scanned': 1, 'scan_duration_ms': 38}
   [Auto-sync] 264 active, 0 recalls, graph rebuilt
2026-08-11 00:51:40.180 | INFO     | selfmind_app.recall_capture.scanner:scan:66 - [RecallScanner] Starting scan since 2026-08-11 00:46:39.331254
2026-08-11 00:51:40.208 | INFO     | selfmind_app.recall_capture.scanner:scan:73 - [RecallScanner] hermes: found 0 events
2026-08-11 00:51:40.216 | INFO     | selfmind_app.recall_capture.scanner:scan:84 - [RecallScanner] Matched 0 entries from 0 events
2026-08-11 00:51:40.223 | INFO     | selfmind_app.recall_capture.scanner:scan:103 - [RecallScanner] Scan complete: {'events_found': 0, 'entries_matched': 0, 'recalls_recorded': 0, 'adapters_scanned': 1, 'scan_duration_ms': 42}
   [Auto-sync] 264 active, 0 recalls, graph rebuilt
2026-08-11 00:56:41.136 | INFO     | selfmind_app.recall_capture.scanner:scan:66 - [RecallScanner] Starting scan since 2026-08-11 00:51:40.222432
2026-08-11 00:56:41.167 | INFO     | selfmind_app.recall_capture.scanner:scan:73 - [RecallScanner] hermes: found 0 events
2026-08-11 00:56:41.175 | INFO     | selfmind_app.recall_capture.scanner:scan:84 - [RecallScanner] Matched 0 entries from 0 events
2026-08-11 00:56:41.181 | INFO     | selfmind_app.recall_capture.scanner:scan:103 - [RecallScanner] Scan complete: {'events_found': 0, 'entries_matched': 0, 'recalls_recorded': 0, 'adapters_scanned': 1, 'scan_duration_ms': 44}
   [Auto-sync] 264 active, 0 recalls, graph rebuilt
2026-08-11 01:01:42.123 | INFO     | selfmind_app.recall_capture.scanner:scan:66 - [RecallScanner] Starting scan since 2026-08-11 00:56:41.181221
2026-08-11 01:01:42.151 | INFO     | selfmind_app.recall_capture.scanner:scan:73 - [RecallScanner] hermes: found 0 events
2026-08-11 01:01:42.159 | INFO     | selfmind_app.recall_capture.scanner:scan:84 - [RecallScanner] Matched 0 entries from 0 events
2026-08-11 01:01:42.165 | INFO     | selfmind_app.recall_capture.scanner:scan:103 - [RecallScanner] Scan complete: {'events_found': 0, 'entries_matched': 0, 'recalls_recorded': 0, 'adapters_scanned': 1, 'scan_duration_ms': 41}
   [Auto-sync] 264 active, 0 recalls, graph rebuilt
2026-08-11 01:06:43.147 | INFO     | selfmind_app.recall_capture.scanner:scan:66 - [RecallScanner] Starting scan since 2026-08-11 01:01:42.164526
2026-08-11 01:06:43.175 | INFO     | selfmind_app.recall_capture.scanner:scan:73 - [RecallScanner] hermes: found 0 events
2026-08-11 01:06:43.185 | INFO     | selfmind_app.recall_capture.scanner:scan:84 - [RecallScanner] Matched 0 entries from 0 events
2026-08-11 01:06:43.192 | INFO     | selfmind_app.recall_capture.scanner:scan:103 - [RecallScanner] Scan complete: {'events_found': 0, 'entries_matched': 0, 'recalls_recorded': 0, 'adapters_scanned': 1, 'scan_duration_ms': 44}
   [Auto-sync] 264 active, 0 recalls, graph rebuilt
2026-08-11 01:11:44.043 | INFO     | selfmind_app.recall_capture.scanner:scan:66 - [RecallScanner] Starting scan since 2026-08-11 01:06:43.191391
2026-08-11 01:11:44.071 | INFO     | selfmind_app.recall_capture.scanner:scan:73 - [RecallScanner] hermes: found 0 events
2026-08-11 01:11:44.078 | INFO     | selfmind_app.recall_capture.scanner:scan:84 - [RecallScanner] Matched 0 entries from 0 events
2026-08-11 01:11:44.084 | INFO     | selfmind_app.recall_capture.scanner:scan:103 - [RecallScanner] Scan complete: {'events_found': 0, 'entries_matched': 0, 'recalls_recorded': 0, 'adapters_scanned': 1, 'scan_duration_ms': 42}
   [Auto-sync] 264 active, 0 recalls, graph rebuilt
2026-08-11 01:16:44.978 | INFO     | selfmind_app.recall_capture.scanner:scan:66 - [RecallScanner] Starting scan since 2026-08-11 01:11:44.084326
2026-08-11 01:16:45.007 | INFO     | selfmind_app.recall_capture.scanner:scan:73 - [RecallScanner] hermes: found 0 events
2026-08-11 01:16:45.018 | INFO     | selfmind_app.recall_capture.scanner:scan:84 - [RecallScanner] Matched 0 entries from 0 events
2026-08-11 01:16:45.024 | INFO     | selfmind_app.recall_capture.scanner:scan:103 - [RecallScanner] Scan complete: {'events_found': 0, 'entries_matched': 0, 'recalls_recorded': 0, 'adapters_scanned': 1, 'scan_duration_ms': 46}
   [Auto-sync] 264 active, 0 recalls, graph rebuilt
2026-08-11 01:21:46.139 | INFO     | selfmind_app.recall_capture.scanner:scan:66 - [RecallScanner] Starting scan since 2026-08-11 01:16:45.024324
2026-08-11 01:21:46.170 | INFO     | selfmind_app.recall_capture.scanner:scan:73 - [RecallScanner] hermes: found 0 events
2026-08-11 01:21:46.177 | INFO     | selfmind_app.recall_capture.scanner:scan:84 - [RecallScanner] Matched 0 entries from 0 events
2026-08-11 01:21:46.183 | INFO     | selfmind_app.recall_capture.scanner:scan:103 - [RecallScanner] Scan complete: {'events_found': 0, 'entries_matched': 0, 'recalls_recorded': 0, 'adapters_scanned': 1, 'scan_duration_ms': 44}
   [Auto-sync] 264 active, 0 recalls, graph rebuilt
2026-08-11 01:26:47.140 | INFO     | selfmind_app.recall_capture.scanner:scan:66 - [RecallScanner] Starting scan since 2026-08-11 01:21:46.183189
2026-08-11 01:26:47.169 | INFO     | selfmind_app.recall_capture.scanner:scan:73 - [RecallScanner] hermes: found 0 events
2026-08-11 01:26:47.176 | INFO     | selfmind_app.recall_capture.scanner:scan:84 - [RecallScanner] Matched 0 entries from 0 events
2026-08-11 01:26:47.183 | INFO     | selfmind_app.recall_capture.scanner:scan:103 - [RecallScanner] Scan complete: {'events_found': 0, 'entries_matched': 0, 'recalls_recorded': 0, 'adapters_scanned': 1, 'scan_duration_ms': 43}
   [Auto-sync] 264 active, 0 recalls, graph rebuilt
2026-08-11 01:31:48.063 | INFO     | selfmind_app.recall_capture.scanner:scan:66 - [RecallScanner] Starting scan since 2026-08-11 01:26:47.182876
2026-08-11 01:31:48.090 | INFO     | selfmind_app.recall_capture.scanner:scan:73 - [RecallScanner] hermes: found 0 events
2026-08-11 01:31:48.098 | INFO     | selfmind_app.recall_capture.scanner:scan:84 - [RecallScanner] Matched 0 entries from 0 events
2026-08-11 01:31:48.104 | INFO     | selfmind_app.recall_capture.scanner:scan:103 - [RecallScanner] Scan complete: {'events_found': 0, 'entries_matched': 0, 'recalls_recorded': 0, 'adapters_scanned': 1, 'scan_duration_ms': 41}
   [Auto-sync] 264 active, 0 recalls, graph rebuilt
2026-08-11 01:36:49.028 | INFO     | selfmind_app.recall_capture.scanner:scan:66 - [RecallScanner] Starting scan since 2026-08-11 01:31:48.104285
2026-08-11 01:36:49.057 | INFO     | selfmind_app.recall_capture.scanner:scan:73 - [RecallScanner] hermes: found 0 events
2026-08-11 01:36:49.072 | INFO     | selfmind_app.recall_capture.scanner:scan:84 - [RecallScanner] Matched 0 entries from 0 events
2026-08-11 01:36:49.079 | INFO     | selfmind_app.recall_capture.scanner:scan:103 - [RecallScanner] Scan complete: {'events_found': 0, 'entries_matched': 0, 'recalls_recorded': 0, 'adapters_scanned': 1, 'scan_duration_ms': 51}
   [Auto-sync] 264 active, 0 recalls, graph rebuilt
2026-08-11 01:41:50.111 | INFO     | selfmind_app.recall_capture.scanner:scan:66 - [RecallScanner] Starting scan since 2026-08-11 01:36:49.078624
2026-08-11 01:41:50.139 | INFO     | selfmind_app.recall_capture.scanner:scan:73 - [RecallScanner] hermes: found 0 events
2026-08-11 01:41:50.149 | INFO     | selfmind_app.recall_capture.scanner:scan:84 - [RecallScanner] Matched 0 entries from 0 events
2026-08-11 01:41:50.155 | INFO     | selfmind_app.recall_capture.scanner:scan:103 - [RecallScanner] Scan complete: {'events_found': 0, 'entries_matched': 0, 'recalls_recorded': 0, 'adapters_scanned': 1, 'scan_duration_ms': 44}
   [Auto-sync] 264 active, 0 recalls, graph rebuilt
2026-08-11 01:46:51.085 | INFO     | selfmind_app.recall_capture.scanner:scan:66 - [RecallScanner] Starting scan since 2026-08-11 01:41:50.154985
2026-08-11 01:46:51.109 | INFO     | selfmind_app.recall_capture.scanner:scan:73 - [RecallScanner] hermes: found 0 events
2026-08-11 01:46:51.117 | INFO     | selfmind_app.recall_capture.scanner:scan:84 - [RecallScanner] Matched 0 entries from 0 events
2026-08-11 01:46:51.124 | INFO     | selfmind_app.recall_capture.scanner:scan:103 - [RecallScanner] Scan complete: {'events_found': 0, 'entries_matched': 0, 'recalls_recorded': 0, 'adapters_scanned': 1, 'scan_duration_ms': 39}
   [Auto-sync] 264 active, 0 recalls, graph rebuilt
2026-08-11 01:51:52.110 | INFO     | selfmind_app.recall_capture.scanner:scan:66 - [RecallScanner] Starting scan since 2026-08-11 01:46:51.123633
2026-08-11 01:51:52.138 | INFO     | selfmind_app.recall_capture.scanner:scan:73 - [RecallScanner] hermes: found 0 events
2026-08-11 01:51:52.146 | INFO     | selfmind_app.recall_capture.scanner:scan:84 - [RecallScanner] Matched 0 entries from 0 events
2026-08-11 01:51:52.152 | INFO     | selfmind_app.recall_capture.scanner:scan:103 - [RecallScanner] Scan complete: {'events_found': 0, 'entries_matched': 0, 'recalls_recorded': 0, 'adapters_scanned': 1, 'scan_duration_ms': 41}
   [Auto-sync] 264 active, 0 recalls, graph rebuilt
2026-08-11 01:56:53.132 | INFO     | selfmind_app.recall_capture.scanner:scan:66 - [RecallScanner] Starting scan since 2026-08-11 01:51:52.151779
2026-08-11 01:56:53.161 | INFO     | selfmind_app.recall_capture.scanner:scan:73 - [RecallScanner] hermes: found 0 events
2026-08-11 01:56:53.169 | INFO     | selfmind_app.recall_capture.scanner:scan:84 - [RecallScanner] Matched 0 entries from 0 events
2026-08-11 01:56:53.175 | INFO     | selfmind_app.recall_capture.scanner:scan:103 - [RecallScanner] Scan complete: {'events_found': 0, 'entries_matched': 0, 'recalls_recorded': 0, 'adapters_scanned': 1, 'scan_duration_ms': 42}
   [Auto-sync] 264 active, 0 recalls, graph rebuilt
2026-08-11 02:01:54.128 | INFO     | selfmind_app.recall_capture.scanner:scan:66 - [RecallScanner] Starting scan since 2026-08-11 01:56:53.174509
2026-08-11 02:01:54.157 | INFO     | selfmind_app.recall_capture.scanner:scan:73 - [RecallScanner] hermes: found 0 events
2026-08-11 02:01:54.165 | INFO     | selfmind_app.recall_capture.scanner:scan:84 - [RecallScanner] Matched 0 entries from 0 events
2026-08-11 02:01:54.172 | INFO     | selfmind_app.recall_capture.scanner:scan:103 - [RecallScanner] Scan complete: {'events_found': 0, 'entries_matched': 0, 'recalls_recorded': 0, 'adapters_scanned': 1, 'scan_duration_ms': 43}
   [Auto-sync] 264 active, 0 recalls, graph rebuilt
2026-08-11 02:06:55.199 | INFO     | selfmind_app.recall_capture.scanner:scan:66 - [RecallScanner] Starting scan since 2026-08-11 02:01:54.171657
2026-08-11 02:06:55.227 | INFO     | selfmind_app.recall_capture.scanner:scan:73 - [RecallScanner] hermes: found 0 events
2026-08-11 02:06:55.235 | INFO     | selfmind_app.recall_capture.scanner:scan:84 - [RecallScanner] Matched 0 entries from 0 events
2026-08-11 02:06:55.242 | INFO     | selfmind_app.recall_capture.scanner:scan:103 - [RecallScanner] Scan complete: {'events_found': 0, 'entries_matched': 0, 'recalls_recorded': 0, 'adapters_scanned': 1, 'scan_duration_ms': 43}
   [Auto-sync] 264 active, 0 recalls, graph rebuilt
2026-08-11 02:11:56.176 | INFO     | selfmind_app.recall_capture.scanner:scan:66 - [RecallScanner] Starting scan since 2026-08-11 02:06:55.241485
2026-08-11 02:11:56.204 | INFO     | selfmind_app.recall_capture.scanner:scan:73 - [RecallScanner] hermes: found 0 events
2026-08-11 02:11:56.216 | INFO     | selfmind_app.recall_capture.scanner:scan:84 - [RecallScanner] Matched 0 entries from 0 events
2026-08-11 02:11:56.222 | INFO     | selfmind_app.recall_capture.scanner:scan:103 - [RecallScanner] Scan complete: {'events_found': 0, 'entries_matched': 0, 'recalls_recorded': 0, 'adapters_scanned': 1, 'scan_duration_ms': 46}
   [Auto-sync] 264 active, 0 recalls, graph rebuilt
2026-08-11 02:16:57.221 | INFO     | selfmind_app.recall_capture.scanner:scan:66 - [RecallScanner] Starting scan since 2026-08-11 02:11:56.221956
2026-08-11 02:16:57.249 | INFO     | selfmind_app.recall_capture.scanner:scan:73 - [RecallScanner] hermes: found 0 events
2026-08-11 02:16:57.257 | INFO     | selfmind_app.recall_capture.scanner:scan:84 - [RecallScanner] Matched 0 entries from 0 events
2026-08-11 02:16:57.264 | INFO     | selfmind_app.recall_capture.scanner:scan:103 - [RecallScanner] Scan complete: {'events_found': 0, 'entries_matched': 0, 'recalls_recorded': 0, 'adapters_scanned': 1, 'scan_duration_ms': 42}
   [Auto-sync] 264 active, 0 recalls, graph rebuilt
2026-08-11 02:21:58.143 | INFO     | selfmind_app.recall_capture.scanner:scan:66 - [RecallScanner] Starting scan since 2026-08-11 02:16:57.263578
2026-08-11 02:21:58.172 | INFO     | selfmind_app.recall_capture.scanner:scan:73 - [RecallScanner] hermes: found 0 events
2026-08-11 02:21:58.182 | INFO     | selfmind_app.recall_capture.scanner:scan:84 - [RecallScanner] Matched 0 entries from 0 events
2026-08-11 02:21:58.188 | INFO     | selfmind_app.recall_capture.scanner:scan:103 - [RecallScanner] Scan complete: {'events_found': 0, 'entries_matched': 0, 'recalls_recorded': 0, 'adapters_scanned': 1, 'scan_duration_ms': 45}
   [Auto-sync] 264 active, 0 recalls, graph rebuilt
2026-08-11 02:26:59.069 | INFO     | selfmind_app.recall_capture.scanner:scan:66 - [RecallScanner] Starting scan since 2026-08-11 02:21:58.187862
2026-08-11 02:26:59.092 | INFO     | selfmind_app.recall_capture.scanner:scan:73 - [RecallScanner] hermes: found 0 events
2026-08-11 02:26:59.099 | INFO     | selfmind_app.recall_capture.scanner:scan:84 - [RecallScanner] Matched 0 entries from 0 events
2026-08-11 02:26:59.105 | INFO     | selfmind_app.recall_capture.scanner:scan:103 - [RecallScanner] Scan complete: {'events_found': 0, 'entries_matched': 0, 'recalls_recorded': 0, 'adapters_scanned': 1, 'scan_duration_ms': 36}
   [Auto-sync] 264 active, 0 recalls, graph rebuilt
2026-08-11 02:32:00.020 | INFO     | selfmind_app.recall_capture.scanner:scan:66 - [RecallScanner] Starting scan since 2026-08-11 02:26:59.105056
2026-08-11 02:32:00.049 | INFO     | selfmind_app.recall_capture.scanner:scan:73 - [RecallScanner] hermes: found 0 events
2026-08-11 02:32:00.056 | INFO     | selfmind_app.recall_capture.scanner:scan:84 - [RecallScanner] Matched 0 entries from 0 events
2026-08-11 02:32:00.063 | INFO     | selfmind_app.recall_capture.scanner:scan:103 - [RecallScanner] Scan complete: {'events_found': 0, 'entries_matched': 0, 'recalls_recorded': 0, 'adapters_scanned': 1, 'scan_duration_ms': 43}
   [Auto-sync] 264 active, 0 recalls, graph rebuilt
2026-08-11 02:37:00.939 | INFO     | selfmind_app.recall_capture.scanner:scan:66 - [RecallScanner] Starting scan since 2026-08-11 02:32:00.062831
2026-08-11 02:37:00.975 | INFO     | selfmind_app.recall_capture.scanner:scan:73 - [RecallScanner] hermes: found 0 events
2026-08-11 02:37:00.983 | INFO     | selfmind_app.recall_capture.scanner:scan:84 - [RecallScanner] Matched 0 entries from 0 events
2026-08-11 02:37:00.990 | INFO     | selfmind_app.recall_capture.scanner:scan:103 - [RecallScanner] Scan complete: {'events_found': 0, 'entries_matched': 0, 'recalls_recorded': 0, 'adapters_scanned': 1, 'scan_duration_ms': 50}
   [Auto-sync] 264 active, 0 recalls, graph rebuilt
2026-08-11 02:42:01.760 | INFO     | selfmind_app.recall_capture.scanner:scan:66 - [RecallScanner] Starting scan since 2026-08-11 02:37:00.989935
2026-08-11 02:42:01.789 | INFO     | selfmind_app.recall_capture.scanner:scan:73 - [RecallScanner] hermes: found 0 events
2026-08-11 02:42:01.803 | INFO     | selfmind_app.recall_capture.scanner:scan:84 - [RecallScanner] Matched 0 entries from 0 events
2026-08-11 02:42:01.810 | INFO     | selfmind_app.recall_capture.scanner:scan:103 - [RecallScanner] Scan complete: {'events_found': 0, 'entries_matched': 0, 'recalls_recorded': 0, 'adapters_scanned': 1, 'scan_duration_ms': 49}
   [Auto-sync] 264 active, 0 recalls, graph rebuilt
2026-08-11 02:47:02.848 | INFO     | selfmind_app.recall_capture.scanner:scan:66 - [RecallScanner] Starting scan since 2026-08-11 02:42:01.809462
2026-08-11 02:47:02.878 | INFO     | selfmind_app.recall_capture.scanner:scan:73 - [RecallScanner] hermes: found 0 events
2026-08-11 02:47:02.886 | INFO     | selfmind_app.recall_capture.scanner:scan:84 - [RecallScanner] Matched 0 entries from 0 events
2026-08-11 02:47:02.892 | INFO     | selfmind_app.recall_capture.scanner:scan:103 - [RecallScanner] Scan complete: {'events_found': 0, 'entries_matched': 0, 'recalls_recorded': 0, 'adapters_scanned': 1, 'scan_duration_ms': 44}
   [Auto-sync] 264 active, 0 recalls, graph rebuilt
2026-08-11 02:52:03.895 | INFO     | selfmind_app.recall_capture.scanner:scan:66 - [RecallScanner] Starting scan since 2026-08-11 02:47:02.892341
2026-08-11 02:52:03.924 | INFO     | selfmind_app.recall_capture.scanner:scan:73 - [RecallScanner] hermes: found 0 events
2026-08-11 02:52:03.931 | INFO     | selfmind_app.recall_capture.scanner:scan:84 - [RecallScanner] Matched 0 entries from 0 events
2026-08-11 02:52:03.943 | INFO     | selfmind_app.recall_capture.scanner:scan:103 - [RecallScanner] Scan complete: {'events_found': 0, 'entries_matched': 0, 'recalls_recorded': 0, 'adapters_scanned': 1, 'scan_duration_ms': 48}
   [Auto-sync] 264 active, 0 recalls, graph rebuilt
2026-08-11 02:57:04.921 | INFO     | selfmind_app.recall_capture.scanner:scan:66 - [RecallScanner] Starting scan since 2026-08-11 02:52:03.943152
2026-08-11 02:57:04.948 | INFO     | selfmind_app.recall_capture.scanner:scan:73 - [RecallScanner] hermes: found 0 events
2026-08-11 02:57:04.955 | INFO     | selfmind_app.recall_capture.scanner:scan:84 - [RecallScanner] Matched 0 entries from 0 events
2026-08-11 02:57:04.962 | INFO     | selfmind_app.recall_capture.scanner:scan:103 - [RecallScanner] Scan complete: {'events_found': 0, 'entries_matched': 0, 'recalls_recorded': 0, 'adapters_scanned': 1, 'scan_duration_ms': 40}
   [Auto-sync] 264 active, 0 recalls, graph rebuilt
2026-08-11 03:02:05.812 | INFO     | selfmind_app.recall_capture.scanner:scan:66 - [RecallScanner] Starting scan since 2026-08-11 02:57:04.961573
2026-08-11 03:02:05.841 | INFO     | selfmind_app.recall_capture.scanner:scan:73 - [RecallScanner] hermes: found 0 events
2026-08-11 03:02:05.849 | INFO     | selfmind_app.recall_capture.scanner:scan:84 - [RecallScanner] Matched 0 entries from 0 events
2026-08-11 03:02:05.855 | INFO     | selfmind_app.recall_capture.scanner:scan:103 - [RecallScanner] Scan complete: {'events_found': 0, 'entries_matched': 0, 'recalls_recorded': 0, 'adapters_scanned': 1, 'scan_duration_ms': 43}
   [Auto-sync] 264 active, 0 recalls, graph rebuilt
2026-08-11 03:07:06.728 | INFO     | selfmind_app.recall_capture.scanner:scan:66 - [RecallScanner] Starting scan since 2026-08-11 03:02:05.855107
2026-08-11 03:07:06.763 | INFO     | selfmind_app.recall_capture.scanner:scan:73 - [RecallScanner] hermes: found 0 events
2026-08-11 03:07:06.771 | INFO     | selfmind_app.recall_capture.scanner:scan:84 - [RecallScanner] Matched 0 entries from 0 events
2026-08-11 03:07:06.777 | INFO     | selfmind_app.recall_capture.scanner:scan:103 - [RecallScanner] Scan complete: {'events_found': 0, 'entries_matched': 0, 'recalls_recorded': 0, 'adapters_scanned': 1, 'scan_duration_ms': 50}
   [Auto-sync] 264 active, 0 recalls, graph rebuilt
2026-08-11 03:12:07.716 | INFO     | selfmind_app.recall_capture.scanner:scan:66 - [RecallScanner] Starting scan since 2026-08-11 03:07:06.777205
2026-08-11 03:12:07.744 | INFO     | selfmind_app.recall_capture.scanner:scan:73 - [RecallScanner] hermes: found 0 events
2026-08-11 03:12:07.752 | INFO     | selfmind_app.recall_capture.scanner:scan:84 - [RecallScanner] Matched 0 entries from 0 events
2026-08-11 03:12:07.758 | INFO     | selfmind_app.recall_capture.scanner:scan:103 - [RecallScanner] Scan complete: {'events_found': 0, 'entries_matched': 0, 'recalls_recorded': 0, 'adapters_scanned': 1, 'scan_duration_ms': 42}
   [Auto-sync] 264 active, 0 recalls, graph rebuilt
2026-08-11 03:17:08.667 | INFO     | selfmind_app.recall_capture.scanner:scan:66 - [RecallScanner] Starting scan since 2026-08-11 03:12:07.757860
2026-08-11 03:17:08.696 | INFO     | selfmind_app.recall_capture.scanner:scan:73 - [RecallScanner] hermes: found 0 events
2026-08-11 03:17:08.703 | INFO     | selfmind_app.recall_capture.scanner:scan:84 - [RecallScanner] Matched 0 entries from 0 events
2026-08-11 03:17:08.709 | INFO     | selfmind_app.recall_capture.scanner:scan:103 - [RecallScanner] Scan complete: {'events_found': 0, 'entries_matched': 0, 'recalls_recorded': 0, 'adapters_scanned': 1, 'scan_duration_ms': 42}
   [Auto-sync] 264 active, 0 recalls, graph rebuilt
2026-08-11 03:22:09.625 | INFO     | selfmind_app.recall_capture.scanner:scan:66 - [RecallScanner] Starting scan since 2026-08-11 03:17:08.709065
2026-08-11 03:22:09.652 | INFO     | selfmind_app.recall_capture.scanner:scan:73 - [RecallScanner] hermes: found 0 events
2026-08-11 03:22:09.660 | INFO     | selfmind_app.recall_capture.scanner:scan:84 - [RecallScanner] Matched 0 entries from 0 events
2026-08-11 03:22:09.667 | INFO     | selfmind_app.recall_capture.scanner:scan:103 - [RecallScanner] Scan complete: {'events_found': 0, 'entries_matched': 0, 'recalls_recorded': 0, 'adapters_scanned': 1, 'scan_duration_ms': 42}
   [Auto-sync] 264 active, 0 recalls, graph rebuilt
2026-08-11 03:27:10.503 | INFO     | selfmind_app.recall_capture.scanner:scan:66 - [RecallScanner] Starting scan since 2026-08-11 03:22:09.667177
2026-08-11 03:27:10.529 | INFO     | selfmind_app.recall_capture.scanner:scan:73 - [RecallScanner] hermes: found 0 events
2026-08-11 03:27:10.537 | INFO     | selfmind_app.recall_capture.scanner:scan:84 - [RecallScanner] Matched 0 entries from 0 events
2026-08-11 03:27:10.544 | INFO     | selfmind_app.recall_capture.scanner:scan:103 - [RecallScanner] Scan complete: {'events_found': 0, 'entries_matched': 0, 'recalls_recorded': 0, 'adapters_scanned': 1, 'scan_duration_ms': 41}
   [Auto-sync] 264 active, 0 recalls, graph rebuilt
2026-08-11 03:32:11.412 | INFO     | selfmind_app.recall_capture.scanner:scan:66 - [RecallScanner] Starting scan since 2026-08-11 03:27:10.543744
2026-08-11 03:32:11.443 | INFO     | selfmind_app.recall_capture.scanner:scan:73 - [RecallScanner] hermes: found 0 events
2026-08-11 03:32:11.451 | INFO     | selfmind_app.recall_capture.scanner:scan:84 - [RecallScanner] Matched 0 entries from 0 events
2026-08-11 03:32:11.460 | INFO     | selfmind_app.recall_capture.scanner:scan:103 - [RecallScanner] Scan complete: {'events_found': 0, 'entries_matched': 0, 'recalls_recorded': 0, 'adapters_scanned': 1, 'scan_duration_ms': 48}
   [Auto-sync] 264 active, 0 recalls, graph rebuilt
2026-08-11 03:37:12.306 | INFO     | selfmind_app.recall_capture.scanner:scan:66 - [RecallScanner] Starting scan since 2026-08-11 03:32:11.459767
2026-08-11 03:37:12.334 | INFO     | selfmind_app.recall_capture.scanner:scan:73 - [RecallScanner] hermes: found 0 events
2026-08-11 03:37:12.342 | INFO     | selfmind_app.recall_capture.scanner:scan:84 - [RecallScanner] Matched 0 entries from 0 events
2026-08-11 03:37:12.351 | INFO     | selfmind_app.recall_capture.scanner:scan:103 - [RecallScanner] Scan complete: {'events_found': 0, 'entries_matched': 0, 'recalls_recorded': 0, 'adapters_scanned': 1, 'scan_duration_ms': 45}
   [Auto-sync] 264 active, 0 recalls, graph rebuilt
2026-08-11 03:42:13.308 | INFO     | selfmind_app.recall_capture.scanner:scan:66 - [RecallScanner] Starting scan since 2026-08-11 03:37:12.350324
2026-08-11 03:42:13.341 | INFO     | selfmind_app.recall_capture.scanner:scan:73 - [RecallScanner] hermes: found 0 events
2026-08-11 03:42:13.349 | INFO     | selfmind_app.recall_capture.scanner:scan:84 - [RecallScanner] Matched 0 entries from 0 events
2026-08-11 03:42:13.355 | INFO     | selfmind_app.recall_capture.scanner:scan:103 - [RecallScanner] Scan complete: {'events_found': 0, 'entries_matched': 0, 'recalls_recorded': 0, 'adapters_scanned': 1, 'scan_duration_ms': 46}
   [Auto-sync] 264 active, 0 recalls, graph rebuilt
2026-08-11 03:47:14.290 | INFO     | selfmind_app.recall_capture.scanner:scan:66 - [RecallScanner] Starting scan since 2026-08-11 03:42:13.355080
2026-08-11 03:47:14.319 | INFO     | selfmind_app.recall_capture.scanner:scan:73 - [RecallScanner] hermes: found 0 events
2026-08-11 03:47:14.326 | INFO     | selfmind_app.recall_capture.scanner:scan:84 - [RecallScanner] Matched 0 entries from 0 events
2026-08-11 03:47:14.332 | INFO     | selfmind_app.recall_capture.scanner:scan:103 - [RecallScanner] Scan complete: {'events_found': 0, 'entries_matched': 0, 'recalls_recorded': 0, 'adapters_scanned': 1, 'scan_duration_ms': 42}
   [Auto-sync] 264 active, 0 recalls, graph rebuilt
2026-08-11 03:52:15.204 | INFO     | selfmind_app.recall_capture.scanner:scan:66 - [RecallScanner] Starting scan since 2026-08-11 03:47:14.332118
2026-08-11 03:52:15.232 | INFO     | selfmind_app.recall_capture.scanner:scan:73 - [RecallScanner] hermes: found 0 events
2026-08-11 03:52:15.239 | INFO     | selfmind_app.recall_capture.scanner:scan:84 - [RecallScanner] Matched 0 entries from 0 events
2026-08-11 03:52:15.250 | INFO     | selfmind_app.recall_capture.scanner:scan:103 - [RecallScanner] Scan complete: {'events_found': 0, 'entries_matched': 0, 'recalls_recorded': 0, 'adapters_scanned': 1, 'scan_duration_ms': 45}
   [Auto-sync] 264 active, 0 recalls, graph rebuilt
2026-08-11 03:57:16.119 | INFO     | selfmind_app.recall_capture.scanner:scan:66 - [RecallScanner] Starting scan since 2026-08-11 03:52:15.249153
2026-08-11 03:57:16.147 | INFO     | selfmind_app.recall_capture.scanner:scan:73 - [RecallScanner] hermes: found 0 events
2026-08-11 03:57:16.155 | INFO     | selfmind_app.recall_capture.scanner:scan:84 - [RecallScanner] Matched 0 entries from 0 events
2026-08-11 03:57:16.161 | INFO     | selfmind_app.recall_capture.scanner:scan:103 - [RecallScanner] Scan complete: {'events_found': 0, 'entries_matched': 0, 'recalls_recorded': 0, 'adapters_scanned': 1, 'scan_duration_ms': 42}
   [Auto-sync] 264 active, 0 recalls, graph rebuilt
2026-08-11 04:02:17.042 | INFO     | selfmind_app.recall_capture.scanner:scan:66 - [RecallScanner] Starting scan since 2026-08-11 03:57:16.161128
2026-08-11 04:02:17.070 | INFO     | selfmind_app.recall_capture.scanner:scan:73 - [RecallScanner] hermes: found 0 events
2026-08-11 04:02:17.078 | INFO     | selfmind_app.recall_capture.scanner:scan:84 - [RecallScanner] Matched 0 entries from 0 events
2026-08-11 04:02:17.084 | INFO     | selfmind_app.recall_capture.scanner:scan:103 - [RecallScanner] Scan complete: {'events_found': 0, 'entries_matched': 0, 'recalls_recorded': 0, 'adapters_scanned': 1, 'scan_duration_ms': 42}
   [Auto-sync] 264 active, 0 recalls, graph rebuilt
2026-08-11 04:07:17.967 | INFO     | selfmind_app.recall_capture.scanner:scan:66 - [RecallScanner] Starting scan since 2026-08-11 04:02:17.084216
2026-08-11 04:07:17.997 | INFO     | selfmind_app.recall_capture.scanner:scan:73 - [RecallScanner] hermes: found 0 events
2026-08-11 04:07:18.005 | INFO     | selfmind_app.recall_capture.scanner:scan:84 - [RecallScanner] Matched 0 entries from 0 events
2026-08-11 04:07:18.011 | INFO     | selfmind_app.recall_capture.scanner:scan:103 - [RecallScanner] Scan complete: {'events_found': 0, 'entries_matched': 0, 'recalls_recorded': 0, 'adapters_scanned': 1, 'scan_duration_ms': 43}
   [Auto-sync] 264 active, 0 recalls, graph rebuilt
2026-08-11 04:12:18.889 | INFO     | selfmind_app.recall_capture.scanner:scan:66 - [RecallScanner] Starting scan since 2026-08-11 04:07:18.010800
2026-08-11 04:12:18.919 | INFO     | selfmind_app.recall_capture.scanner:scan:73 - [RecallScanner] hermes: found 0 events
2026-08-11 04:12:18.929 | INFO     | selfmind_app.recall_capture.scanner:scan:84 - [RecallScanner] Matched 0 entries from 0 events
2026-08-11 04:12:18.936 | INFO     | selfmind_app.recall_capture.scanner:scan:103 - [RecallScanner] Scan complete: {'events_found': 0, 'entries_matched': 0, 'recalls_recorded': 0, 'adapters_scanned': 1, 'scan_duration_ms': 46}
   [Auto-sync] 264 active, 0 recalls, graph rebuilt
2026-08-11 04:17:19.802 | INFO     | selfmind_app.recall_capture.scanner:scan:66 - [RecallScanner] Starting scan since 2026-08-11 04:12:18.935570
2026-08-11 04:17:19.831 | INFO     | selfmind_app.recall_capture.scanner:scan:73 - [RecallScanner] hermes: found 0 events
2026-08-11 04:17:19.838 | INFO     | selfmind_app.recall_capture.scanner:scan:84 - [RecallScanner] Matched 0 entries from 0 events
2026-08-11 04:17:19.844 | INFO     | selfmind_app.recall_capture.scanner:scan:103 - [RecallScanner] Scan complete: {'events_found': 0, 'entries_matched': 0, 'recalls_recorded': 0, 'adapters_scanned': 1, 'scan_duration_ms': 42}
   [Auto-sync] 264 active, 0 recalls, graph rebuilt
2026-08-11 04:22:20.756 | INFO     | selfmind_app.recall_capture.scanner:scan:66 - [RecallScanner] Starting scan since 2026-08-11 04:17:19.844406
2026-08-11 04:22:20.788 | INFO     | selfmind_app.recall_capture.scanner:scan:73 - [RecallScanner] hermes: found 0 events
2026-08-11 04:22:20.796 | INFO     | selfmind_app.recall_capture.scanner:scan:84 - [RecallScanner] Matched 0 entries from 0 events
2026-08-11 04:22:20.803 | INFO     | selfmind_app.recall_capture.scanner:scan:103 - [RecallScanner] Scan complete: {'events_found': 0, 'entries_matched': 0, 'recalls_recorded': 0, 'adapters_scanned': 1, 'scan_duration_ms': 46}
   [Auto-sync] 264 active, 0 recalls, graph rebuilt
2026-08-11 04:27:21.759 | INFO     | selfmind_app.recall_capture.scanner:scan:66 - [RecallScanner] Starting scan since 2026-08-11 04:22:20.802589
2026-08-11 04:27:21.785 | INFO     | selfmind_app.recall_capture.scanner:scan:73 - [RecallScanner] hermes: found 0 events
2026-08-11 04:27:21.795 | INFO     | selfmind_app.recall_capture.scanner:scan:84 - [RecallScanner] Matched 0 entries from 0 events
2026-08-11 04:27:21.803 | INFO     | selfmind_app.recall_capture.scanner:scan:103 - [RecallScanner] Scan complete: {'events_found': 0, 'entries_matched': 0, 'recalls_recorded': 0, 'adapters_scanned': 1, 'scan_duration_ms': 43}
   [Auto-sync] 264 active, 0 recalls, graph rebuilt
2026-08-11 04:32:22.687 | INFO     | selfmind_app.recall_capture.scanner:scan:66 - [RecallScanner] Starting scan since 2026-08-11 04:27:21.802359
2026-08-11 04:32:22.717 | INFO     | selfmind_app.recall_capture.scanner:scan:73 - [RecallScanner] hermes: found 0 events
2026-08-11 04:32:22.724 | INFO     | selfmind_app.recall_capture.scanner:scan:84 - [RecallScanner] Matched 0 entries from 0 events
2026-08-11 04:32:22.730 | INFO     | selfmind_app.recall_capture.scanner:scan:103 - [RecallScanner] Scan complete: {'events_found': 0, 'entries_matched': 0, 'recalls_recorded': 0, 'adapters_scanned': 1, 'scan_duration_ms': 42}
   [Auto-sync] 264 active, 0 recalls, graph rebuilt
2026-08-11 04:37:23.611 | INFO     | selfmind_app.recall_capture.scanner:scan:66 - [RecallScanner] Starting scan since 2026-08-11 04:32:22.729795
2026-08-11 04:37:23.638 | INFO     | selfmind_app.recall_capture.scanner:scan:73 - [RecallScanner] hermes: found 0 events
2026-08-11 04:37:23.645 | INFO     | selfmind_app.recall_capture.scanner:scan:84 - [RecallScanner] Matched 0 entries from 0 events
2026-08-11 04:37:23.652 | INFO     | selfmind_app.recall_capture.scanner:scan:103 - [RecallScanner] Scan complete: {'events_found': 0, 'entries_matched': 0, 'recalls_recorded': 0, 'adapters_scanned': 1, 'scan_duration_ms': 41}
   [Auto-sync] 264 active, 0 recalls, graph rebuilt
2026-08-11 04:42:24.533 | INFO     | selfmind_app.recall_capture.scanner:scan:66 - [RecallScanner] Starting scan since 2026-08-11 04:37:23.651887
2026-08-11 04:42:24.562 | INFO     | selfmind_app.recall_capture.scanner:scan:73 - [RecallScanner] hermes: found 0 events
2026-08-11 04:42:24.570 | INFO     | selfmind_app.recall_capture.scanner:scan:84 - [RecallScanner] Matched 0 entries from 0 events
2026-08-11 04:42:24.577 | INFO     | selfmind_app.recall_capture.scanner:scan:103 - [RecallScanner] Scan complete: {'events_found': 0, 'entries_matched': 0, 'recalls_recorded': 0, 'adapters_scanned': 1, 'scan_duration_ms': 44}
   [Auto-sync] 264 active, 0 recalls, graph rebuilt
2026-08-11 04:47:25.470 | INFO     | selfmind_app.recall_capture.scanner:scan:66 - [RecallScanner] Starting scan since 2026-08-11 04:42:24.576631
2026-08-11 04:47:25.498 | INFO     | selfmind_app.recall_capture.scanner:scan:73 - [RecallScanner] hermes: found 0 events
2026-08-11 04:47:25.506 | INFO     | selfmind_app.recall_capture.scanner:scan:84 - [RecallScanner] Matched 0 entries from 0 events
2026-08-11 04:47:25.514 | INFO     | selfmind_app.recall_capture.scanner:scan:103 - [RecallScanner] Scan complete: {'events_found': 0, 'entries_matched': 0, 'recalls_recorded': 0, 'adapters_scanned': 1, 'scan_duration_ms': 43}
   [Auto-sync] 264 active, 0 recalls, graph rebuilt
2026-08-11 04:52:26.385 | INFO     | selfmind_app.recall_capture.scanner:scan:66 - [RecallScanner] Starting scan since 2026-08-11 04:47:25.513583
2026-08-11 04:52:26.414 | INFO     | selfmind_app.recall_capture.scanner:scan:73 - [RecallScanner] hermes: found 0 events
2026-08-11 04:52:26.427 | INFO     | selfmind_app.recall_capture.scanner:scan:84 - [RecallScanner] Matched 0 entries from 0 events
2026-08-11 04:52:26.434 | INFO     | selfmind_app.recall_capture.scanner:scan:103 - [RecallScanner] Scan complete: {'events_found': 0, 'entries_matched': 0, 'recalls_recorded': 0, 'adapters_scanned': 1, 'scan_duration_ms': 48}
   [Auto-sync] 264 active, 0 recalls, graph rebuilt
2026-08-11 04:57:27.348 | INFO     | selfmind_app.recall_capture.scanner:scan:66 - [RecallScanner] Starting scan since 2026-08-11 04:52:26.433332
2026-08-11 04:57:27.379 | INFO     | selfmind_app.recall_capture.scanner:scan:73 - [RecallScanner] hermes: found 0 events
2026-08-11 04:57:27.387 | INFO     | selfmind_app.recall_capture.scanner:scan:84 - [RecallScanner] Matched 0 entries from 0 events
2026-08-11 04:57:27.393 | INFO     | selfmind_app.recall_capture.scanner:scan:103 - [RecallScanner] Scan complete: {'events_found': 0, 'entries_matched': 0, 'recalls_recorded': 0, 'adapters_scanned': 1, 'scan_duration_ms': 45}
   [Auto-sync] 264 active, 0 recalls, graph rebuilt
2026-08-11 05:02:28.317 | INFO     | selfmind_app.recall_capture.scanner:scan:66 - [RecallScanner] Starting scan since 2026-08-11 04:57:27.392759
2026-08-11 05:02:28.346 | INFO     | selfmind_app.recall_capture.scanner:scan:73 - [RecallScanner] hermes: found 0 events
2026-08-11 05:02:28.353 | INFO     | selfmind_app.recall_capture.scanner:scan:84 - [RecallScanner] Matched 0 entries from 0 events
2026-08-11 05:02:28.360 | INFO     | selfmind_app.recall_capture.scanner:scan:103 - [RecallScanner] Scan complete: {'events_found': 0, 'entries_matched': 0, 'recalls_recorded': 0, 'adapters_scanned': 1, 'scan_duration_ms': 42}
   [Auto-sync] 264 active, 0 recalls, graph rebuilt
2026-08-11 05:07:29.283 | INFO     | selfmind_app.recall_capture.scanner:scan:66 - [RecallScanner] Starting scan since 2026-08-11 05:02:28.359553
2026-08-11 05:07:29.314 | INFO     | selfmind_app.recall_capture.scanner:scan:73 - [RecallScanner] hermes: found 0 events
2026-08-11 05:07:29.321 | INFO     | selfmind_app.recall_capture.scanner:scan:84 - [RecallScanner] Matched 0 entries from 0 events
2026-08-11 05:07:29.327 | INFO     | selfmind_app.recall_capture.scanner:scan:103 - [RecallScanner] Scan complete: {'events_found': 0, 'entries_matched': 0, 'recalls_recorded': 0, 'adapters_scanned': 1, 'scan_duration_ms': 44}
   [Auto-sync] 264 active, 0 recalls, graph rebuilt
2026-08-11 05:12:30.263 | INFO     | selfmind_app.recall_capture.scanner:scan:66 - [RecallScanner] Starting scan since 2026-08-11 05:07:29.327174
2026-08-11 05:12:30.291 | INFO     | selfmind_app.recall_capture.scanner:scan:73 - [RecallScanner] hermes: found 0 events
2026-08-11 05:12:30.298 | INFO     | selfmind_app.recall_capture.scanner:scan:84 - [RecallScanner] Matched 0 entries from 0 events
2026-08-11 05:12:30.305 | INFO     | selfmind_app.recall_capture.scanner:scan:103 - [RecallScanner] Scan complete: {'events_found': 0, 'entries_matched': 0, 'recalls_recorded': 0, 'adapters_scanned': 1, 'scan_duration_ms': 41}
   [Auto-sync] 264 active, 0 recalls, graph rebuilt
2026-08-11 05:17:31.194 | INFO     | selfmind_app.recall_capture.scanner:scan:66 - [RecallScanner] Starting scan since 2026-08-11 05:12:30.304405
2026-08-11 05:17:31.223 | INFO     | selfmind_app.recall_capture.scanner:scan:73 - [RecallScanner] hermes: found 0 events
2026-08-11 05:17:31.230 | INFO     | selfmind_app.recall_capture.scanner:scan:84 - [RecallScanner] Matched 0 entries from 0 events
2026-08-11 05:17:31.240 | INFO     | selfmind_app.recall_capture.scanner:scan:103 - [RecallScanner] Scan complete: {'events_found': 0, 'entries_matched': 0, 'recalls_recorded': 0, 'adapters_scanned': 1, 'scan_duration_ms': 45}
   [Auto-sync] 264 active, 0 recalls, graph rebuilt
2026-08-11 05:22:32.124 | INFO     | selfmind_app.recall_capture.scanner:scan:66 - [RecallScanner] Starting scan since 2026-08-11 05:17:31.239290
2026-08-11 05:22:32.153 | INFO     | selfmind_app.recall_capture.scanner:scan:73 - [RecallScanner] hermes: found 0 events
2026-08-11 05:22:32.161 | INFO     | selfmind_app.recall_capture.scanner:scan:84 - [RecallScanner] Matched 0 entries from 0 events
2026-08-11 05:22:32.167 | INFO     | selfmind_app.recall_capture.scanner:scan:103 - [RecallScanner] Scan complete: {'events_found': 0, 'entries_matched': 0, 'recalls_recorded': 0, 'adapters_scanned': 1, 'scan_duration_ms': 43}
   [Auto-sync] 264 active, 0 recalls, graph rebuilt
2026-08-11 05:27:33.049 | INFO     | selfmind_app.recall_capture.scanner:scan:66 - [RecallScanner] Starting scan since 2026-08-11 05:22:32.167186
2026-08-11 05:27:33.078 | INFO     | selfmind_app.recall_capture.scanner:scan:73 - [RecallScanner] hermes: found 0 events
2026-08-11 05:27:33.085 | INFO     | selfmind_app.recall_capture.scanner:scan:84 - [RecallScanner] Matched 0 entries from 0 events
2026-08-11 05:27:33.091 | INFO     | selfmind_app.recall_capture.scanner:scan:103 - [RecallScanner] Scan complete: {'events_found': 0, 'entries_matched': 0, 'recalls_recorded': 0, 'adapters_scanned': 1, 'scan_duration_ms': 42}
   [Auto-sync] 264 active, 0 recalls, graph rebuilt
2026-08-11 05:32:33.956 | INFO     | selfmind_app.recall_capture.scanner:scan:66 - [RecallScanner] Starting scan since 2026-08-11 05:27:33.091397
2026-08-11 05:32:33.985 | INFO     | selfmind_app.recall_capture.scanner:scan:73 - [RecallScanner] hermes: found 0 events
2026-08-11 05:32:33.994 | INFO     | selfmind_app.recall_capture.scanner:scan:84 - [RecallScanner] Matched 0 entries from 0 events
2026-08-11 05:32:34.001 | INFO     | selfmind_app.recall_capture.scanner:scan:103 - [RecallScanner] Scan complete: {'events_found': 0, 'entries_matched': 0, 'recalls_recorded': 0, 'adapters_scanned': 1, 'scan_duration_ms': 44}
   [Auto-sync] 264 active, 0 recalls, graph rebuilt
2026-08-11 05:37:34.910 | INFO     | selfmind_app.recall_capture.scanner:scan:66 - [RecallScanner] Starting scan since 2026-08-11 05:32:34.000461
2026-08-11 05:37:34.941 | INFO     | selfmind_app.recall_capture.scanner:scan:73 - [RecallScanner] hermes: found 0 events
2026-08-11 05:37:34.948 | INFO     | selfmind_app.recall_capture.scanner:scan:84 - [RecallScanner] Matched 0 entries from 0 events
2026-08-11 05:37:34.955 | INFO     | selfmind_app.recall_capture.scanner:scan:103 - [RecallScanner] Scan complete: {'events_found': 0, 'entries_matched': 0, 'recalls_recorded': 0, 'adapters_scanned': 1, 'scan_duration_ms': 44}
   [Auto-sync] 264 active, 0 recalls, graph rebuilt
2026-08-11 05:42:35.896 | INFO     | selfmind_app.recall_capture.scanner:scan:66 - [RecallScanner] Starting scan since 2026-08-11 05:37:34.954514
2026-08-11 05:42:35.925 | INFO     | selfmind_app.recall_capture.scanner:scan:73 - [RecallScanner] hermes: found 0 events
2026-08-11 05:42:35.933 | INFO     | selfmind_app.recall_capture.scanner:scan:84 - [RecallScanner] Matched 0 entries from 0 events
2026-08-11 05:42:35.940 | INFO     | selfmind_app.recall_capture.scanner:scan:103 - [RecallScanner] Scan complete: {'events_found': 0, 'entries_matched': 0, 'recalls_recorded': 0, 'adapters_scanned': 1, 'scan_duration_ms': 43}
   [Auto-sync] 264 active, 0 recalls, graph rebuilt
2026-08-11 05:47:36.813 | INFO     | selfmind_app.recall_capture.scanner:scan:66 - [RecallScanner] Starting scan since 2026-08-11 05:42:35.939573
2026-08-11 05:47:36.841 | INFO     | selfmind_app.recall_capture.scanner:scan:73 - [RecallScanner] hermes: found 0 events
2026-08-11 05:47:36.848 | INFO     | selfmind_app.recall_capture.scanner:scan:84 - [RecallScanner] Matched 0 entries from 0 events
2026-08-11 05:47:36.855 | INFO     | selfmind_app.recall_capture.scanner:scan:103 - [RecallScanner] Scan complete: {'events_found': 0, 'entries_matched': 0, 'recalls_recorded': 0, 'adapters_scanned': 1, 'scan_duration_ms': 42}
   [Auto-sync] 264 active, 0 recalls, graph rebuilt
2026-08-11 05:52:37.680 | INFO     | selfmind_app.recall_capture.scanner:scan:66 - [RecallScanner] Starting scan since 2026-08-11 05:47:36.854675
2026-08-11 05:52:37.709 | INFO     | selfmind_app.recall_capture.scanner:scan:73 - [RecallScanner] hermes: found 0 events
2026-08-11 05:52:37.717 | INFO     | selfmind_app.recall_capture.scanner:scan:84 - [RecallScanner] Matched 0 entries from 0 events
2026-08-11 05:52:37.724 | INFO     | selfmind_app.recall_capture.scanner:scan:103 - [RecallScanner] Scan complete: {'events_found': 0, 'entries_matched': 0, 'recalls_recorded': 0, 'adapters_scanned': 1, 'scan_duration_ms': 44}
   [Auto-sync] 264 active, 0 recalls, graph rebuilt
2026-08-11 05:57:38.691 | INFO     | selfmind_app.recall_capture.scanner:scan:66 - [RecallScanner] Starting scan since 2026-08-11 05:52:37.723725
2026-08-11 05:57:38.719 | INFO     | selfmind_app.recall_capture.scanner:scan:73 - [RecallScanner] hermes: found 0 events
2026-08-11 05:57:38.729 | INFO     | selfmind_app.recall_capture.scanner:scan:84 - [RecallScanner] Matched 0 entries from 0 events
2026-08-11 05:57:38.736 | INFO     | selfmind_app.recall_capture.scanner:scan:103 - [RecallScanner] Scan complete: {'events_found': 0, 'entries_matched': 0, 'recalls_recorded': 0, 'adapters_scanned': 1, 'scan_duration_ms': 44}
   [Auto-sync] 264 active, 0 recalls, graph rebuilt
2026-08-11 06:02:39.633 | INFO     | selfmind_app.recall_capture.scanner:scan:66 - [RecallScanner] Starting scan since 2026-08-11 05:57:38.735436
2026-08-11 06:02:39.661 | INFO     | selfmind_app.recall_capture.scanner:scan:73 - [RecallScanner] hermes: found 0 events
2026-08-11 06:02:39.669 | INFO     | selfmind_app.recall_capture.scanner:scan:84 - [RecallScanner] Matched 0 entries from 0 events
2026-08-11 06:02:39.675 | INFO     | selfmind_app.recall_capture.scanner:scan:103 - [RecallScanner] Scan complete: {'events_found': 0, 'entries_matched': 0, 'recalls_recorded': 0, 'adapters_scanned': 1, 'scan_duration_ms': 42}
   [Auto-sync] 264 active, 0 recalls, graph rebuilt
2026-08-11 06:07:40.715 | INFO     | selfmind_app.recall_capture.scanner:scan:66 - [RecallScanner] Starting scan since 2026-08-11 06:02:39.675058
2026-08-11 06:07:40.742 | INFO     | selfmind_app.recall_capture.scanner:scan:73 - [RecallScanner] hermes: found 0 events
2026-08-11 06:07:40.750 | INFO     | selfmind_app.recall_capture.scanner:scan:84 - [RecallScanner] Matched 0 entries from 0 events
2026-08-11 06:07:40.756 | INFO     | selfmind_app.recall_capture.scanner:scan:103 - [RecallScanner] Scan complete: {'events_found': 0, 'entries_matched': 0, 'recalls_recorded': 0, 'adapters_scanned': 1, 'scan_duration_ms': 40}
   [Auto-sync] 264 active, 0 recalls, graph rebuilt
2026-08-11 06:12:41.714 | INFO     | selfmind_app.recall_capture.scanner:scan:66 - [RecallScanner] Starting scan since 2026-08-11 06:07:40.755540
2026-08-11 06:12:41.743 | INFO     | selfmind_app.recall_capture.scanner:scan:73 - [RecallScanner] hermes: found 0 events
2026-08-11 06:12:41.751 | INFO     | selfmind_app.recall_capture.scanner:scan:84 - [RecallScanner] Matched 0 entries from 0 events
2026-08-11 06:12:41.758 | INFO     | selfmind_app.recall_capture.scanner:scan:103 - [RecallScanner] Scan complete: {'events_found': 0, 'entries_matched': 0, 'recalls_recorded': 0, 'adapters_scanned': 1, 'scan_duration_ms': 44}
   [Auto-sync] 264 active, 0 recalls, graph rebuilt
2026-08-11 06:17:42.679 | INFO     | selfmind_app.recall_capture.scanner:scan:66 - [RecallScanner] Starting scan since 2026-08-11 06:12:41.758033
2026-08-11 06:17:42.707 | INFO     | selfmind_app.recall_capture.scanner:scan:73 - [RecallScanner] hermes: found 0 events
2026-08-11 06:17:42.720 | INFO     | selfmind_app.recall_capture.scanner:scan:84 - [RecallScanner] Matched 0 entries from 0 events
2026-08-11 06:17:42.726 | INFO     | selfmind_app.recall_capture.scanner:scan:103 - [RecallScanner] Scan complete: {'events_found': 0, 'entries_matched': 0, 'recalls_recorded': 0, 'adapters_scanned': 1, 'scan_duration_ms': 47}
   [Auto-sync] 264 active, 0 recalls, graph rebuilt
2026-08-11 06:22:43.686 | INFO     | selfmind_app.recall_capture.scanner:scan:66 - [RecallScanner] Starting scan since 2026-08-11 06:17:42.726129
2026-08-11 06:22:43.714 | INFO     | selfmind_app.recall_capture.scanner:scan:73 - [RecallScanner] hermes: found 0 events
2026-08-11 06:22:43.722 | INFO     | selfmind_app.recall_capture.scanner:scan:84 - [RecallScanner] Matched 0 entries from 0 events
2026-08-11 06:22:43.728 | INFO     | selfmind_app.recall_capture.scanner:scan:103 - [RecallScanner] Scan complete: {'events_found': 0, 'entries_matched': 0, 'recalls_recorded': 0, 'adapters_scanned': 1, 'scan_duration_ms': 41}
   [Auto-sync] 264 active, 0 recalls, graph rebuilt
2026-08-11 06:27:44.702 | INFO     | selfmind_app.recall_capture.scanner:scan:66 - [RecallScanner] Starting scan since 2026-08-11 06:22:43.727932
2026-08-11 06:27:44.732 | INFO     | selfmind_app.recall_capture.scanner:scan:73 - [RecallScanner] hermes: found 0 events
2026-08-11 06:27:44.740 | INFO     | selfmind_app.recall_capture.scanner:scan:84 - [RecallScanner] Matched 0 entries from 0 events
2026-08-11 06:27:44.747 | INFO     | selfmind_app.recall_capture.scanner:scan:103 - [RecallScanner] Scan complete: {'events_found': 0, 'entries_matched': 0, 'recalls_recorded': 0, 'adapters_scanned': 1, 'scan_duration_ms': 44}
   [Auto-sync] 264 active, 0 recalls, graph rebuilt
2026-08-11 06:32:45.632 | INFO     | selfmind_app.recall_capture.scanner:scan:66 - [RecallScanner] Starting scan since 2026-08-11 06:27:44.746383
2026-08-11 06:32:45.660 | INFO     | selfmind_app.recall_capture.scanner:scan:73 - [RecallScanner] hermes: found 0 events
2026-08-11 06:32:45.668 | INFO     | selfmind_app.recall_capture.scanner:scan:84 - [RecallScanner] Matched 0 entries from 0 events
2026-08-11 06:32:45.674 | INFO     | selfmind_app.recall_capture.scanner:scan:103 - [RecallScanner] Scan complete: {'events_found': 0, 'entries_matched': 0, 'recalls_recorded': 0, 'adapters_scanned': 1, 'scan_duration_ms': 41}
   [Auto-sync] 264 active, 0 recalls, graph rebuilt
2026-08-11 06:37:46.662 | INFO     | selfmind_app.recall_capture.scanner:scan:66 - [RecallScanner] Starting scan since 2026-08-11 06:32:45.673690
2026-08-11 06:37:46.689 | INFO     | selfmind_app.recall_capture.scanner:scan:73 - [RecallScanner] hermes: found 0 events
2026-08-11 06:37:46.697 | INFO     | selfmind_app.recall_capture.scanner:scan:84 - [RecallScanner] Matched 0 entries from 0 events
2026-08-11 06:37:46.704 | INFO     | selfmind_app.recall_capture.scanner:scan:103 - [RecallScanner] Scan complete: {'events_found': 0, 'entries_matched': 0, 'recalls_recorded': 0, 'adapters_scanned': 1, 'scan_duration_ms': 42}
   [Auto-sync] 264 active, 0 recalls, graph rebuilt
2026-08-11 06:42:47.606 | INFO     | selfmind_app.recall_capture.scanner:scan:66 - [RecallScanner] Starting scan since 2026-08-11 06:37:46.703797
2026-08-11 06:42:47.634 | INFO     | selfmind_app.recall_capture.scanner:scan:73 - [RecallScanner] hermes: found 0 events
2026-08-11 06:42:47.644 | INFO     | selfmind_app.recall_capture.scanner:scan:84 - [RecallScanner] Matched 0 entries from 0 events
2026-08-11 06:42:47.651 | INFO     | selfmind_app.recall_capture.scanner:scan:103 - [RecallScanner] Scan complete: {'events_found': 0, 'entries_matched': 0, 'recalls_recorded': 0, 'adapters_scanned': 1, 'scan_duration_ms': 45}
   [Auto-sync] 264 active, 0 recalls, graph rebuilt
2026-08-11 06:47:48.516 | INFO     | selfmind_app.recall_capture.scanner:scan:66 - [RecallScanner] Starting scan since 2026-08-11 06:42:47.650714
2026-08-11 06:47:48.545 | INFO     | selfmind_app.recall_capture.scanner:scan:73 - [RecallScanner] hermes: found 0 events
2026-08-11 06:47:48.553 | INFO     | selfmind_app.recall_capture.scanner:scan:84 - [RecallScanner] Matched 0 entries from 0 events
2026-08-11 06:47:48.559 | INFO     | selfmind_app.recall_capture.scanner:scan:103 - [RecallScanner] Scan complete: {'events_found': 0, 'entries_matched': 0, 'recalls_recorded': 0, 'adapters_scanned': 1, 'scan_duration_ms': 42}
   [Auto-sync] 264 active, 0 recalls, graph rebuilt
2026-08-11 06:52:49.524 | INFO     | selfmind_app.recall_capture.scanner:scan:66 - [RecallScanner] Starting scan since 2026-08-11 06:47:48.558747
2026-08-11 06:52:49.551 | INFO     | selfmind_app.recall_capture.scanner:scan:73 - [RecallScanner] hermes: found 0 events
2026-08-11 06:52:49.559 | INFO     | selfmind_app.recall_capture.scanner:scan:84 - [RecallScanner] Matched 0 entries from 0 events
2026-08-11 06:52:49.565 | INFO     | selfmind_app.recall_capture.scanner:scan:103 - [RecallScanner] Scan complete: {'events_found': 0, 'entries_matched': 0, 'recalls_recorded': 0, 'adapters_scanned': 1, 'scan_duration_ms': 41}
   [Auto-sync] 264 active, 0 recalls, graph rebuilt
2026-08-11 06:57:50.573 | INFO     | selfmind_app.recall_capture.scanner:scan:66 - [RecallScanner] Starting scan since 2026-08-11 06:52:49.565164
2026-08-11 06:57:50.602 | INFO     | selfmind_app.recall_capture.scanner:scan:73 - [RecallScanner] hermes: found 0 events
2026-08-11 06:57:50.610 | INFO     | selfmind_app.recall_capture.scanner:scan:84 - [RecallScanner] Matched 0 entries from 0 events
2026-08-11 06:57:50.617 | INFO     | selfmind_app.recall_capture.scanner:scan:103 - [RecallScanner] Scan complete: {'events_found': 0, 'entries_matched': 0, 'recalls_recorded': 0, 'adapters_scanned': 1, 'scan_duration_ms': 43}
   [Auto-sync] 264 active, 0 recalls, graph rebuilt
2026-08-11 07:02:51.636 | INFO     | selfmind_app.recall_capture.scanner:scan:66 - [RecallScanner] Starting scan since 2026-08-11 06:57:50.616294
2026-08-11 07:02:51.663 | INFO     | selfmind_app.recall_capture.scanner:scan:73 - [RecallScanner] hermes: found 0 events
2026-08-11 07:02:51.671 | INFO     | selfmind_app.recall_capture.scanner:scan:84 - [RecallScanner] Matched 0 entries from 0 events
2026-08-11 07:02:51.682 | INFO     | selfmind_app.recall_capture.scanner:scan:103 - [RecallScanner] Scan complete: {'events_found': 0, 'entries_matched': 0, 'recalls_recorded': 0, 'adapters_scanned': 1, 'scan_duration_ms': 45}
   [Auto-sync] 264 active, 0 recalls, graph rebuilt
2026-08-11 07:07:52.583 | INFO     | selfmind_app.recall_capture.scanner:scan:66 - [RecallScanner] Starting scan since 2026-08-11 07:02:51.681407
2026-08-11 07:07:52.610 | INFO     | selfmind_app.recall_capture.scanner:scan:73 - [RecallScanner] hermes: found 0 events
2026-08-11 07:07:52.625 | INFO     | selfmind_app.recall_capture.scanner:scan:84 - [RecallScanner] Matched 0 entries from 0 events
2026-08-11 07:07:52.632 | INFO     | selfmind_app.recall_capture.scanner:scan:103 - [RecallScanner] Scan complete: {'events_found': 0, 'entries_matched': 0, 'recalls_recorded': 0, 'adapters_scanned': 1, 'scan_duration_ms': 48}
   [Auto-sync] 264 active, 0 recalls, graph rebuilt
2026-08-11 07:12:53.616 | INFO     | selfmind_app.recall_capture.scanner:scan:66 - [RecallScanner] Starting scan since 2026-08-11 07:07:52.631076
2026-08-11 07:12:53.644 | INFO     | selfmind_app.recall_capture.scanner:scan:73 - [RecallScanner] hermes: found 0 events
2026-08-11 07:12:53.651 | INFO     | selfmind_app.recall_capture.scanner:scan:84 - [RecallScanner] Matched 0 entries from 0 events
2026-08-11 07:12:53.659 | INFO     | selfmind_app.recall_capture.scanner:scan:103 - [RecallScanner] Scan complete: {'events_found': 0, 'entries_matched': 0, 'recalls_recorded': 0, 'adapters_scanned': 1, 'scan_duration_ms': 42}
   [Auto-sync] 264 active, 0 recalls, graph rebuilt
2026-08-11 07:17:54.678 | INFO     | selfmind_app.recall_capture.scanner:scan:66 - [RecallScanner] Starting scan since 2026-08-11 07:12:53.658544
2026-08-11 07:17:54.707 | INFO     | selfmind_app.recall_capture.scanner:scan:73 - [RecallScanner] hermes: found 0 events
2026-08-11 07:17:54.714 | INFO     | selfmind_app.recall_capture.scanner:scan:84 - [RecallScanner] Matched 0 entries from 0 events
2026-08-11 07:17:54.721 | INFO     | selfmind_app.recall_capture.scanner:scan:103 - [RecallScanner] Scan complete: {'events_found': 0, 'entries_matched': 0, 'recalls_recorded': 0, 'adapters_scanned': 1, 'scan_duration_ms': 43}
   [Auto-sync] 264 active, 0 recalls, graph rebuilt
2026-08-11 07:22:55.605 | INFO     | selfmind_app.recall_capture.scanner:scan:66 - [RecallScanner] Starting scan since 2026-08-11 07:17:54.720524
2026-08-11 07:22:55.634 | INFO     | selfmind_app.recall_capture.scanner:scan:73 - [RecallScanner] hermes: found 0 events
2026-08-11 07:22:55.646 | INFO     | selfmind_app.recall_capture.scanner:scan:84 - [RecallScanner] Matched 0 entries from 0 events
2026-08-11 07:22:55.653 | INFO     | selfmind_app.recall_capture.scanner:scan:103 - [RecallScanner] Scan complete: {'events_found': 0, 'entries_matched': 0, 'recalls_recorded': 0, 'adapters_scanned': 1, 'scan_duration_ms': 47}
   [Auto-sync] 264 active, 0 recalls, graph rebuilt
2026-08-11 07:27:56.725 | INFO     | selfmind_app.recall_capture.scanner:scan:66 - [RecallScanner] Starting scan since 2026-08-11 07:22:55.652601
2026-08-11 07:27:56.753 | INFO     | selfmind_app.recall_capture.scanner:scan:73 - [RecallScanner] hermes: found 0 events
2026-08-11 07:27:56.765 | INFO     | selfmind_app.recall_capture.scanner:scan:84 - [RecallScanner] Matched 0 entries from 0 events
2026-08-11 07:27:56.772 | INFO     | selfmind_app.recall_capture.scanner:scan:103 - [RecallScanner] Scan complete: {'events_found': 0, 'entries_matched': 0, 'recalls_recorded': 0, 'adapters_scanned': 1, 'scan_duration_ms': 46}
   [Auto-sync] 264 active, 0 recalls, graph rebuilt
2026-08-11 07:32:57.679 | INFO     | selfmind_app.recall_capture.scanner:scan:66 - [RecallScanner] Starting scan since 2026-08-11 07:27:56.771471
2026-08-11 07:32:57.708 | INFO     | selfmind_app.recall_capture.scanner:scan:73 - [RecallScanner] hermes: found 0 events
2026-08-11 07:32:57.716 | INFO     | selfmind_app.recall_capture.scanner:scan:84 - [RecallScanner] Matched 0 entries from 0 events
2026-08-11 07:32:57.723 | INFO     | selfmind_app.recall_capture.scanner:scan:103 - [RecallScanner] Scan complete: {'events_found': 0, 'entries_matched': 0, 'recalls_recorded': 0, 'adapters_scanned': 1, 'scan_duration_ms': 43}
   [Auto-sync] 264 active, 0 recalls, graph rebuilt
2026-08-11 07:37:58.656 | INFO     | selfmind_app.recall_capture.scanner:scan:66 - [RecallScanner] Starting scan since 2026-08-11 07:32:57.722822
2026-08-11 07:37:58.685 | INFO     | selfmind_app.recall_capture.scanner:scan:73 - [RecallScanner] hermes: found 0 events
2026-08-11 07:37:58.692 | INFO     | selfmind_app.recall_capture.scanner:scan:84 - [RecallScanner] Matched 0 entries from 0 events
2026-08-11 07:37:58.698 | INFO     | selfmind_app.recall_capture.scanner:scan:103 - [RecallScanner] Scan complete: {'events_found': 0, 'entries_matched': 0, 'recalls_recorded': 0, 'adapters_scanned': 1, 'scan_duration_ms': 42}
   [Auto-sync] 264 active, 0 recalls, graph rebuilt
2026-08-11 07:42:59.675 | INFO     | selfmind_app.recall_capture.scanner:scan:66 - [RecallScanner] Starting scan since 2026-08-11 07:37:58.698211
2026-08-11 07:42:59.702 | INFO     | selfmind_app.recall_capture.scanner:scan:73 - [RecallScanner] hermes: found 0 events
2026-08-11 07:42:59.715 | INFO     | selfmind_app.recall_capture.scanner:scan:84 - [RecallScanner] Matched 0 entries from 0 events
2026-08-11 07:42:59.722 | INFO     | selfmind_app.recall_capture.scanner:scan:103 - [RecallScanner] Scan complete: {'events_found': 0, 'entries_matched': 0, 'recalls_recorded': 0, 'adapters_scanned': 1, 'scan_duration_ms': 47}
   [Auto-sync] 264 active, 0 recalls, graph rebuilt
2026-08-11 07:48:00.642 | INFO     | selfmind_app.recall_capture.scanner:scan:66 - [RecallScanner] Starting scan since 2026-08-11 07:42:59.721668
2026-08-11 07:48:00.670 | INFO     | selfmind_app.recall_capture.scanner:scan:73 - [RecallScanner] hermes: found 0 events
2026-08-11 07:48:00.678 | INFO     | selfmind_app.recall_capture.scanner:scan:84 - [RecallScanner] Matched 0 entries from 0 events
2026-08-11 07:48:00.684 | INFO     | selfmind_app.recall_capture.scanner:scan:103 - [RecallScanner] Scan complete: {'events_found': 0, 'entries_matched': 0, 'recalls_recorded': 0, 'adapters_scanned': 1, 'scan_duration_ms': 42}
   [Auto-sync] 264 active, 0 recalls, graph rebuilt
2026-08-11 07:53:01.756 | INFO     | selfmind_app.recall_capture.scanner:scan:66 - [RecallScanner] Starting scan since 2026-08-11 07:48:00.683858
2026-08-11 07:53:01.783 | INFO     | selfmind_app.recall_capture.scanner:scan:73 - [RecallScanner] hermes: found 0 events
2026-08-11 07:53:01.791 | INFO     | selfmind_app.recall_capture.scanner:scan:84 - [RecallScanner] Matched 0 entries from 0 events
2026-08-11 07:53:01.801 | INFO     | selfmind_app.recall_capture.scanner:scan:103 - [RecallScanner] Scan complete: {'events_found': 0, 'entries_matched': 0, 'recalls_recorded': 0, 'adapters_scanned': 1, 'scan_duration_ms': 44}
   [Auto-sync] 264 active, 0 recalls, graph rebuilt
2026-08-11 07:58:02.679 | INFO     | selfmind_app.recall_capture.scanner:scan:66 - [RecallScanner] Starting scan since 2026-08-11 07:53:01.800303
2026-08-11 07:58:02.708 | INFO     | selfmind_app.recall_capture.scanner:scan:73 - [RecallScanner] hermes: found 0 events
2026-08-11 07:58:02.715 | INFO     | selfmind_app.recall_capture.scanner:scan:84 - [RecallScanner] Matched 0 entries from 0 events
2026-08-11 07:58:02.722 | INFO     | selfmind_app.recall_capture.scanner:scan:103 - [RecallScanner] Scan complete: {'events_found': 0, 'entries_matched': 0, 'recalls_recorded': 0, 'adapters_scanned': 1, 'scan_duration_ms': 43}
   [Auto-sync] 264 active, 0 recalls, graph rebuilt
2026-08-11 08:03:03.660 | INFO     | selfmind_app.recall_capture.scanner:scan:66 - [RecallScanner] Starting scan since 2026-08-11 07:58:02.721649
2026-08-11 08:03:03.697 | INFO     | selfmind_app.recall_capture.scanner:scan:73 - [RecallScanner] hermes: found 0 events
2026-08-11 08:03:03.705 | INFO     | selfmind_app.recall_capture.scanner:scan:84 - [RecallScanner] Matched 0 entries from 0 events
2026-08-11 08:03:03.712 | INFO     | selfmind_app.recall_capture.scanner:scan:103 - [RecallScanner] Scan complete: {'events_found': 0, 'entries_matched': 0, 'recalls_recorded': 0, 'adapters_scanned': 1, 'scan_duration_ms': 51}
   [Auto-sync] 264 active, 0 recalls, graph rebuilt
2026-08-11 08:08:04.557 | INFO     | selfmind_app.recall_capture.scanner:scan:66 - [RecallScanner] Starting scan since 2026-08-11 08:03:03.711539
2026-08-11 08:08:04.587 | INFO     | selfmind_app.recall_capture.scanner:scan:73 - [RecallScanner] hermes: found 0 events
2026-08-11 08:08:04.595 | INFO     | selfmind_app.recall_capture.scanner:scan:84 - [RecallScanner] Matched 0 entries from 0 events
2026-08-11 08:08:04.602 | INFO     | selfmind_app.recall_capture.scanner:scan:103 - [RecallScanner] Scan complete: {'events_found': 0, 'entries_matched': 0, 'recalls_recorded': 0, 'adapters_scanned': 1, 'scan_duration_ms': 45}
   [Auto-sync] 264 active, 0 recalls, graph rebuilt
2026-08-11 08:13:05.590 | INFO     | selfmind_app.recall_capture.scanner:scan:66 - [RecallScanner] Starting scan since 2026-08-11 08:08:04.602211
2026-08-11 08:13:05.619 | INFO     | selfmind_app.recall_capture.scanner:scan:73 - [RecallScanner] hermes: found 0 events
2026-08-11 08:13:05.627 | INFO     | selfmind_app.recall_capture.scanner:scan:84 - [RecallScanner] Matched 0 entries from 0 events
2026-08-11 08:13:05.633 | INFO     | selfmind_app.recall_capture.scanner:scan:103 - [RecallScanner] Scan complete: {'events_found': 0, 'entries_matched': 0, 'recalls_recorded': 0, 'adapters_scanned': 1, 'scan_duration_ms': 43}
   [Auto-sync] 264 active, 0 recalls, graph rebuilt
2026-08-11 08:18:06.626 | INFO     | selfmind_app.recall_capture.scanner:scan:66 - [RecallScanner] Starting scan since 2026-08-11 08:13:05.633085
2026-08-11 08:18:06.654 | INFO     | selfmind_app.recall_capture.scanner:scan:73 - [RecallScanner] hermes: found 0 events
2026-08-11 08:18:06.665 | INFO     | selfmind_app.recall_capture.scanner:scan:84 - [RecallScanner] Matched 0 entries from 0 events
2026-08-11 08:18:06.671 | INFO     | selfmind_app.recall_capture.scanner:scan:103 - [RecallScanner] Scan complete: {'events_found': 0, 'entries_matched': 0, 'recalls_recorded': 0, 'adapters_scanned': 1, 'scan_duration_ms': 45}
   [Auto-sync] 264 active, 0 recalls, graph rebuilt
2026-08-11 08:23:07.635 | INFO     | selfmind_app.recall_capture.scanner:scan:66 - [RecallScanner] Starting scan since 2026-08-11 08:18:06.671236
2026-08-11 08:23:07.664 | INFO     | selfmind_app.recall_capture.scanner:scan:73 - [RecallScanner] hermes: found 0 events
2026-08-11 08:23:07.674 | INFO     | selfmind_app.recall_capture.scanner:scan:84 - [RecallScanner] Matched 0 entries from 0 events
2026-08-11 08:23:07.680 | INFO     | selfmind_app.recall_capture.scanner:scan:103 - [RecallScanner] Scan complete: {'events_found': 0, 'entries_matched': 0, 'recalls_recorded': 0, 'adapters_scanned': 1, 'scan_duration_ms': 45}
   [Auto-sync] 264 active, 0 recalls, graph rebuilt
2026-08-11 08:28:08.864 | INFO     | selfmind_app.recall_capture.scanner:scan:66 - [RecallScanner] Starting scan since 2026-08-11 08:23:07.680216
2026-08-11 08:28:08.906 | INFO     | selfmind_app.recall_capture.scanner:scan:73 - [RecallScanner] hermes: found 0 events
2026-08-11 08:28:08.916 | INFO     | selfmind_app.recall_capture.scanner:scan:84 - [RecallScanner] Matched 0 entries from 0 events
2026-08-11 08:28:08.923 | INFO     | selfmind_app.recall_capture.scanner:scan:103 - [RecallScanner] Scan complete: {'events_found': 0, 'entries_matched': 0, 'recalls_recorded': 0, 'adapters_scanned': 1, 'scan_duration_ms': 59}
   [Auto-sync] 264 active, 0 recalls, graph rebuilt
2026-08-11 08:33:09.971 | INFO     | selfmind_app.recall_capture.scanner:scan:66 - [RecallScanner] Starting scan since 2026-08-11 08:28:08.923108
2026-08-11 08:33:09.995 | INFO     | selfmind_app.recall_capture.scanner:scan:73 - [RecallScanner] hermes: found 0 events
2026-08-11 08:33:10.004 | INFO     | selfmind_app.recall_capture.scanner:scan:84 - [RecallScanner] Matched 0 entries from 0 events
2026-08-11 08:33:10.010 | INFO     | selfmind_app.recall_capture.scanner:scan:103 - [RecallScanner] Scan complete: {'events_found': 0, 'entries_matched': 0, 'recalls_recorded': 0, 'adapters_scanned': 1, 'scan_duration_ms': 38}
   [Auto-sync] 266 active, 0 recalls, graph rebuilt
2026-08-11 08:38:10.867 | INFO     | selfmind_app.recall_capture.scanner:scan:66 - [RecallScanner] Starting scan since 2026-08-11 08:33:10.009441
2026-08-11 08:38:10.895 | INFO     | selfmind_app.recall_capture.scanner:scan:73 - [RecallScanner] hermes: found 0 events
2026-08-11 08:38:10.903 | INFO     | selfmind_app.recall_capture.scanner:scan:84 - [RecallScanner] Matched 0 entries from 0 events
2026-08-11 08:38:10.911 | INFO     | selfmind_app.recall_capture.scanner:scan:103 - [RecallScanner] Scan complete: {'events_found': 0, 'entries_matched': 0, 'recalls_recorded': 0, 'adapters_scanned': 1, 'scan_duration_ms': 43}
   [Auto-sync] 266 active, 0 recalls, graph rebuilt
2026-08-11 08:43:11.937 | INFO     | selfmind_app.recall_capture.scanner:scan:66 - [RecallScanner] Starting scan since 2026-08-11 08:38:10.910924
2026-08-11 08:43:11.962 | INFO     | selfmind_app.recall_capture.scanner:scan:73 - [RecallScanner] hermes: found 0 events
2026-08-11 08:43:11.969 | INFO     | selfmind_app.recall_capture.scanner:scan:84 - [RecallScanner] Matched 0 entries from 0 events
2026-08-11 08:43:11.976 | INFO     | selfmind_app.recall_capture.scanner:scan:103 - [RecallScanner] Scan complete: {'events_found': 0, 'entries_matched': 0, 'recalls_recorded': 0, 'adapters_scanned': 1, 'scan_duration_ms': 39}
   [Auto-sync] 266 active, 0 recalls, graph rebuilt
2026-08-11 08:48:12.993 | INFO     | selfmind_app.recall_capture.scanner:scan:66 - [RecallScanner] Starting scan since 2026-08-11 08:43:11.976087
2026-08-11 08:48:13.021 | INFO     | selfmind_app.recall_capture.scanner:scan:73 - [RecallScanner] hermes: found 0 events
2026-08-11 08:48:13.031 | INFO     | selfmind_app.recall_capture.scanner:scan:84 - [RecallScanner] Matched 0 entries from 0 events
2026-08-11 08:48:13.037 | INFO     | selfmind_app.recall_capture.scanner:scan:103 - [RecallScanner] Scan complete: {'events_found': 0, 'entries_matched': 0, 'recalls_recorded': 0, 'adapters_scanned': 1, 'scan_duration_ms': 44}
   [Auto-sync] 266 active, 0 recalls, graph rebuilt
2026-08-11 08:53:14.043 | INFO     | selfmind_app.recall_capture.scanner:scan:66 - [RecallScanner] Starting scan since 2026-08-11 08:48:13.037146
2026-08-11 08:53:14.069 | INFO     | selfmind_app.recall_capture.scanner:scan:73 - [RecallScanner] hermes: found 0 events
2026-08-11 08:53:14.077 | INFO     | selfmind_app.recall_capture.scanner:scan:84 - [RecallScanner] Matched 0 entries from 0 events
2026-08-11 08:53:14.085 | INFO     | selfmind_app.recall_capture.scanner:scan:103 - [RecallScanner] Scan complete: {'events_found': 0, 'entries_matched': 0, 'recalls_recorded': 0, 'adapters_scanned': 1, 'scan_duration_ms': 41}
   [Auto-sync] 266 active, 0 recalls, graph rebuilt
2026-08-11 08:58:15.106 | INFO     | selfmind_app.recall_capture.scanner:scan:66 - [RecallScanner] Starting scan since 2026-08-11 08:53:14.084738
2026-08-11 08:58:15.136 | INFO     | selfmind_app.recall_capture.scanner:scan:73 - [RecallScanner] hermes: found 0 events
2026-08-11 08:58:15.144 | INFO     | selfmind_app.recall_capture.scanner:scan:84 - [RecallScanner] Matched 0 entries from 0 events
2026-08-11 08:58:15.152 | INFO     | selfmind_app.recall_capture.scanner:scan:103 - [RecallScanner] Scan complete: {'events_found': 0, 'entries_matched': 0, 'recalls_recorded': 0, 'adapters_scanned': 1, 'scan_duration_ms': 45}
   [Auto-sync] 266 active, 0 recalls, graph rebuilt
2026-08-11 09:03:16.151 | INFO     | selfmind_app.recall_capture.scanner:scan:66 - [RecallScanner] Starting scan since 2026-08-11 08:58:15.150946
2026-08-11 09:03:16.179 | INFO     | selfmind_app.recall_capture.scanner:scan:73 - [RecallScanner] hermes: found 0 events
2026-08-11 09:03:16.187 | INFO     | selfmind_app.recall_capture.scanner:scan:84 - [RecallScanner] Matched 0 entries from 0 events
2026-08-11 09:03:16.194 | INFO     | selfmind_app.recall_capture.scanner:scan:103 - [RecallScanner] Scan complete: {'events_found': 0, 'entries_matched': 0, 'recalls_recorded': 0, 'adapters_scanned': 1, 'scan_duration_ms': 43}
   [Auto-sync] 266 active, 0 recalls, graph rebuilt
2026-08-11 09:08:17.102 | INFO     | selfmind_app.recall_capture.scanner:scan:66 - [RecallScanner] Starting scan since 2026-08-11 09:03:16.194098
2026-08-11 09:08:17.129 | INFO     | selfmind_app.recall_capture.scanner:scan:73 - [RecallScanner] hermes: found 0 events
2026-08-11 09:08:17.137 | INFO     | selfmind_app.recall_capture.scanner:scan:84 - [RecallScanner] Matched 0 entries from 0 events
2026-08-11 09:08:17.145 | INFO     | selfmind_app.recall_capture.scanner:scan:103 - [RecallScanner] Scan complete: {'events_found': 0, 'entries_matched': 0, 'recalls_recorded': 0, 'adapters_scanned': 1, 'scan_duration_ms': 43}
   [Auto-sync] 266 active, 0 recalls, graph rebuilt
2026-08-11 09:13:18.300 | INFO     | selfmind_app.recall_capture.scanner:scan:66 - [RecallScanner] Starting scan since 2026-08-11 09:08:17.144838
2026-08-11 09:13:18.331 | INFO     | selfmind_app.recall_capture.scanner:scan:73 - [RecallScanner] hermes: found 0 events
2026-08-11 09:13:18.348 | INFO     | selfmind_app.recall_capture.scanner:scan:84 - [RecallScanner] Matched 0 entries from 0 events
2026-08-11 09:13:18.355 | INFO     | selfmind_app.recall_capture.scanner:scan:103 - [RecallScanner] Scan complete: {'events_found': 0, 'entries_matched': 0, 'recalls_recorded': 0, 'adapters_scanned': 1, 'scan_duration_ms': 55}
   [Auto-sync] 266 active, 0 recalls, graph rebuilt
2026-08-11 09:18:19.365 | INFO     | selfmind_app.recall_capture.scanner:scan:66 - [RecallScanner] Starting scan since 2026-08-11 09:13:18.354560
2026-08-11 09:18:19.398 | INFO     | selfmind_app.recall_capture.scanner:scan:73 - [RecallScanner] hermes: found 0 events
2026-08-11 09:18:19.406 | INFO     | selfmind_app.recall_capture.scanner:scan:84 - [RecallScanner] Matched 0 entries from 0 events
2026-08-11 09:18:19.413 | INFO     | selfmind_app.recall_capture.scanner:scan:103 - [RecallScanner] Scan complete: {'events_found': 0, 'entries_matched': 0, 'recalls_recorded': 0, 'adapters_scanned': 1, 'scan_duration_ms': 48}
   [Auto-sync] 266 active, 0 recalls, graph rebuilt
2026-08-11 09:23:20.329 | INFO     | selfmind_app.recall_capture.scanner:scan:66 - [RecallScanner] Starting scan since 2026-08-11 09:18:19.413071
2026-08-11 09:23:20.357 | INFO     | selfmind_app.recall_capture.scanner:scan:73 - [RecallScanner] hermes: found 0 events
2026-08-11 09:23:20.366 | INFO     | selfmind_app.recall_capture.scanner:scan:84 - [RecallScanner] Matched 0 entries from 0 events
2026-08-11 09:23:20.373 | INFO     | selfmind_app.recall_capture.scanner:scan:103 - [RecallScanner] Scan complete: {'events_found': 0, 'entries_matched': 0, 'recalls_recorded': 0, 'adapters_scanned': 1, 'scan_duration_ms': 43}
   [Auto-sync] 266 active, 0 recalls, graph rebuilt
2026-08-11 09:28:21.294 | INFO     | selfmind_app.recall_capture.scanner:scan:66 - [RecallScanner] Starting scan since 2026-08-11 09:23:20.372989
2026-08-11 09:28:21.323 | INFO     | selfmind_app.recall_capture.scanner:scan:73 - [RecallScanner] hermes: found 0 events
2026-08-11 09:28:21.331 | INFO     | selfmind_app.recall_capture.scanner:scan:84 - [RecallScanner] Matched 0 entries from 0 events
2026-08-11 09:28:21.338 | INFO     | selfmind_app.recall_capture.scanner:scan:103 - [RecallScanner] Scan complete: {'events_found': 0, 'entries_matched': 0, 'recalls_recorded': 0, 'adapters_scanned': 1, 'scan_duration_ms': 44}
   [Auto-sync] 266 active, 0 recalls, graph rebuilt
2026-08-11 09:33:22.314 | INFO     | selfmind_app.recall_capture.scanner:scan:66 - [RecallScanner] Starting scan since 2026-08-11 09:28:21.337366
2026-08-11 09:33:22.344 | INFO     | selfmind_app.recall_capture.scanner:scan:73 - [RecallScanner] hermes: found 0 events
2026-08-11 09:33:22.352 | INFO     | selfmind_app.recall_capture.scanner:scan:84 - [RecallScanner] Matched 0 entries from 0 events
2026-08-11 09:33:22.362 | INFO     | selfmind_app.recall_capture.scanner:scan:103 - [RecallScanner] Scan complete: {'events_found': 0, 'entries_matched': 0, 'recalls_recorded': 0, 'adapters_scanned': 1, 'scan_duration_ms': 48}
   [Auto-sync] 266 active, 0 recalls, graph rebuilt
2026-08-11 09:38:23.410 | INFO     | selfmind_app.recall_capture.scanner:scan:66 - [RecallScanner] Starting scan since 2026-08-11 09:33:22.361517
2026-08-11 09:38:23.440 | INFO     | selfmind_app.recall_capture.scanner:scan:73 - [RecallScanner] hermes: found 0 events
2026-08-11 09:38:23.449 | INFO     | selfmind_app.recall_capture.scanner:scan:84 - [RecallScanner] Matched 0 entries from 0 events
2026-08-11 09:38:23.458 | INFO     | selfmind_app.recall_capture.scanner:scan:103 - [RecallScanner] Scan complete: {'events_found': 0, 'entries_matched': 0, 'recalls_recorded': 0, 'adapters_scanned': 1, 'scan_duration_ms': 48}
   [Auto-sync] 266 active, 0 recalls, graph rebuilt
2026-08-11 09:43:24.465 | INFO     | selfmind_app.recall_capture.scanner:scan:66 - [RecallScanner] Starting scan since 2026-08-11 09:38:23.458028
2026-08-11 09:43:24.494 | INFO     | selfmind_app.recall_capture.scanner:scan:73 - [RecallScanner] hermes: found 0 events
2026-08-11 09:43:24.502 | INFO     | selfmind_app.recall_capture.scanner:scan:84 - [RecallScanner] Matched 0 entries from 0 events
2026-08-11 09:43:24.509 | INFO     | selfmind_app.recall_capture.scanner:scan:103 - [RecallScanner] Scan complete: {'events_found': 0, 'entries_matched': 0, 'recalls_recorded': 0, 'adapters_scanned': 1, 'scan_duration_ms': 43}
   [Auto-sync] 266 active, 0 recalls, graph rebuilt
2026-08-11 09:48:25.465 | INFO     | selfmind_app.recall_capture.scanner:scan:66 - [RecallScanner] Starting scan since 2026-08-11 09:43:24.508623
2026-08-11 09:48:25.500 | INFO     | selfmind_app.recall_capture.scanner:scan:73 - [RecallScanner] hermes: found 0 events
2026-08-11 09:48:25.508 | INFO     | selfmind_app.recall_capture.scanner:scan:84 - [RecallScanner] Matched 0 entries from 0 events
2026-08-11 09:48:25.514 | INFO     | selfmind_app.recall_capture.scanner:scan:103 - [RecallScanner] Scan complete: {'events_found': 0, 'entries_matched': 0, 'recalls_recorded': 0, 'adapters_scanned': 1, 'scan_duration_ms': 49}
   [Auto-sync] 266 active, 0 recalls, graph rebuilt
2026-08-11 09:53:26.429 | INFO     | selfmind_app.recall_capture.scanner:scan:66 - [RecallScanner] Starting scan since 2026-08-11 09:48:25.514201
2026-08-11 09:53:26.456 | INFO     | selfmind_app.recall_capture.scanner:scan:73 - [RecallScanner] hermes: found 0 events
2026-08-11 09:53:26.466 | INFO     | selfmind_app.recall_capture.scanner:scan:84 - [RecallScanner] Matched 0 entries from 0 events
2026-08-11 09:53:26.472 | INFO     | selfmind_app.recall_capture.scanner:scan:103 - [RecallScanner] Scan complete: {'events_found': 0, 'entries_matched': 0, 'recalls_recorded': 0, 'adapters_scanned': 1, 'scan_duration_ms': 42}
   [Auto-sync] 267 active, 0 recalls, graph rebuilt
2026-08-11 09:58:27.382 | INFO     | selfmind_app.recall_capture.scanner:scan:66 - [RecallScanner] Starting scan since 2026-08-11 09:53:26.471840
2026-08-11 09:58:27.415 | INFO     | selfmind_app.recall_capture.scanner:scan:73 - [RecallScanner] hermes: found 0 events
2026-08-11 09:58:27.424 | INFO     | selfmind_app.recall_capture.scanner:scan:84 - [RecallScanner] Matched 0 entries from 0 events
2026-08-11 09:58:27.431 | INFO     | selfmind_app.recall_capture.scanner:scan:103 - [RecallScanner] Scan complete: {'events_found': 0, 'entries_matched': 0, 'recalls_recorded': 0, 'adapters_scanned': 1, 'scan_duration_ms': 49}
   [Auto-sync] 267 active, 0 recalls, graph rebuilt
2026-08-11 10:03:28.331 | INFO     | selfmind_app.recall_capture.scanner:scan:66 - [RecallScanner] Starting scan since 2026-08-11 09:58:27.431167
2026-08-11 10:03:28.359 | INFO     | selfmind_app.recall_capture.scanner:scan:73 - [RecallScanner] hermes: found 0 events
2026-08-11 10:03:28.366 | INFO     | selfmind_app.recall_capture.scanner:scan:84 - [RecallScanner] Matched 0 entries from 0 events
2026-08-11 10:03:28.372 | INFO     | selfmind_app.recall_capture.scanner:scan:103 - [RecallScanner] Scan complete: {'events_found': 0, 'entries_matched': 0, 'recalls_recorded': 0, 'adapters_scanned': 1, 'scan_duration_ms': 40}
   [Auto-sync] 267 active, 0 recalls, graph rebuilt
2026-08-11 10:08:29.238 | INFO     | selfmind_app.recall_capture.scanner:scan:66 - [RecallScanner] Starting scan since 2026-08-11 10:03:28.372034
2026-08-11 10:08:29.265 | INFO     | selfmind_app.recall_capture.scanner:scan:73 - [RecallScanner] hermes: found 0 events
2026-08-11 10:08:29.273 | INFO     | selfmind_app.recall_capture.scanner:scan:84 - [RecallScanner] Matched 0 entries from 0 events
2026-08-11 10:08:29.279 | INFO     | selfmind_app.recall_capture.scanner:scan:103 - [RecallScanner] Scan complete: {'events_found': 0, 'entries_matched': 0, 'recalls_recorded': 0, 'adapters_scanned': 1, 'scan_duration_ms': 41}
   [Auto-sync] 267 active, 0 recalls, graph rebuilt
2026-08-11 10:13:30.186 | INFO     | selfmind_app.recall_capture.scanner:scan:66 - [RecallScanner] Starting scan since 2026-08-11 10:08:29.279038
2026-08-11 10:13:30.215 | INFO     | selfmind_app.recall_capture.scanner:scan:73 - [RecallScanner] hermes: found 0 events
2026-08-11 10:13:30.224 | INFO     | selfmind_app.recall_capture.scanner:scan:84 - [RecallScanner] Matched 0 entries from 0 events
2026-08-11 10:13:30.230 | INFO     | selfmind_app.recall_capture.scanner:scan:103 - [RecallScanner] Scan complete: {'events_found': 0, 'entries_matched': 0, 'recalls_recorded': 0, 'adapters_scanned': 1, 'scan_duration_ms': 43}
   [Auto-sync] 267 active, 0 recalls, graph rebuilt
2026-08-11 10:18:31.216 | INFO     | selfmind_app.recall_capture.scanner:scan:66 - [RecallScanner] Starting scan since 2026-08-11 10:13:30.229687
2026-08-11 10:18:31.244 | INFO     | selfmind_app.recall_capture.scanner:scan:73 - [RecallScanner] hermes: found 0 events
2026-08-11 10:18:31.252 | INFO     | selfmind_app.recall_capture.scanner:scan:84 - [RecallScanner] Matched 0 entries from 0 events
2026-08-11 10:18:31.261 | INFO     | selfmind_app.recall_capture.scanner:scan:103 - [RecallScanner] Scan complete: {'events_found': 0, 'entries_matched': 0, 'recalls_recorded': 0, 'adapters_scanned': 1, 'scan_duration_ms': 45}
   [Auto-sync] 267 active, 0 recalls, graph rebuilt
2026-08-11 10:23:32.325 | INFO     | selfmind_app.recall_capture.scanner:scan:66 - [RecallScanner] Starting scan since 2026-08-11 10:18:31.260755
2026-08-11 10:23:32.354 | INFO     | selfmind_app.recall_capture.scanner:scan:73 - [RecallScanner] hermes: found 0 events
2026-08-11 10:23:32.361 | INFO     | selfmind_app.recall_capture.scanner:scan:84 - [RecallScanner] Matched 0 entries from 0 events
2026-08-11 10:23:32.368 | INFO     | selfmind_app.recall_capture.scanner:scan:103 - [RecallScanner] Scan complete: {'events_found': 0, 'entries_matched': 0, 'recalls_recorded': 0, 'adapters_scanned': 1, 'scan_duration_ms': 43}
   [Auto-sync] 267 active, 0 recalls, graph rebuilt
2026-08-11 10:28:33.659 | INFO     | selfmind_app.recall_capture.scanner:scan:66 - [RecallScanner] Starting scan since 2026-08-11 10:23:32.367980
2026-08-11 10:28:33.697 | INFO     | selfmind_app.recall_capture.scanner:scan:73 - [RecallScanner] hermes: found 0 events
2026-08-11 10:28:33.705 | INFO     | selfmind_app.recall_capture.scanner:scan:84 - [RecallScanner] Matched 0 entries from 0 events
2026-08-11 10:28:33.712 | INFO     | selfmind_app.recall_capture.scanner:scan:103 - [RecallScanner] Scan complete: {'events_found': 0, 'entries_matched': 0, 'recalls_recorded': 0, 'adapters_scanned': 1, 'scan_duration_ms': 53}
   [Auto-sync] 268 active, 0 recalls, graph rebuilt
2026-08-11 10:33:34.687 | INFO     | selfmind_app.recall_capture.scanner:scan:66 - [RecallScanner] Starting scan since 2026-08-11 10:28:33.712017
2026-08-11 10:33:34.719 | INFO     | selfmind_app.recall_capture.scanner:scan:73 - [RecallScanner] hermes: found 0 events
2026-08-11 10:33:34.727 | INFO     | selfmind_app.recall_capture.scanner:scan:84 - [RecallScanner] Matched 0 entries from 0 events
2026-08-11 10:33:34.735 | INFO     | selfmind_app.recall_capture.scanner:scan:103 - [RecallScanner] Scan complete: {'events_found': 0, 'entries_matched': 0, 'recalls_recorded': 0, 'adapters_scanned': 1, 'scan_duration_ms': 47}
   [Auto-sync] 268 active, 0 recalls, graph rebuilt
2026-08-11 10:38:36.912 | INFO     | selfmind_app.recall_capture.scanner:scan:66 - [RecallScanner] Starting scan since 2026-08-11 10:33:34.734212
2026-08-11 10:38:36.962 | INFO     | selfmind_app.recall_capture.scanner:scan:73 - [RecallScanner] hermes: found 0 events
2026-08-11 10:38:36.992 | INFO     | selfmind_app.recall_capture.scanner:scan:84 - [RecallScanner] Matched 0 entries from 0 events
2026-08-11 10:38:37.001 | INFO     | selfmind_app.recall_capture.scanner:scan:103 - [RecallScanner] Scan complete: {'events_found': 0, 'entries_matched': 0, 'recalls_recorded': 0, 'adapters_scanned': 1, 'scan_duration_ms': 88}
   [Auto-sync] 268 active, 0 recalls, graph rebuilt
2026-08-11 10:43:37.922 | INFO     | selfmind_app.recall_capture.scanner:scan:66 - [RecallScanner] Starting scan since 2026-08-11 10:38:37.000865
2026-08-11 10:43:37.954 | INFO     | selfmind_app.recall_capture.scanner:scan:73 - [RecallScanner] hermes: found 0 events
2026-08-11 10:43:37.962 | INFO     | selfmind_app.recall_capture.scanner:scan:84 - [RecallScanner] Matched 0 entries from 0 events
2026-08-11 10:43:37.968 | INFO     | selfmind_app.recall_capture.scanner:scan:103 - [RecallScanner] Scan complete: {'events_found': 0, 'entries_matched': 0, 'recalls_recorded': 0, 'adapters_scanned': 1, 'scan_duration_ms': 46}
   [Auto-sync] 268 active, 0 recalls, graph rebuilt
2026-08-11 10:48:38.972 | INFO     | selfmind_app.recall_capture.scanner:scan:66 - [RecallScanner] Starting scan since 2026-08-11 10:43:37.968109
2026-08-11 10:48:39.004 | INFO     | selfmind_app.recall_capture.scanner:scan:73 - [RecallScanner] hermes: found 0 events
2026-08-11 10:48:39.012 | INFO     | selfmind_app.recall_capture.scanner:scan:84 - [RecallScanner] Matched 0 entries from 0 events
2026-08-11 10:48:39.019 | INFO     | selfmind_app.recall_capture.scanner:scan:103 - [RecallScanner] Scan complete: {'events_found': 0, 'entries_matched': 0, 'recalls_recorded': 0, 'adapters_scanned': 1, 'scan_duration_ms': 47}
   [Auto-sync] 268 active, 0 recalls, graph rebuilt
2026-08-11 10:53:40.005 | INFO     | selfmind_app.recall_capture.scanner:scan:66 - [RecallScanner] Starting scan since 2026-08-11 10:48:39.019157
2026-08-11 10:53:40.034 | INFO     | selfmind_app.recall_capture.scanner:scan:73 - [RecallScanner] hermes: found 0 events
2026-08-11 10:53:40.042 | INFO     | selfmind_app.recall_capture.scanner:scan:84 - [RecallScanner] Matched 0 entries from 0 events
2026-08-11 10:53:40.049 | INFO     | selfmind_app.recall_capture.scanner:scan:103 - [RecallScanner] Scan complete: {'events_found': 0, 'entries_matched': 0, 'recalls_recorded': 0, 'adapters_scanned': 1, 'scan_duration_ms': 44}
   [Auto-sync] 268 active, 0 recalls, graph rebuilt
2026-08-11 10:58:41.062 | INFO     | selfmind_app.recall_capture.scanner:scan:66 - [RecallScanner] Starting scan since 2026-08-11 10:53:40.049287
2026-08-11 10:58:41.090 | INFO     | selfmind_app.recall_capture.scanner:scan:73 - [RecallScanner] hermes: found 0 events
2026-08-11 10:58:41.097 | INFO     | selfmind_app.recall_capture.scanner:scan:84 - [RecallScanner] Matched 0 entries from 0 events
2026-08-11 10:58:41.103 | INFO     | selfmind_app.recall_capture.scanner:scan:103 - [RecallScanner] Scan complete: {'events_found': 0, 'entries_matched': 0, 'recalls_recorded': 0, 'adapters_scanned': 1, 'scan_duration_ms': 41}
   [Auto-sync] 268 active, 0 recalls, graph rebuilt
2026-08-11 11:03:42.062 | INFO     | selfmind_app.recall_capture.scanner:scan:66 - [RecallScanner] Starting scan since 2026-08-11 10:58:41.103268
2026-08-11 11:03:42.090 | INFO     | selfmind_app.recall_capture.scanner:scan:73 - [RecallScanner] hermes: found 0 events
2026-08-11 11:03:42.097 | INFO     | selfmind_app.recall_capture.scanner:scan:84 - [RecallScanner] Matched 0 entries from 0 events
2026-08-11 11:03:42.103 | INFO     | selfmind_app.recall_capture.scanner:scan:103 - [RecallScanner] Scan complete: {'events_found': 0, 'entries_matched': 0, 'recalls_recorded': 0, 'adapters_scanned': 1, 'scan_duration_ms': 40}
   [Auto-sync] 268 active, 0 recalls, graph rebuilt
2026-08-11 11:08:43.089 | INFO     | selfmind_app.recall_capture.scanner:scan:66 - [RecallScanner] Starting scan since 2026-08-11 11:03:42.102737
2026-08-11 11:08:43.117 | INFO     | selfmind_app.recall_capture.scanner:scan:73 - [RecallScanner] hermes: found 0 events
2026-08-11 11:08:43.124 | INFO     | selfmind_app.recall_capture.scanner:scan:84 - [RecallScanner] Matched 0 entries from 0 events
2026-08-11 11:08:43.139 | INFO     | selfmind_app.recall_capture.scanner:scan:103 - [RecallScanner] Scan complete: {'events_found': 0, 'entries_matched': 0, 'recalls_recorded': 0, 'adapters_scanned': 1, 'scan_duration_ms': 50}
   [Auto-sync] 268 active, 0 recalls, graph rebuilt
2026-08-11 11:13:44.055 | INFO     | selfmind_app.recall_capture.scanner:scan:66 - [RecallScanner] Starting scan since 2026-08-11 11:08:43.138750
2026-08-11 11:13:44.092 | INFO     | selfmind_app.recall_capture.scanner:scan:73 - [RecallScanner] hermes: found 0 events
2026-08-11 11:13:44.102 | INFO     | selfmind_app.recall_capture.scanner:scan:84 - [RecallScanner] Matched 0 entries from 0 events
2026-08-11 11:13:44.109 | INFO     | selfmind_app.recall_capture.scanner:scan:103 - [RecallScanner] Scan complete: {'events_found': 0, 'entries_matched': 0, 'recalls_recorded': 0, 'adapters_scanned': 1, 'scan_duration_ms': 53}
   [Auto-sync] 268 active, 0 recalls, graph rebuilt
2026-08-11 11:18:45.144 | INFO     | selfmind_app.recall_capture.scanner:scan:66 - [RecallScanner] Starting scan since 2026-08-11 11:13:44.108312
2026-08-11 11:18:45.173 | INFO     | selfmind_app.recall_capture.scanner:scan:73 - [RecallScanner] hermes: found 0 events
2026-08-11 11:18:45.186 | INFO     | selfmind_app.recall_capture.scanner:scan:84 - [RecallScanner] Matched 0 entries from 0 events
2026-08-11 11:18:45.193 | INFO     | selfmind_app.recall_capture.scanner:scan:103 - [RecallScanner] Scan complete: {'events_found': 0, 'entries_matched': 0, 'recalls_recorded': 0, 'adapters_scanned': 1, 'scan_duration_ms': 49}
   [Auto-sync] 268 active, 0 recalls, graph rebuilt
2026-08-11 11:23:46.029 | INFO     | selfmind_app.recall_capture.scanner:scan:66 - [RecallScanner] Starting scan since 2026-08-11 11:18:45.193059
2026-08-11 11:23:46.060 | INFO     | selfmind_app.recall_capture.scanner:scan:73 - [RecallScanner] hermes: found 0 events
2026-08-11 11:23:46.068 | INFO     | selfmind_app.recall_capture.scanner:scan:84 - [RecallScanner] Matched 0 entries from 0 events
2026-08-11 11:23:46.074 | INFO     | selfmind_app.recall_capture.scanner:scan:103 - [RecallScanner] Scan complete: {'events_found': 0, 'entries_matched': 0, 'recalls_recorded': 0, 'adapters_scanned': 1, 'scan_duration_ms': 45}
   [Auto-sync] 268 active, 0 recalls, graph rebuilt
2026-08-11 11:28:47.109 | INFO     | selfmind_app.recall_capture.scanner:scan:66 - [RecallScanner] Starting scan since 2026-08-11 11:23:46.074329
2026-08-11 11:28:47.135 | INFO     | selfmind_app.recall_capture.scanner:scan:73 - [RecallScanner] hermes: found 0 events
2026-08-11 11:28:47.143 | INFO     | selfmind_app.recall_capture.scanner:scan:84 - [RecallScanner] Matched 0 entries from 0 events
2026-08-11 11:28:47.150 | INFO     | selfmind_app.recall_capture.scanner:scan:103 - [RecallScanner] Scan complete: {'events_found': 0, 'entries_matched': 0, 'recalls_recorded': 0, 'adapters_scanned': 1, 'scan_duration_ms': 40}
   [Auto-sync] 268 active, 0 recalls, graph rebuilt
2026-08-11 11:33:47.992 | INFO     | selfmind_app.recall_capture.scanner:scan:66 - [RecallScanner] Starting scan since 2026-08-11 11:28:47.149442
2026-08-11 11:33:48.019 | INFO     | selfmind_app.recall_capture.scanner:scan:73 - [RecallScanner] hermes: found 0 events
2026-08-11 11:33:48.026 | INFO     | selfmind_app.recall_capture.scanner:scan:84 - [RecallScanner] Matched 0 entries from 0 events
2026-08-11 11:33:48.034 | INFO     | selfmind_app.recall_capture.scanner:scan:103 - [RecallScanner] Scan complete: {'events_found': 0, 'entries_matched': 0, 'recalls_recorded': 0, 'adapters_scanned': 1, 'scan_duration_ms': 42}
   [Auto-sync] 268 active, 0 recalls, graph rebuilt
2026-08-11 11:38:48.968 | INFO     | selfmind_app.recall_capture.scanner:scan:66 - [RecallScanner] Starting scan since 2026-08-11 11:33:48.033974
2026-08-11 11:38:48.997 | INFO     | selfmind_app.recall_capture.scanner:scan:73 - [RecallScanner] hermes: found 0 events
2026-08-11 11:38:49.005 | INFO     | selfmind_app.recall_capture.scanner:scan:84 - [RecallScanner] Matched 0 entries from 0 events
2026-08-11 11:38:49.012 | INFO     | selfmind_app.recall_capture.scanner:scan:103 - [RecallScanner] Scan complete: {'events_found': 0, 'entries_matched': 0, 'recalls_recorded': 0, 'adapters_scanned': 1, 'scan_duration_ms': 44}
   [Auto-sync] 270 active, 0 recalls, graph rebuilt
2026-08-11 11:43:49.946 | INFO     | selfmind_app.recall_capture.scanner:scan:66 - [RecallScanner] Starting scan since 2026-08-11 11:38:49.012190
2026-08-11 11:43:49.979 | INFO     | selfmind_app.recall_capture.scanner:scan:73 - [RecallScanner] hermes: found 0 events
2026-08-11 11:43:49.987 | INFO     | selfmind_app.recall_capture.scanner:scan:84 - [RecallScanner] Matched 0 entries from 0 events
2026-08-11 11:43:49.994 | INFO     | selfmind_app.recall_capture.scanner:scan:103 - [RecallScanner] Scan complete: {'events_found': 0, 'entries_matched': 0, 'recalls_recorded': 0, 'adapters_scanned': 1, 'scan_duration_ms': 48}
   [Auto-sync] 270 active, 0 recalls, graph rebuilt
2026-08-11 11:48:50.892 | INFO     | selfmind_app.recall_capture.scanner:scan:66 - [RecallScanner] Starting scan since 2026-08-11 11:43:49.993728
2026-08-11 11:48:50.921 | INFO     | selfmind_app.recall_capture.scanner:scan:73 - [RecallScanner] hermes: found 0 events
2026-08-11 11:48:50.929 | INFO     | selfmind_app.recall_capture.scanner:scan:84 - [RecallScanner] Matched 0 entries from 0 events
2026-08-11 11:48:50.936 | INFO     | selfmind_app.recall_capture.scanner:scan:103 - [RecallScanner] Scan complete: {'events_found': 0, 'entries_matched': 0, 'recalls_recorded': 0, 'adapters_scanned': 1, 'scan_duration_ms': 43}
   [Auto-sync] 270 active, 0 recalls, graph rebuilt
2026-08-11 11:53:51.908 | INFO     | selfmind_app.recall_capture.scanner:scan:66 - [RecallScanner] Starting scan since 2026-08-11 11:48:50.935723
2026-08-11 11:53:51.935 | INFO     | selfmind_app.recall_capture.scanner:scan:73 - [RecallScanner] hermes: found 0 events
2026-08-11 11:53:51.942 | INFO     | selfmind_app.recall_capture.scanner:scan:84 - [RecallScanner] Matched 0 entries from 0 events
2026-08-11 11:53:51.949 | INFO     | selfmind_app.recall_capture.scanner:scan:103 - [RecallScanner] Scan complete: {'events_found': 0, 'entries_matched': 0, 'recalls_recorded': 0, 'adapters_scanned': 1, 'scan_duration_ms': 41}
   [Auto-sync] 270 active, 0 recalls, graph rebuilt
2026-08-11 11:58:52.851 | INFO     | selfmind_app.recall_capture.scanner:scan:66 - [RecallScanner] Starting scan since 2026-08-11 11:53:51.948821
2026-08-11 11:58:52.879 | INFO     | selfmind_app.recall_capture.scanner:scan:73 - [RecallScanner] hermes: found 0 events
2026-08-11 11:58:52.887 | INFO     | selfmind_app.recall_capture.scanner:scan:84 - [RecallScanner] Matched 0 entries from 0 events
2026-08-11 11:58:52.893 | INFO     | selfmind_app.recall_capture.scanner:scan:103 - [RecallScanner] Scan complete: {'events_found': 0, 'entries_matched': 0, 'recalls_recorded': 0, 'adapters_scanned': 1, 'scan_duration_ms': 42}
   [Auto-sync] 270 active, 0 recalls, graph rebuilt
2026-08-11 12:03:53.849 | INFO     | selfmind_app.recall_capture.scanner:scan:66 - [RecallScanner] Starting scan since 2026-08-11 11:58:52.892806
2026-08-11 12:03:53.878 | INFO     | selfmind_app.recall_capture.scanner:scan:73 - [RecallScanner] hermes: found 0 events
2026-08-11 12:03:53.890 | INFO     | selfmind_app.recall_capture.scanner:scan:84 - [RecallScanner] Matched 0 entries from 0 events
2026-08-11 12:03:53.896 | INFO     | selfmind_app.recall_capture.scanner:scan:103 - [RecallScanner] Scan complete: {'events_found': 0, 'entries_matched': 0, 'recalls_recorded': 0, 'adapters_scanned': 1, 'scan_duration_ms': 46}
   [Auto-sync] 270 active, 0 recalls, graph rebuilt
2026-08-11 12:08:54.852 | INFO     | selfmind_app.recall_capture.scanner:scan:66 - [RecallScanner] Starting scan since 2026-08-11 12:03:53.895722
2026-08-11 12:08:54.881 | INFO     | selfmind_app.recall_capture.scanner:scan:73 - [RecallScanner] hermes: found 0 events
2026-08-11 12:08:54.889 | INFO     | selfmind_app.recall_capture.scanner:scan:84 - [RecallScanner] Matched 0 entries from 0 events
2026-08-11 12:08:54.896 | INFO     | selfmind_app.recall_capture.scanner:scan:103 - [RecallScanner] Scan complete: {'events_found': 0, 'entries_matched': 0, 'recalls_recorded': 0, 'adapters_scanned': 1, 'scan_duration_ms': 44}
   [Auto-sync] 270 active, 0 recalls, graph rebuilt
2026-08-11 12:13:55.812 | INFO     | selfmind_app.recall_capture.scanner:scan:66 - [RecallScanner] Starting scan since 2026-08-11 12:08:54.896044
2026-08-11 12:13:55.845 | INFO     | selfmind_app.recall_capture.scanner:scan:73 - [RecallScanner] hermes: found 0 events
2026-08-11 12:13:55.852 | INFO     | selfmind_app.recall_capture.scanner:scan:84 - [RecallScanner] Matched 0 entries from 0 events
2026-08-11 12:13:55.859 | INFO     | selfmind_app.recall_capture.scanner:scan:103 - [RecallScanner] Scan complete: {'events_found': 0, 'entries_matched': 0, 'recalls_recorded': 0, 'adapters_scanned': 1, 'scan_duration_ms': 46}
   [Auto-sync] 270 active, 0 recalls, graph rebuilt
2026-08-11 12:18:56.706 | INFO     | selfmind_app.recall_capture.scanner:scan:66 - [RecallScanner] Starting scan since 2026-08-11 12:13:55.858714
2026-08-11 12:18:56.735 | INFO     | selfmind_app.recall_capture.scanner:scan:73 - [RecallScanner] hermes: found 0 events
2026-08-11 12:18:56.742 | INFO     | selfmind_app.recall_capture.scanner:scan:84 - [RecallScanner] Matched 0 entries from 0 events
2026-08-11 12:18:56.748 | INFO     | selfmind_app.recall_capture.scanner:scan:103 - [RecallScanner] Scan complete: {'events_found': 0, 'entries_matched': 0, 'recalls_recorded': 0, 'adapters_scanned': 1, 'scan_duration_ms': 41}
   [Auto-sync] 270 active, 0 recalls, graph rebuilt
2026-08-11 12:23:57.679 | INFO     | selfmind_app.recall_capture.scanner:scan:66 - [RecallScanner] Starting scan since 2026-08-11 12:18:56.747938
2026-08-11 12:23:57.707 | INFO     | selfmind_app.recall_capture.scanner:scan:73 - [RecallScanner] hermes: found 0 events
2026-08-11 12:23:57.715 | INFO     | selfmind_app.recall_capture.scanner:scan:84 - [RecallScanner] Matched 0 entries from 0 events
2026-08-11 12:23:57.722 | INFO     | selfmind_app.recall_capture.scanner:scan:103 - [RecallScanner] Scan complete: {'events_found': 0, 'entries_matched': 0, 'recalls_recorded': 0, 'adapters_scanned': 1, 'scan_duration_ms': 43}
   [Auto-sync] 270 active, 0 recalls, graph rebuilt
2026-08-11 12:28:58.831 | INFO     | selfmind_app.recall_capture.scanner:scan:66 - [RecallScanner] Starting scan since 2026-08-11 12:23:57.721507
2026-08-11 12:28:58.867 | INFO     | selfmind_app.recall_capture.scanner:scan:73 - [RecallScanner] hermes: found 0 events
2026-08-11 12:28:58.876 | INFO     | selfmind_app.recall_capture.scanner:scan:84 - [RecallScanner] Matched 0 entries from 0 events
2026-08-11 12:28:58.883 | INFO     | selfmind_app.recall_capture.scanner:scan:103 - [RecallScanner] Scan complete: {'events_found': 0, 'entries_matched': 0, 'recalls_recorded': 0, 'adapters_scanned': 1, 'scan_duration_ms': 51}
   [Auto-sync] 270 active, 0 recalls, graph rebuilt
2026-08-11 12:33:59.830 | INFO     | selfmind_app.recall_capture.scanner:scan:66 - [RecallScanner] Starting scan since 2026-08-11 12:28:58.882466
2026-08-11 12:33:59.859 | INFO     | selfmind_app.recall_capture.scanner:scan:73 - [RecallScanner] hermes: found 0 events
2026-08-11 12:33:59.866 | INFO     | selfmind_app.recall_capture.scanner:scan:84 - [RecallScanner] Matched 0 entries from 0 events
2026-08-11 12:33:59.873 | INFO     | selfmind_app.recall_capture.scanner:scan:103 - [RecallScanner] Scan complete: {'events_found': 0, 'entries_matched': 0, 'recalls_recorded': 0, 'adapters_scanned': 1, 'scan_duration_ms': 42}
   [Auto-sync] 270 active, 0 recalls, graph rebuilt
2026-08-11 12:39:00.767 | INFO     | selfmind_app.recall_capture.scanner:scan:66 - [RecallScanner] Starting scan since 2026-08-11 12:33:59.872531
2026-08-11 12:39:00.795 | INFO     | selfmind_app.recall_capture.scanner:scan:73 - [RecallScanner] hermes: found 0 events
2026-08-11 12:39:00.803 | INFO     | selfmind_app.recall_capture.scanner:scan:84 - [RecallScanner] Matched 0 entries from 0 events
2026-08-11 12:39:00.809 | INFO     | selfmind_app.recall_capture.scanner:scan:103 - [RecallScanner] Scan complete: {'events_found': 0, 'entries_matched': 0, 'recalls_recorded': 0, 'adapters_scanned': 1, 'scan_duration_ms': 42}
   [Auto-sync] 270 active, 0 recalls, graph rebuilt
2026-08-11 12:44:01.726 | INFO     | selfmind_app.recall_capture.scanner:scan:66 - [RecallScanner] Starting scan since 2026-08-11 12:39:00.809393
2026-08-11 12:44:01.754 | INFO     | selfmind_app.recall_capture.scanner:scan:73 - [RecallScanner] hermes: found 0 events
2026-08-11 12:44:01.761 | INFO     | selfmind_app.recall_capture.scanner:scan:84 - [RecallScanner] Matched 0 entries from 0 events
2026-08-11 12:44:01.767 | INFO     | selfmind_app.recall_capture.scanner:scan:103 - [RecallScanner] Scan complete: {'events_found': 0, 'entries_matched': 0, 'recalls_recorded': 0, 'adapters_scanned': 1, 'scan_duration_ms': 41}
   [Auto-sync] 270 active, 0 recalls, graph rebuilt
2026-08-11 12:49:02.740 | INFO     | selfmind_app.recall_capture.scanner:scan:66 - [RecallScanner] Starting scan since 2026-08-11 12:44:01.767341
2026-08-11 12:49:02.774 | INFO     | selfmind_app.recall_capture.scanner:scan:73 - [RecallScanner] hermes: found 0 events
2026-08-11 12:49:02.785 | INFO     | selfmind_app.recall_capture.scanner:scan:84 - [RecallScanner] Matched 0 entries from 0 events
2026-08-11 12:49:02.792 | INFO     | selfmind_app.recall_capture.scanner:scan:103 - [RecallScanner] Scan complete: {'events_found': 0, 'entries_matched': 0, 'recalls_recorded': 0, 'adapters_scanned': 1, 'scan_duration_ms': 52}
   [Auto-sync] 270 active, 0 recalls, graph rebuilt
2026-08-11 12:54:03.718 | INFO     | selfmind_app.recall_capture.scanner:scan:66 - [RecallScanner] Starting scan since 2026-08-11 12:49:02.792045
2026-08-11 12:54:03.751 | INFO     | selfmind_app.recall_capture.scanner:scan:73 - [RecallScanner] hermes: found 0 events
2026-08-11 12:54:03.759 | INFO     | selfmind_app.recall_capture.scanner:scan:84 - [RecallScanner] Matched 0 entries from 0 events
2026-08-11 12:54:03.765 | INFO     | selfmind_app.recall_capture.scanner:scan:103 - [RecallScanner] Scan complete: {'events_found': 0, 'entries_matched': 0, 'recalls_recorded': 0, 'adapters_scanned': 1, 'scan_duration_ms': 47}
   [Auto-sync] 270 active, 0 recalls, graph rebuilt
2026-08-11 12:59:04.754 | INFO     | selfmind_app.recall_capture.scanner:scan:66 - [RecallScanner] Starting scan since 2026-08-11 12:54:03.765097
2026-08-11 12:59:04.785 | INFO     | selfmind_app.recall_capture.scanner:scan:73 - [RecallScanner] hermes: found 0 events
2026-08-11 12:59:04.793 | INFO     | selfmind_app.recall_capture.scanner:scan:84 - [RecallScanner] Matched 0 entries from 0 events
2026-08-11 12:59:04.800 | INFO     | selfmind_app.recall_capture.scanner:scan:103 - [RecallScanner] Scan complete: {'events_found': 0, 'entries_matched': 0, 'recalls_recorded': 0, 'adapters_scanned': 1, 'scan_duration_ms': 46}
   [Auto-sync] 270 active, 0 recalls, graph rebuilt
2026-08-11 13:04:05.688 | INFO     | selfmind_app.recall_capture.scanner:scan:66 - [RecallScanner] Starting scan since 2026-08-11 12:59:04.799441
2026-08-11 13:04:05.719 | INFO     | selfmind_app.recall_capture.scanner:scan:73 - [RecallScanner] hermes: found 0 events
2026-08-11 13:04:05.727 | INFO     | selfmind_app.recall_capture.scanner:scan:84 - [RecallScanner] Matched 0 entries from 0 events
2026-08-11 13:04:05.733 | INFO     | selfmind_app.recall_capture.scanner:scan:103 - [RecallScanner] Scan complete: {'events_found': 0, 'entries_matched': 0, 'recalls_recorded': 0, 'adapters_scanned': 1, 'scan_duration_ms': 45}
   [Auto-sync] 270 active, 0 recalls, graph rebuilt
2026-08-11 13:09:06.761 | INFO     | selfmind_app.recall_capture.scanner:scan:66 - [RecallScanner] Starting scan since 2026-08-11 13:04:05.733062
2026-08-11 13:09:06.789 | INFO     | selfmind_app.recall_capture.scanner:scan:73 - [RecallScanner] hermes: found 0 events
2026-08-11 13:09:06.797 | INFO     | selfmind_app.recall_capture.scanner:scan:84 - [RecallScanner] Matched 0 entries from 0 events
2026-08-11 13:09:06.807 | INFO     | selfmind_app.recall_capture.scanner:scan:103 - [RecallScanner] Scan complete: {'events_found': 0, 'entries_matched': 0, 'recalls_recorded': 0, 'adapters_scanned': 1, 'scan_duration_ms': 46}
   [Auto-sync] 270 active, 0 recalls, graph rebuilt
2026-08-11 13:14:07.832 | INFO     | selfmind_app.recall_capture.scanner:scan:66 - [RecallScanner] Starting scan since 2026-08-11 13:09:06.807265
2026-08-11 13:14:07.859 | INFO     | selfmind_app.recall_capture.scanner:scan:73 - [RecallScanner] hermes: found 0 events
2026-08-11 13:14:07.866 | INFO     | selfmind_app.recall_capture.scanner:scan:84 - [RecallScanner] Matched 0 entries from 0 events
2026-08-11 13:14:07.873 | INFO     | selfmind_app.recall_capture.scanner:scan:103 - [RecallScanner] Scan complete: {'events_found': 0, 'entries_matched': 0, 'recalls_recorded': 0, 'adapters_scanned': 1, 'scan_duration_ms': 41}
   [Auto-sync] 270 active, 0 recalls, graph rebuilt
2026-08-11 13:19:08.772 | INFO     | selfmind_app.recall_capture.scanner:scan:66 - [RecallScanner] Starting scan since 2026-08-11 13:14:07.872679
2026-08-11 13:19:08.803 | INFO     | selfmind_app.recall_capture.scanner:scan:73 - [RecallScanner] hermes: found 0 events
2026-08-11 13:19:08.811 | INFO     | selfmind_app.recall_capture.scanner:scan:84 - [RecallScanner] Matched 0 entries from 0 events
2026-08-11 13:19:08.818 | INFO     | selfmind_app.recall_capture.scanner:scan:103 - [RecallScanner] Scan complete: {'events_found': 0, 'entries_matched': 0, 'recalls_recorded': 0, 'adapters_scanned': 1, 'scan_duration_ms': 45}
   [Auto-sync] 270 active, 0 recalls, graph rebuilt
2026-08-11 13:24:09.709 | INFO     | selfmind_app.recall_capture.scanner:scan:66 - [RecallScanner] Starting scan since 2026-08-11 13:19:08.817453
2026-08-11 13:24:09.737 | INFO     | selfmind_app.recall_capture.scanner:scan:73 - [RecallScanner] hermes: found 0 events
2026-08-11 13:24:09.749 | INFO     | selfmind_app.recall_capture.scanner:scan:84 - [RecallScanner] Matched 0 entries from 0 events
2026-08-11 13:24:09.757 | INFO     | selfmind_app.recall_capture.scanner:scan:103 - [RecallScanner] Scan complete: {'events_found': 0, 'entries_matched': 0, 'recalls_recorded': 0, 'adapters_scanned': 1, 'scan_duration_ms': 47}
   [Auto-sync] 270 active, 0 recalls, graph rebuilt
2026-08-11 13:29:10.681 | INFO     | selfmind_app.recall_capture.scanner:scan:66 - [RecallScanner] Starting scan since 2026-08-11 13:24:09.756533
2026-08-11 13:29:10.708 | INFO     | selfmind_app.recall_capture.scanner:scan:73 - [RecallScanner] hermes: found 0 events
2026-08-11 13:29:10.716 | INFO     | selfmind_app.recall_capture.scanner:scan:84 - [RecallScanner] Matched 0 entries from 0 events
2026-08-11 13:29:10.722 | INFO     | selfmind_app.recall_capture.scanner:scan:103 - [RecallScanner] Scan complete: {'events_found': 0, 'entries_matched': 0, 'recalls_recorded': 0, 'adapters_scanned': 1, 'scan_duration_ms': 41}
   [Auto-sync] 270 active, 0 recalls, graph rebuilt
2026-08-11 13:34:11.599 | INFO     | selfmind_app.recall_capture.scanner:scan:66 - [RecallScanner] Starting scan since 2026-08-11 13:29:10.722243
2026-08-11 13:34:11.627 | INFO     | selfmind_app.recall_capture.scanner:scan:73 - [RecallScanner] hermes: found 0 events
2026-08-11 13:34:11.636 | INFO     | selfmind_app.recall_capture.scanner:scan:84 - [RecallScanner] Matched 0 entries from 0 events
2026-08-11 13:34:11.644 | INFO     | selfmind_app.recall_capture.scanner:scan:103 - [RecallScanner] Scan complete: {'events_found': 0, 'entries_matched': 0, 'recalls_recorded': 0, 'adapters_scanned': 1, 'scan_duration_ms': 44}
   [Auto-sync] 270 active, 0 recalls, graph rebuilt
2026-08-11 13:39:12.611 | INFO     | selfmind_app.recall_capture.scanner:scan:66 - [RecallScanner] Starting scan since 2026-08-11 13:34:11.643061
2026-08-11 13:39:12.640 | INFO     | selfmind_app.recall_capture.scanner:scan:73 - [RecallScanner] hermes: found 0 events
2026-08-11 13:39:12.648 | INFO     | selfmind_app.recall_capture.scanner:scan:84 - [RecallScanner] Matched 0 entries from 0 events
2026-08-11 13:39:12.654 | INFO     | selfmind_app.recall_capture.scanner:scan:103 - [RecallScanner] Scan complete: {'events_found': 0, 'entries_matched': 0, 'recalls_recorded': 0, 'adapters_scanned': 1, 'scan_duration_ms': 42}
   [Auto-sync] 270 active, 0 recalls, graph rebuilt
2026-08-11 13:44:13.584 | INFO     | selfmind_app.recall_capture.scanner:scan:66 - [RecallScanner] Starting scan since 2026-08-11 13:39:12.653982
2026-08-11 13:44:13.611 | INFO     | selfmind_app.recall_capture.scanner:scan:73 - [RecallScanner] hermes: found 0 events
2026-08-11 13:44:13.619 | INFO     | selfmind_app.recall_capture.scanner:scan:84 - [RecallScanner] Matched 0 entries from 0 events
2026-08-11 13:44:13.625 | INFO     | selfmind_app.recall_capture.scanner:scan:103 - [RecallScanner] Scan complete: {'events_found': 0, 'entries_matched': 0, 'recalls_recorded': 0, 'adapters_scanned': 1, 'scan_duration_ms': 41}
   [Auto-sync] 270 active, 0 recalls, graph rebuilt
2026-08-11 13:49:14.576 | INFO     | selfmind_app.recall_capture.scanner:scan:66 - [RecallScanner] Starting scan since 2026-08-11 13:44:13.625102
2026-08-11 13:49:14.605 | INFO     | selfmind_app.recall_capture.scanner:scan:73 - [RecallScanner] hermes: found 0 events
2026-08-11 13:49:14.613 | INFO     | selfmind_app.recall_capture.scanner:scan:84 - [RecallScanner] Matched 0 entries from 0 events
2026-08-11 13:49:14.620 | INFO     | selfmind_app.recall_capture.scanner:scan:103 - [RecallScanner] Scan complete: {'events_found': 0, 'entries_matched': 0, 'recalls_recorded': 0, 'adapters_scanned': 1, 'scan_duration_ms': 43}
   [Auto-sync] 270 active, 0 recalls, graph rebuilt
2026-08-11 13:54:15.465 | INFO     | selfmind_app.recall_capture.scanner:scan:66 - [RecallScanner] Starting scan since 2026-08-11 13:49:14.619826
2026-08-11 13:54:15.493 | INFO     | selfmind_app.recall_capture.scanner:scan:73 - [RecallScanner] hermes: found 0 events
2026-08-11 13:54:15.500 | INFO     | selfmind_app.recall_capture.scanner:scan:84 - [RecallScanner] Matched 0 entries from 0 events
2026-08-11 13:54:15.507 | INFO     | selfmind_app.recall_capture.scanner:scan:103 - [RecallScanner] Scan complete: {'events_found': 0, 'entries_matched': 0, 'recalls_recorded': 0, 'adapters_scanned': 1, 'scan_duration_ms': 42}
   [Auto-sync] 270 active, 0 recalls, graph rebuilt
2026-08-11 13:59:16.390 | INFO     | selfmind_app.recall_capture.scanner:scan:66 - [RecallScanner] Starting scan since 2026-08-11 13:54:15.506965
2026-08-11 13:59:16.419 | INFO     | selfmind_app.recall_capture.scanner:scan:73 - [RecallScanner] hermes: found 0 events
2026-08-11 13:59:16.427 | INFO     | selfmind_app.recall_capture.scanner:scan:84 - [RecallScanner] Matched 0 entries from 0 events
2026-08-11 13:59:16.434 | INFO     | selfmind_app.recall_capture.scanner:scan:103 - [RecallScanner] Scan complete: {'events_found': 0, 'entries_matched': 0, 'recalls_recorded': 0, 'adapters_scanned': 1, 'scan_duration_ms': 44}
   [Auto-sync] 270 active, 0 recalls, graph rebuilt
2026-08-11 14:04:17.572 | INFO     | selfmind_app.recall_capture.scanner:scan:66 - [RecallScanner] Starting scan since 2026-08-11 13:59:16.433941
2026-08-11 14:04:17.601 | INFO     | selfmind_app.recall_capture.scanner:scan:73 - [RecallScanner] hermes: found 0 events
2026-08-11 14:04:17.609 | INFO     | selfmind_app.recall_capture.scanner:scan:84 - [RecallScanner] Matched 0 entries from 0 events
2026-08-11 14:04:17.615 | INFO     | selfmind_app.recall_capture.scanner:scan:103 - [RecallScanner] Scan complete: {'events_found': 0, 'entries_matched': 0, 'recalls_recorded': 0, 'adapters_scanned': 1, 'scan_duration_ms': 43}
   [Auto-sync] 270 active, 0 recalls, graph rebuilt
2026-08-11 14:09:18.513 | INFO     | selfmind_app.recall_capture.scanner:scan:66 - [RecallScanner] Starting scan since 2026-08-11 14:04:17.615278
2026-08-11 14:09:18.541 | INFO     | selfmind_app.recall_capture.scanner:scan:73 - [RecallScanner] hermes: found 0 events
2026-08-11 14:09:18.549 | INFO     | selfmind_app.recall_capture.scanner:scan:84 - [RecallScanner] Matched 0 entries from 0 events
2026-08-11 14:09:18.557 | INFO     | selfmind_app.recall_capture.scanner:scan:103 - [RecallScanner] Scan complete: {'events_found': 0, 'entries_matched': 0, 'recalls_recorded': 0, 'adapters_scanned': 1, 'scan_duration_ms': 43}
   [Auto-sync] 270 active, 0 recalls, graph rebuilt
2026-08-11 14:14:19.587 | INFO     | selfmind_app.recall_capture.scanner:scan:66 - [RecallScanner] Starting scan since 2026-08-11 14:09:18.555155
2026-08-11 14:14:19.617 | INFO     | selfmind_app.recall_capture.scanner:scan:73 - [RecallScanner] hermes: found 0 events
2026-08-11 14:14:19.624 | INFO     | selfmind_app.recall_capture.scanner:scan:84 - [RecallScanner] Matched 0 entries from 0 events
2026-08-11 14:14:19.631 | INFO     | selfmind_app.recall_capture.scanner:scan:103 - [RecallScanner] Scan complete: {'events_found': 0, 'entries_matched': 0, 'recalls_recorded': 0, 'adapters_scanned': 1, 'scan_duration_ms': 44}
   [Auto-sync] 270 active, 0 recalls, graph rebuilt
2026-08-11 14:19:20.592 | INFO     | selfmind_app.recall_capture.scanner:scan:66 - [RecallScanner] Starting scan since 2026-08-11 14:14:19.630958
2026-08-11 14:19:20.621 | INFO     | selfmind_app.recall_capture.scanner:scan:73 - [RecallScanner] hermes: found 0 events
2026-08-11 14:19:20.628 | INFO     | selfmind_app.recall_capture.scanner:scan:84 - [RecallScanner] Matched 0 entries from 0 events
2026-08-11 14:19:20.635 | INFO     | selfmind_app.recall_capture.scanner:scan:103 - [RecallScanner] Scan complete: {'events_found': 0, 'entries_matched': 0, 'recalls_recorded': 0, 'adapters_scanned': 1, 'scan_duration_ms': 42}
   [Auto-sync] 270 active, 0 recalls, graph rebuilt
2026-08-11 14:24:21.494 | INFO     | selfmind_app.recall_capture.scanner:scan:66 - [RecallScanner] Starting scan since 2026-08-11 14:19:20.634964
2026-08-11 14:24:21.520 | INFO     | selfmind_app.recall_capture.scanner:scan:73 - [RecallScanner] hermes: found 0 events
2026-08-11 14:24:21.528 | INFO     | selfmind_app.recall_capture.scanner:scan:84 - [RecallScanner] Matched 0 entries from 0 events
2026-08-11 14:24:21.536 | INFO     | selfmind_app.recall_capture.scanner:scan:103 - [RecallScanner] Scan complete: {'events_found': 0, 'entries_matched': 0, 'recalls_recorded': 0, 'adapters_scanned': 1, 'scan_duration_ms': 41}
   [Auto-sync] 270 active, 0 recalls, graph rebuilt
2026-08-11 14:29:22.512 | INFO     | selfmind_app.recall_capture.scanner:scan:66 - [RecallScanner] Starting scan since 2026-08-11 14:24:21.535693
2026-08-11 14:29:22.542 | INFO     | selfmind_app.recall_capture.scanner:scan:73 - [RecallScanner] hermes: found 0 events
2026-08-11 14:29:22.551 | INFO     | selfmind_app.recall_capture.scanner:scan:84 - [RecallScanner] Matched 0 entries from 0 events
2026-08-11 14:29:22.558 | INFO     | selfmind_app.recall_capture.scanner:scan:103 - [RecallScanner] Scan complete: {'events_found': 0, 'entries_matched': 0, 'recalls_recorded': 0, 'adapters_scanned': 1, 'scan_duration_ms': 45}
   [Auto-sync] 270 active, 0 recalls, graph rebuilt
2026-08-11 14:34:23.519 | INFO     | selfmind_app.recall_capture.scanner:scan:66 - [RecallScanner] Starting scan since 2026-08-11 14:29:22.557350
2026-08-11 14:34:23.545 | INFO     | selfmind_app.recall_capture.scanner:scan:73 - [RecallScanner] hermes: found 0 events
2026-08-11 14:34:23.553 | INFO     | selfmind_app.recall_capture.scanner:scan:84 - [RecallScanner] Matched 0 entries from 0 events
2026-08-11 14:34:23.560 | INFO     | selfmind_app.recall_capture.scanner:scan:103 - [RecallScanner] Scan complete: {'events_found': 0, 'entries_matched': 0, 'recalls_recorded': 0, 'adapters_scanned': 1, 'scan_duration_ms': 41}
   [Auto-sync] 270 active, 0 recalls, graph rebuilt
2026-08-11 14:39:24.453 | INFO     | selfmind_app.recall_capture.scanner:scan:66 - [RecallScanner] Starting scan since 2026-08-11 14:34:23.559907
2026-08-11 14:39:24.482 | INFO     | selfmind_app.recall_capture.scanner:scan:73 - [RecallScanner] hermes: found 0 events
2026-08-11 14:39:24.490 | INFO     | selfmind_app.recall_capture.scanner:scan:84 - [RecallScanner] Matched 0 entries from 0 events
2026-08-11 14:39:24.497 | INFO     | selfmind_app.recall_capture.scanner:scan:103 - [RecallScanner] Scan complete: {'events_found': 0, 'entries_matched': 0, 'recalls_recorded': 0, 'adapters_scanned': 1, 'scan_duration_ms': 44}
   [Auto-sync] 270 active, 0 recalls, graph rebuilt
  [14:42:58] GET / HTTP/1.1
  [14:42:58] 404
  [14:42:58] GET /apple-touch-icon-precomposed.png HTTP/1.1
  [14:42:58] 404
  [14:42:58] GET /apple-touch-icon.png HTTP/1.1
  [14:42:58] 404
  [14:42:58] GET /favicon.ico HTTP/1.1
2026-08-11 14:44:25.582 | INFO     | selfmind_app.recall_capture.scanner:scan:66 - [RecallScanner] Starting scan since 2026-08-11 14:39:24.496933
2026-08-11 14:44:25.611 | INFO     | selfmind_app.recall_capture.scanner:scan:73 - [RecallScanner] hermes: found 0 events
2026-08-11 14:44:25.619 | INFO     | selfmind_app.recall_capture.scanner:scan:84 - [RecallScanner] Matched 0 entries from 0 events
2026-08-11 14:44:25.628 | INFO     | selfmind_app.recall_capture.scanner:scan:103 - [RecallScanner] Scan complete: {'events_found': 0, 'entries_matched': 0, 'recalls_recorded': 0, 'adapters_scanned': 1, 'scan_duration_ms': 46}
   [Auto-sync] 269 active, 0 recalls, graph rebuilt
2026-08-11 14:49:26.581 | INFO     | selfmind_app.recall_capture.scanner:scan:66 - [RecallScanner] Starting scan since 2026-08-11 14:44:25.627729
2026-08-11 14:49:26.627 | INFO     | selfmind_app.recall_capture.scanner:scan:73 - [RecallScanner] hermes: found 0 events
2026-08-11 14:49:26.637 | INFO     | selfmind_app.recall_capture.scanner:scan:84 - [RecallScanner] Matched 0 entries from 0 events
2026-08-11 14:49:26.644 | INFO     | selfmind_app.recall_capture.scanner:scan:103 - [RecallScanner] Scan complete: {'events_found': 0, 'entries_matched': 0, 'recalls_recorded': 0, 'adapters_scanned': 1, 'scan_duration_ms': 63}
   [Auto-sync] 269 active, 0 recalls, graph rebuilt
2026-08-11 14:54:27.496 | INFO     | selfmind_app.recall_capture.scanner:scan:66 - [RecallScanner] Starting scan since 2026-08-11 14:49:26.643945
2026-08-11 14:54:27.525 | INFO     | selfmind_app.recall_capture.scanner:scan:73 - [RecallScanner] hermes: found 0 events
2026-08-11 14:54:27.532 | INFO     | selfmind_app.recall_capture.scanner:scan:84 - [RecallScanner] Matched 0 entries from 0 events
2026-08-11 14:54:27.539 | INFO     | selfmind_app.recall_capture.scanner:scan:103 - [RecallScanner] Scan complete: {'events_found': 0, 'entries_matched': 0, 'recalls_recorded': 0, 'adapters_scanned': 1, 'scan_duration_ms': 42}
   [Auto-sync] 269 active, 0 recalls, graph rebuilt
2026-08-11 14:59:28.331 | INFO     | selfmind_app.recall_capture.scanner:scan:66 - [RecallScanner] Starting scan since 2026-08-11 14:54:27.538777
2026-08-11 14:59:28.359 | INFO     | selfmind_app.recall_capture.scanner:scan:73 - [RecallScanner] hermes: found 0 events
2026-08-11 14:59:28.367 | INFO     | selfmind_app.recall_capture.scanner:scan:84 - [RecallScanner] Matched 0 entries from 0 events
2026-08-11 14:59:28.374 | INFO     | selfmind_app.recall_capture.scanner:scan:103 - [RecallScanner] Scan complete: {'events_found': 0, 'entries_matched': 0, 'recalls_recorded': 0, 'adapters_scanned': 1, 'scan_duration_ms': 42}
   [Auto-sync] 269 active, 0 recalls, graph rebuilt
2026-08-11 15:04:29.331 | INFO     | selfmind_app.recall_capture.scanner:scan:66 - [RecallScanner] Starting scan since 2026-08-11 14:59:28.373239
2026-08-11 15:04:29.360 | INFO     | selfmind_app.recall_capture.scanner:scan:73 - [RecallScanner] hermes: found 0 events
2026-08-11 15:04:29.368 | INFO     | selfmind_app.recall_capture.scanner:scan:84 - [RecallScanner] Matched 0 entries from 0 events
2026-08-11 15:04:29.375 | INFO     | selfmind_app.recall_capture.scanner:scan:103 - [RecallScanner] Scan complete: {'events_found': 0, 'entries_matched': 0, 'recalls_recorded': 0, 'adapters_scanned': 1, 'scan_duration_ms': 44}
   [Auto-sync] 269 active, 0 recalls, graph rebuilt
2026-08-11 15:09:30.295 | INFO     | selfmind_app.recall_capture.scanner:scan:66 - [RecallScanner] Starting scan since 2026-08-11 15:04:29.375036
2026-08-11 15:09:30.323 | INFO     | selfmind_app.recall_capture.scanner:scan:73 - [RecallScanner] hermes: found 0 events
2026-08-11 15:09:30.331 | INFO     | selfmind_app.recall_capture.scanner:scan:84 - [RecallScanner] Matched 0 entries from 0 events
2026-08-11 15:09:30.337 | INFO     | selfmind_app.recall_capture.scanner:scan:103 - [RecallScanner] Scan complete: {'events_found': 0, 'entries_matched': 0, 'recalls_recorded': 0, 'adapters_scanned': 1, 'scan_duration_ms': 42}
   [Auto-sync] 269 active, 0 recalls, graph rebuilt
2026-08-11 15:14:31.311 | INFO     | selfmind_app.recall_capture.scanner:scan:66 - [RecallScanner] Starting scan since 2026-08-11 15:09:30.337173
2026-08-11 15:14:31.338 | INFO     | selfmind_app.recall_capture.scanner:scan:73 - [RecallScanner] hermes: found 0 events
2026-08-11 15:14:31.346 | INFO     | selfmind_app.recall_capture.scanner:scan:84 - [RecallScanner] Matched 0 entries from 0 events
2026-08-11 15:14:31.352 | INFO     | selfmind_app.recall_capture.scanner:scan:103 - [RecallScanner] Scan complete: {'events_found': 0, 'entries_matched': 0, 'recalls_recorded': 0, 'adapters_scanned': 1, 'scan_duration_ms': 41}
   [Auto-sync] 269 active, 0 recalls, graph rebuilt
2026-08-11 15:19:32.215 | INFO     | selfmind_app.recall_capture.scanner:scan:66 - [RecallScanner] Starting scan since 2026-08-11 15:14:31.352093
2026-08-11 15:19:32.244 | INFO     | selfmind_app.recall_capture.scanner:scan:73 - [RecallScanner] hermes: found 0 events
2026-08-11 15:19:32.254 | INFO     | selfmind_app.recall_capture.scanner:scan:84 - [RecallScanner] Matched 0 entries from 0 events
2026-08-11 15:19:32.260 | INFO     | selfmind_app.recall_capture.scanner:scan:103 - [RecallScanner] Scan complete: {'events_found': 0, 'entries_matched': 0, 'recalls_recorded': 0, 'adapters_scanned': 1, 'scan_duration_ms': 44}
   [Auto-sync] 269 active, 0 recalls, graph rebuilt
2026-08-11 15:24:33.161 | INFO     | selfmind_app.recall_capture.scanner:scan:66 - [RecallScanner] Starting scan since 2026-08-11 15:19:32.260000
2026-08-11 15:24:33.192 | INFO     | selfmind_app.recall_capture.scanner:scan:73 - [RecallScanner] hermes: found 0 events
2026-08-11 15:24:33.199 | INFO     | selfmind_app.recall_capture.scanner:scan:84 - [RecallScanner] Matched 0 entries from 0 events
2026-08-11 15:24:33.206 | INFO     | selfmind_app.recall_capture.scanner:scan:103 - [RecallScanner] Scan complete: {'events_found': 0, 'entries_matched': 0, 'recalls_recorded': 0, 'adapters_scanned': 1, 'scan_duration_ms': 44}
   [Auto-sync] 269 active, 0 recalls, graph rebuilt
2026-08-11 15:29:34.259 | INFO     | selfmind_app.recall_capture.scanner:scan:66 - [RecallScanner] Starting scan since 2026-08-11 15:24:33.205913
2026-08-11 15:29:34.291 | INFO     | selfmind_app.recall_capture.scanner:scan:73 - [RecallScanner] hermes: found 0 events
2026-08-11 15:29:34.300 | INFO     | selfmind_app.recall_capture.scanner:scan:84 - [RecallScanner] Matched 0 entries from 0 events
2026-08-11 15:29:34.308 | INFO     | selfmind_app.recall_capture.scanner:scan:103 - [RecallScanner] Scan complete: {'events_found': 0, 'entries_matched': 0, 'recalls_recorded': 0, 'adapters_scanned': 1, 'scan_duration_ms': 49}
   [Auto-sync] 269 active, 0 recalls, graph rebuilt
2026-08-11 15:34:35.251 | INFO     | selfmind_app.recall_capture.scanner:scan:66 - [RecallScanner] Starting scan since 2026-08-11 15:29:34.307661
2026-08-11 15:34:35.287 | INFO     | selfmind_app.recall_capture.scanner:scan:73 - [RecallScanner] hermes: found 0 events
2026-08-11 15:34:35.295 | INFO     | selfmind_app.recall_capture.scanner:scan:84 - [RecallScanner] Matched 0 entries from 0 events
2026-08-11 15:34:35.302 | INFO     | selfmind_app.recall_capture.scanner:scan:103 - [RecallScanner] Scan complete: {'events_found': 0, 'entries_matched': 0, 'recalls_recorded': 0, 'adapters_scanned': 1, 'scan_duration_ms': 51}
   [Auto-sync] 269 active, 0 recalls, graph rebuilt
2026-08-11 15:39:36.253 | INFO     | selfmind_app.recall_capture.scanner:scan:66 - [RecallScanner] Starting scan since 2026-08-11 15:34:35.301889
2026-08-11 15:39:36.281 | INFO     | selfmind_app.recall_capture.scanner:scan:73 - [RecallScanner] hermes: found 0 events
2026-08-11 15:39:36.289 | INFO     | selfmind_app.recall_capture.scanner:scan:84 - [RecallScanner] Matched 0 entries from 0 events
2026-08-11 15:39:36.296 | INFO     | selfmind_app.recall_capture.scanner:scan:103 - [RecallScanner] Scan complete: {'events_found': 0, 'entries_matched': 0, 'recalls_recorded': 0, 'adapters_scanned': 1, 'scan_duration_ms': 42}
   [Auto-sync] 269 active, 0 recalls, graph rebuilt
2026-08-11 15:44:37.304 | INFO     | selfmind_app.recall_capture.scanner:scan:66 - [RecallScanner] Starting scan since 2026-08-11 15:39:36.295517
2026-08-11 15:44:37.339 | INFO     | selfmind_app.recall_capture.scanner:scan:73 - [RecallScanner] hermes: found 0 events
2026-08-11 15:44:37.346 | INFO     | selfmind_app.recall_capture.scanner:scan:84 - [RecallScanner] Matched 0 entries from 0 events
2026-08-11 15:44:37.353 | INFO     | selfmind_app.recall_capture.scanner:scan:103 - [RecallScanner] Scan complete: {'events_found': 0, 'entries_matched': 0, 'recalls_recorded': 0, 'adapters_scanned': 1, 'scan_duration_ms': 49}
   [Auto-sync] 269 active, 0 recalls, graph rebuilt
2026-08-11 15:49:38.258 | INFO     | selfmind_app.recall_capture.scanner:scan:66 - [RecallScanner] Starting scan since 2026-08-11 15:44:37.353263
2026-08-11 15:49:38.288 | INFO     | selfmind_app.recall_capture.scanner:scan:73 - [RecallScanner] hermes: found 0 events
2026-08-11 15:49:38.296 | INFO     | selfmind_app.recall_capture.scanner:scan:84 - [RecallScanner] Matched 0 entries from 0 events
2026-08-11 15:49:38.303 | INFO     | selfmind_app.recall_capture.scanner:scan:103 - [RecallScanner] Scan complete: {'events_found': 0, 'entries_matched': 0, 'recalls_recorded': 0, 'adapters_scanned': 1, 'scan_duration_ms': 44}
   [Auto-sync] 269 active, 0 recalls, graph rebuilt
2026-08-11 15:54:39.263 | INFO     | selfmind_app.recall_capture.scanner:scan:66 - [RecallScanner] Starting scan since 2026-08-11 15:49:38.302391
2026-08-11 15:54:39.297 | INFO     | selfmind_app.recall_capture.scanner:scan:73 - [RecallScanner] hermes: found 0 events
2026-08-11 15:54:39.311 | INFO     | selfmind_app.recall_capture.scanner:scan:84 - [RecallScanner] Matched 0 entries from 0 events
2026-08-11 15:54:39.318 | INFO     | selfmind_app.recall_capture.scanner:scan:103 - [RecallScanner] Scan complete: {'events_found': 0, 'entries_matched': 0, 'recalls_recorded': 0, 'adapters_scanned': 1, 'scan_duration_ms': 55}
   [Auto-sync] 269 active, 0 recalls, graph rebuilt
2026-08-11 15:59:40.289 | INFO     | selfmind_app.recall_capture.scanner:scan:66 - [RecallScanner] Starting scan since 2026-08-11 15:54:39.317819
2026-08-11 15:59:40.319 | INFO     | selfmind_app.recall_capture.scanner:scan:73 - [RecallScanner] hermes: found 0 events
2026-08-11 15:59:40.330 | INFO     | selfmind_app.recall_capture.scanner:scan:84 - [RecallScanner] Matched 0 entries from 0 events
2026-08-11 15:59:40.338 | INFO     | selfmind_app.recall_capture.scanner:scan:103 - [RecallScanner] Scan complete: {'events_found': 0, 'entries_matched': 0, 'recalls_recorded': 0, 'adapters_scanned': 1, 'scan_duration_ms': 48}
   [Auto-sync] 269 active, 0 recalls, graph rebuilt
2026-08-11 16:04:41.270 | INFO     | selfmind_app.recall_capture.scanner:scan:66 - [RecallScanner] Starting scan since 2026-08-11 15:59:40.337651
2026-08-11 16:04:41.298 | INFO     | selfmind_app.recall_capture.scanner:scan:73 - [RecallScanner] hermes: found 0 events
2026-08-11 16:04:41.308 | INFO     | selfmind_app.recall_capture.scanner:scan:84 - [RecallScanner] Matched 0 entries from 0 events
2026-08-11 16:04:41.315 | INFO     | selfmind_app.recall_capture.scanner:scan:103 - [RecallScanner] Scan complete: {'events_found': 0, 'entries_matched': 0, 'recalls_recorded': 0, 'adapters_scanned': 1, 'scan_duration_ms': 45}
   [Auto-sync] 269 active, 0 recalls, graph rebuilt
2026-08-11 16:09:42.304 | INFO     | selfmind_app.recall_capture.scanner:scan:66 - [RecallScanner] Starting scan since 2026-08-11 16:04:41.314848
2026-08-11 16:09:42.334 | INFO     | selfmind_app.recall_capture.scanner:scan:73 - [RecallScanner] hermes: found 0 events
2026-08-11 16:09:42.345 | INFO     | selfmind_app.recall_capture.scanner:scan:84 - [RecallScanner] Matched 0 entries from 0 events
2026-08-11 16:09:42.352 | INFO     | selfmind_app.recall_capture.scanner:scan:103 - [RecallScanner] Scan complete: {'events_found': 0, 'entries_matched': 0, 'recalls_recorded': 0, 'adapters_scanned': 1, 'scan_duration_ms': 47}
   [Auto-sync] 269 active, 0 recalls, graph rebuilt
2026-08-11 16:14:43.309 | INFO     | selfmind_app.recall_capture.scanner:scan:66 - [RecallScanner] Starting scan since 2026-08-11 16:09:42.351150
2026-08-11 16:14:43.339 | INFO     | selfmind_app.recall_capture.scanner:scan:73 - [RecallScanner] hermes: found 0 events
2026-08-11 16:14:43.348 | INFO     | selfmind_app.recall_capture.scanner:scan:84 - [RecallScanner] Matched 0 entries from 0 events
2026-08-11 16:14:43.355 | INFO     | selfmind_app.recall_capture.scanner:scan:103 - [RecallScanner] Scan complete: {'events_found': 0, 'entries_matched': 0, 'recalls_recorded': 0, 'adapters_scanned': 1, 'scan_duration_ms': 46}
   [Auto-sync] 269 active, 0 recalls, graph rebuilt
2026-08-11 16:19:44.272 | INFO     | selfmind_app.recall_capture.scanner:scan:66 - [RecallScanner] Starting scan since 2026-08-11 16:14:43.355044
2026-08-11 16:19:44.301 | INFO     | selfmind_app.recall_capture.scanner:scan:73 - [RecallScanner] hermes: found 0 events
2026-08-11 16:19:44.309 | INFO     | selfmind_app.recall_capture.scanner:scan:84 - [RecallScanner] Matched 0 entries from 0 events
2026-08-11 16:19:44.316 | INFO     | selfmind_app.recall_capture.scanner:scan:103 - [RecallScanner] Scan complete: {'events_found': 0, 'entries_matched': 0, 'recalls_recorded': 0, 'adapters_scanned': 1, 'scan_duration_ms': 43}
   [Auto-sync] 269 active, 0 recalls, graph rebuilt
2026-08-11 16:24:45.204 | INFO     | selfmind_app.recall_capture.scanner:scan:66 - [RecallScanner] Starting scan since 2026-08-11 16:19:44.315157
2026-08-11 16:24:45.236 | INFO     | selfmind_app.recall_capture.scanner:scan:73 - [RecallScanner] hermes: found 0 events
2026-08-11 16:24:45.244 | INFO     | selfmind_app.recall_capture.scanner:scan:84 - [RecallScanner] Matched 0 entries from 0 events
2026-08-11 16:24:45.251 | INFO     | selfmind_app.recall_capture.scanner:scan:103 - [RecallScanner] Scan complete: {'events_found': 0, 'entries_matched': 0, 'recalls_recorded': 0, 'adapters_scanned': 1, 'scan_duration_ms': 47}
   [Auto-sync] 269 active, 0 recalls, graph rebuilt
2026-08-11 16:29:46.172 | INFO     | selfmind_app.recall_capture.scanner:scan:66 - [RecallScanner] Starting scan since 2026-08-11 16:24:45.251124
2026-08-11 16:29:46.202 | INFO     | selfmind_app.recall_capture.scanner:scan:73 - [RecallScanner] hermes: found 0 events
2026-08-11 16:29:46.210 | INFO     | selfmind_app.recall_capture.scanner:scan:84 - [RecallScanner] Matched 0 entries from 0 events
2026-08-11 16:29:46.217 | INFO     | selfmind_app.recall_capture.scanner:scan:103 - [RecallScanner] Scan complete: {'events_found': 0, 'entries_matched': 0, 'recalls_recorded': 0, 'adapters_scanned': 1, 'scan_duration_ms': 44}
   [Auto-sync] 269 active, 0 recalls, graph rebuilt
2026-08-11 16:34:47.542 | INFO     | selfmind_app.recall_capture.scanner:scan:66 - [RecallScanner] Starting scan since 2026-08-11 16:29:46.216534
2026-08-11 16:34:47.577 | INFO     | selfmind_app.recall_capture.scanner:scan:73 - [RecallScanner] hermes: found 0 events
2026-08-11 16:34:47.584 | INFO     | selfmind_app.recall_capture.scanner:scan:84 - [RecallScanner] Matched 0 entries from 0 events
2026-08-11 16:34:47.591 | INFO     | selfmind_app.recall_capture.scanner:scan:103 - [RecallScanner] Scan complete: {'events_found': 0, 'entries_matched': 0, 'recalls_recorded': 0, 'adapters_scanned': 1, 'scan_duration_ms': 48}
   [Auto-sync] 269 active, 0 recalls, graph rebuilt
2026-08-11 16:39:48.520 | INFO     | selfmind_app.recall_capture.scanner:scan:66 - [RecallScanner] Starting scan since 2026-08-11 16:34:47.590687
2026-08-11 16:39:48.548 | INFO     | selfmind_app.recall_capture.scanner:scan:73 - [RecallScanner] hermes: found 0 events
2026-08-11 16:39:48.557 | INFO     | selfmind_app.recall_capture.scanner:scan:84 - [RecallScanner] Matched 0 entries from 0 events
2026-08-11 16:39:48.563 | INFO     | selfmind_app.recall_capture.scanner:scan:103 - [RecallScanner] Scan complete: {'events_found': 0, 'entries_matched': 0, 'recalls_recorded': 0, 'adapters_scanned': 1, 'scan_duration_ms': 43}
   [Auto-sync] 269 active, 0 recalls, graph rebuilt
2026-08-11 16:44:49.548 | INFO     | selfmind_app.recall_capture.scanner:scan:66 - [RecallScanner] Starting scan since 2026-08-11 16:39:48.563175
2026-08-11 16:44:49.577 | INFO     | selfmind_app.recall_capture.scanner:scan:73 - [RecallScanner] hermes: found 0 events
2026-08-11 16:44:49.585 | INFO     | selfmind_app.recall_capture.scanner:scan:84 - [RecallScanner] Matched 0 entries from 0 events
2026-08-11 16:44:49.592 | INFO     | selfmind_app.recall_capture.scanner:scan:103 - [RecallScanner] Scan complete: {'events_found': 0, 'entries_matched': 0, 'recalls_recorded': 0, 'adapters_scanned': 1, 'scan_duration_ms': 44}
   [Auto-sync] 269 active, 0 recalls, graph rebuilt
2026-08-11 16:49:50.602 | INFO     | selfmind_app.recall_capture.scanner:scan:66 - [RecallScanner] Starting scan since 2026-08-11 16:44:49.591976
2026-08-11 16:49:50.637 | INFO     | selfmind_app.recall_capture.scanner:scan:73 - [RecallScanner] hermes: found 0 events
2026-08-11 16:49:50.645 | INFO     | selfmind_app.recall_capture.scanner:scan:84 - [RecallScanner] Matched 0 entries from 0 events
2026-08-11 16:49:50.652 | INFO     | selfmind_app.recall_capture.scanner:scan:103 - [RecallScanner] Scan complete: {'events_found': 0, 'entries_matched': 0, 'recalls_recorded': 0, 'adapters_scanned': 1, 'scan_duration_ms': 50}
   [Auto-sync] 269 active, 0 recalls, graph rebuilt
2026-08-11 16:54:51.685 | INFO     | selfmind_app.recall_capture.scanner:scan:66 - [RecallScanner] Starting scan since 2026-08-11 16:49:50.652029
2026-08-11 16:54:51.713 | INFO     | selfmind_app.recall_capture.scanner:scan:73 - [RecallScanner] hermes: found 0 events
2026-08-11 16:54:51.721 | INFO     | selfmind_app.recall_capture.scanner:scan:84 - [RecallScanner] Matched 0 entries from 0 events
2026-08-11 16:54:51.734 | INFO     | selfmind_app.recall_capture.scanner:scan:103 - [RecallScanner] Scan complete: {'events_found': 0, 'entries_matched': 0, 'recalls_recorded': 0, 'adapters_scanned': 1, 'scan_duration_ms': 49}
   [Auto-sync] 269 active, 0 recalls, graph rebuilt
2026-08-11 16:59:52.721 | INFO     | selfmind_app.recall_capture.scanner:scan:66 - [RecallScanner] Starting scan since 2026-08-11 16:54:51.729812
2026-08-11 16:59:52.762 | INFO     | selfmind_app.recall_capture.scanner:scan:73 - [RecallScanner] hermes: found 0 events
2026-08-11 16:59:52.769 | INFO     | selfmind_app.recall_capture.scanner:scan:84 - [RecallScanner] Matched 0 entries from 0 events
2026-08-11 16:59:52.782 | INFO     | selfmind_app.recall_capture.scanner:scan:103 - [RecallScanner] Scan complete: {'events_found': 0, 'entries_matched': 0, 'recalls_recorded': 0, 'adapters_scanned': 1, 'scan_duration_ms': 60}
   [Auto-sync] 269 active, 0 recalls, graph rebuilt
2026-08-11 17:04:53.706 | INFO     | selfmind_app.recall_capture.scanner:scan:66 - [RecallScanner] Starting scan since 2026-08-11 16:59:52.781133
2026-08-11 17:04:53.740 | INFO     | selfmind_app.recall_capture.scanner:scan:73 - [RecallScanner] hermes: found 0 events
2026-08-11 17:04:53.748 | INFO     | selfmind_app.recall_capture.scanner:scan:84 - [RecallScanner] Matched 0 entries from 0 events
2026-08-11 17:04:53.755 | INFO     | selfmind_app.recall_capture.scanner:scan:103 - [RecallScanner] Scan complete: {'events_found': 0, 'entries_matched': 0, 'recalls_recorded': 0, 'adapters_scanned': 1, 'scan_duration_ms': 48}
   [Auto-sync] 269 active, 0 recalls, graph rebuilt
2026-08-11 17:09:54.757 | INFO     | selfmind_app.recall_capture.scanner:scan:66 - [RecallScanner] Starting scan since 2026-08-11 17:04:53.754310
2026-08-11 17:09:54.786 | INFO     | selfmind_app.recall_capture.scanner:scan:73 - [RecallScanner] hermes: found 0 events
2026-08-11 17:09:54.793 | INFO     | selfmind_app.recall_capture.scanner:scan:84 - [RecallScanner] Matched 0 entries from 0 events
2026-08-11 17:09:54.800 | INFO     | selfmind_app.recall_capture.scanner:scan:103 - [RecallScanner] Scan complete: {'events_found': 0, 'entries_matched': 0, 'recalls_recorded': 0, 'adapters_scanned': 1, 'scan_duration_ms': 43}
   [Auto-sync] 269 active, 0 recalls, graph rebuilt
2026-08-11 17:14:55.736 | INFO     | selfmind_app.recall_capture.scanner:scan:66 - [RecallScanner] Starting scan since 2026-08-11 17:09:54.799850
2026-08-11 17:14:55.770 | INFO     | selfmind_app.recall_capture.scanner:scan:73 - [RecallScanner] hermes: found 0 events
2026-08-11 17:14:55.779 | INFO     | selfmind_app.recall_capture.scanner:scan:84 - [RecallScanner] Matched 0 entries from 0 events
2026-08-11 17:14:55.787 | INFO     | selfmind_app.recall_capture.scanner:scan:103 - [RecallScanner] Scan complete: {'events_found': 0, 'entries_matched': 0, 'recalls_recorded': 0, 'adapters_scanned': 1, 'scan_duration_ms': 50}
   [Auto-sync] 269 active, 0 recalls, graph rebuilt
2026-08-11 17:19:56.713 | INFO     | selfmind_app.recall_capture.scanner:scan:66 - [RecallScanner] Starting scan since 2026-08-11 17:14:55.785984
2026-08-11 17:19:56.741 | INFO     | selfmind_app.recall_capture.scanner:scan:73 - [RecallScanner] hermes: found 0 events
2026-08-11 17:19:56.750 | INFO     | selfmind_app.recall_capture.scanner:scan:84 - [RecallScanner] Matched 0 entries from 0 events
2026-08-11 17:19:56.757 | INFO     | selfmind_app.recall_capture.scanner:scan:103 - [RecallScanner] Scan complete: {'events_found': 0, 'entries_matched': 0, 'recalls_recorded': 0, 'adapters_scanned': 1, 'scan_duration_ms': 44}
   [Auto-sync] 269 active, 0 recalls, graph rebuilt
2026-08-11 17:24:57.724 | INFO     | selfmind_app.recall_capture.scanner:scan:66 - [RecallScanner] Starting scan since 2026-08-11 17:19:56.756859
2026-08-11 17:24:57.751 | INFO     | selfmind_app.recall_capture.scanner:scan:73 - [RecallScanner] hermes: found 0 events
2026-08-11 17:24:57.761 | INFO     | selfmind_app.recall_capture.scanner:scan:84 - [RecallScanner] Matched 0 entries from 0 events
2026-08-11 17:24:57.768 | INFO     | selfmind_app.recall_capture.scanner:scan:103 - [RecallScanner] Scan complete: {'events_found': 0, 'entries_matched': 0, 'recalls_recorded': 0, 'adapters_scanned': 1, 'scan_duration_ms': 44}
   [Auto-sync] 269 active, 0 recalls, graph rebuilt
2026-08-11 17:29:58.737 | INFO     | selfmind_app.recall_capture.scanner:scan:66 - [RecallScanner] Starting scan since 2026-08-11 17:24:57.767730
2026-08-11 17:29:58.767 | INFO     | selfmind_app.recall_capture.scanner:scan:73 - [RecallScanner] hermes: found 0 events
2026-08-11 17:29:58.775 | INFO     | selfmind_app.recall_capture.scanner:scan:84 - [RecallScanner] Matched 0 entries from 0 events
2026-08-11 17:29:58.782 | INFO     | selfmind_app.recall_capture.scanner:scan:103 - [RecallScanner] Scan complete: {'events_found': 0, 'entries_matched': 0, 'recalls_recorded': 0, 'adapters_scanned': 1, 'scan_duration_ms': 44}
   [Auto-sync] 269 active, 0 recalls, graph rebuilt
2026-08-11 17:34:59.699 | INFO     | selfmind_app.recall_capture.scanner:scan:66 - [RecallScanner] Starting scan since 2026-08-11 17:29:58.781349
2026-08-11 17:34:59.729 | INFO     | selfmind_app.recall_capture.scanner:scan:73 - [RecallScanner] hermes: found 0 events
2026-08-11 17:34:59.738 | INFO     | selfmind_app.recall_capture.scanner:scan:84 - [RecallScanner] Matched 0 entries from 0 events
2026-08-11 17:34:59.745 | INFO     | selfmind_app.recall_capture.scanner:scan:103 - [RecallScanner] Scan complete: {'events_found': 0, 'entries_matched': 0, 'recalls_recorded': 0, 'adapters_scanned': 1, 'scan_duration_ms': 46}
   [Auto-sync] 269 active, 0 recalls, graph rebuilt
2026-08-11 17:40:00.682 | INFO     | selfmind_app.recall_capture.scanner:scan:66 - [RecallScanner] Starting scan since 2026-08-11 17:34:59.744742
2026-08-11 17:40:00.709 | INFO     | selfmind_app.recall_capture.scanner:scan:73 - [RecallScanner] hermes: found 0 events
2026-08-11 17:40:00.717 | INFO     | selfmind_app.recall_capture.scanner:scan:84 - [RecallScanner] Matched 0 entries from 0 events
2026-08-11 17:40:00.723 | INFO     | selfmind_app.recall_capture.scanner:scan:103 - [RecallScanner] Scan complete: {'events_found': 0, 'entries_matched': 0, 'recalls_recorded': 0, 'adapters_scanned': 1, 'scan_duration_ms': 40}
   [Auto-sync] 269 active, 0 recalls, graph rebuilt
2026-08-11 17:45:01.632 | INFO     | selfmind_app.recall_capture.scanner:scan:66 - [RecallScanner] Starting scan since 2026-08-11 17:40:00.722782
2026-08-11 17:45:01.660 | INFO     | selfmind_app.recall_capture.scanner:scan:73 - [RecallScanner] hermes: found 0 events
2026-08-11 17:45:01.668 | INFO     | selfmind_app.recall_capture.scanner:scan:84 - [RecallScanner] Matched 0 entries from 0 events
2026-08-11 17:45:01.678 | INFO     | selfmind_app.recall_capture.scanner:scan:103 - [RecallScanner] Scan complete: {'events_found': 0, 'entries_matched': 0, 'recalls_recorded': 0, 'adapters_scanned': 1, 'scan_duration_ms': 46}
   [Auto-sync] 269 active, 0 recalls, graph rebuilt
2026-08-11 17:50:02.724 | INFO     | selfmind_app.recall_capture.scanner:scan:66 - [RecallScanner] Starting scan since 2026-08-11 17:45:01.676926
2026-08-11 17:50:02.753 | INFO     | selfmind_app.recall_capture.scanner:scan:73 - [RecallScanner] hermes: found 0 events
2026-08-11 17:50:02.761 | INFO     | selfmind_app.recall_capture.scanner:scan:84 - [RecallScanner] Matched 0 entries from 0 events
2026-08-11 17:50:02.768 | INFO     | selfmind_app.recall_capture.scanner:scan:103 - [RecallScanner] Scan complete: {'events_found': 0, 'entries_matched': 0, 'recalls_recorded': 0, 'adapters_scanned': 1, 'scan_duration_ms': 43}
   [Auto-sync] 269 active, 0 recalls, graph rebuilt
2026-08-11 17:55:03.953 | INFO     | selfmind_app.recall_capture.scanner:scan:66 - [RecallScanner] Starting scan since 2026-08-11 17:50:02.767220
2026-08-11 17:55:03.983 | INFO     | selfmind_app.recall_capture.scanner:scan:73 - [RecallScanner] hermes: found 0 events
2026-08-11 17:55:03.997 | INFO     | selfmind_app.recall_capture.scanner:scan:84 - [RecallScanner] Matched 0 entries from 0 events
2026-08-11 17:55:04.004 | INFO     | selfmind_app.recall_capture.scanner:scan:103 - [RecallScanner] Scan complete: {'events_found': 0, 'entries_matched': 0, 'recalls_recorded': 0, 'adapters_scanned': 1, 'scan_duration_ms': 51}
   [Auto-sync] 269 active, 0 recalls, graph rebuilt
2026-08-11 18:00:04.918 | INFO     | selfmind_app.recall_capture.scanner:scan:66 - [RecallScanner] Starting scan since 2026-08-11 17:55:04.004309
2026-08-11 18:00:04.945 | INFO     | selfmind_app.recall_capture.scanner:scan:73 - [RecallScanner] hermes: found 0 events
2026-08-11 18:00:04.955 | INFO     | selfmind_app.recall_capture.scanner:scan:84 - [RecallScanner] Matched 0 entries from 0 events
2026-08-11 18:00:04.962 | INFO     | selfmind_app.recall_capture.scanner:scan:103 - [RecallScanner] Scan complete: {'events_found': 0, 'entries_matched': 0, 'recalls_recorded': 0, 'adapters_scanned': 1, 'scan_duration_ms': 44}
   [Auto-sync] 269 active, 0 recalls, graph rebuilt
2026-08-11 18:05:05.988 | INFO     | selfmind_app.recall_capture.scanner:scan:66 - [RecallScanner] Starting scan since 2026-08-11 18:00:04.961278
2026-08-11 18:05:06.016 | INFO     | selfmind_app.recall_capture.scanner:scan:73 - [RecallScanner] hermes: found 0 events
2026-08-11 18:05:06.026 | INFO     | selfmind_app.recall_capture.scanner:scan:84 - [RecallScanner] Matched 0 entries from 0 events
2026-08-11 18:05:06.033 | INFO     | selfmind_app.recall_capture.scanner:scan:103 - [RecallScanner] Scan complete: {'events_found': 0, 'entries_matched': 0, 'recalls_recorded': 0, 'adapters_scanned': 1, 'scan_duration_ms': 44}
   [Auto-sync] 269 active, 0 recalls, graph rebuilt
2026-08-11 18:10:06.921 | INFO     | selfmind_app.recall_capture.scanner:scan:66 - [RecallScanner] Starting scan since 2026-08-11 18:05:06.032645
2026-08-11 18:10:06.950 | INFO     | selfmind_app.recall_capture.scanner:scan:73 - [RecallScanner] hermes: found 0 events
2026-08-11 18:10:06.962 | INFO     | selfmind_app.recall_capture.scanner:scan:84 - [RecallScanner] Matched 0 entries from 0 events
2026-08-11 18:10:06.969 | INFO     | selfmind_app.recall_capture.scanner:scan:103 - [RecallScanner] Scan complete: {'events_found': 0, 'entries_matched': 0, 'recalls_recorded': 0, 'adapters_scanned': 1, 'scan_duration_ms': 48}
   [Auto-sync] 269 active, 0 recalls, graph rebuilt
2026-08-11 18:15:07.900 | INFO     | selfmind_app.recall_capture.scanner:scan:66 - [RecallScanner] Starting scan since 2026-08-11 18:10:06.968759
2026-08-11 18:15:07.927 | INFO     | selfmind_app.recall_capture.scanner:scan:73 - [RecallScanner] hermes: found 0 events
2026-08-11 18:15:07.939 | INFO     | selfmind_app.recall_capture.scanner:scan:84 - [RecallScanner] Matched 0 entries from 0 events
2026-08-11 18:15:07.946 | INFO     | selfmind_app.recall_capture.scanner:scan:103 - [RecallScanner] Scan complete: {'events_found': 0, 'entries_matched': 0, 'recalls_recorded': 0, 'adapters_scanned': 1, 'scan_duration_ms': 45}
   [Auto-sync] 269 active, 0 recalls, graph rebuilt
2026-08-11 18:20:08.918 | INFO     | selfmind_app.recall_capture.scanner:scan:66 - [RecallScanner] Starting scan since 2026-08-11 18:15:07.945555
2026-08-11 18:20:08.948 | INFO     | selfmind_app.recall_capture.scanner:scan:73 - [RecallScanner] hermes: found 0 events
2026-08-11 18:20:08.957 | INFO     | selfmind_app.recall_capture.scanner:scan:84 - [RecallScanner] Matched 0 entries from 0 events
2026-08-11 18:20:08.965 | INFO     | selfmind_app.recall_capture.scanner:scan:103 - [RecallScanner] Scan complete: {'events_found': 0, 'entries_matched': 0, 'recalls_recorded': 0, 'adapters_scanned': 1, 'scan_duration_ms': 47}
   [Auto-sync] 269 active, 0 recalls, graph rebuilt
2026-08-11 18:25:09.938 | INFO     | selfmind_app.recall_capture.scanner:scan:66 - [RecallScanner] Starting scan since 2026-08-11 18:20:08.965261
2026-08-11 18:25:09.968 | INFO     | selfmind_app.recall_capture.scanner:scan:73 - [RecallScanner] hermes: found 0 events
2026-08-11 18:25:09.976 | INFO     | selfmind_app.recall_capture.scanner:scan:84 - [RecallScanner] Matched 0 entries from 0 events
2026-08-11 18:25:09.984 | INFO     | selfmind_app.recall_capture.scanner:scan:103 - [RecallScanner] Scan complete: {'events_found': 0, 'entries_matched': 0, 'recalls_recorded': 0, 'adapters_scanned': 1, 'scan_duration_ms': 45}
   [Auto-sync] 269 active, 0 recalls, graph rebuilt
2026-08-11 18:30:10.923 | INFO     | selfmind_app.recall_capture.scanner:scan:66 - [RecallScanner] Starting scan since 2026-08-11 18:25:09.983384
2026-08-11 18:30:10.951 | INFO     | selfmind_app.recall_capture.scanner:scan:73 - [RecallScanner] hermes: found 0 events
2026-08-11 18:30:10.958 | INFO     | selfmind_app.recall_capture.scanner:scan:84 - [RecallScanner] Matched 0 entries from 0 events
2026-08-11 18:30:10.965 | INFO     | selfmind_app.recall_capture.scanner:scan:103 - [RecallScanner] Scan complete: {'events_found': 0, 'entries_matched': 0, 'recalls_recorded': 0, 'adapters_scanned': 1, 'scan_duration_ms': 42}
   [Auto-sync] 269 active, 0 recalls, graph rebuilt
2026-08-11 18:35:11.876 | INFO     | selfmind_app.recall_capture.scanner:scan:66 - [RecallScanner] Starting scan since 2026-08-11 18:30:10.964517
2026-08-11 18:35:11.903 | INFO     | selfmind_app.recall_capture.scanner:scan:73 - [RecallScanner] hermes: found 0 events
2026-08-11 18:35:11.911 | INFO     | selfmind_app.recall_capture.scanner:scan:84 - [RecallScanner] Matched 0 entries from 0 events
2026-08-11 18:35:11.917 | INFO     | selfmind_app.recall_capture.scanner:scan:103 - [RecallScanner] Scan complete: {'events_found': 0, 'entries_matched': 0, 'recalls_recorded': 0, 'adapters_scanned': 1, 'scan_duration_ms': 41}
   [Auto-sync] 269 active, 0 recalls, graph rebuilt
2026-08-11 18:40:12.941 | INFO     | selfmind_app.recall_capture.scanner:scan:66 - [RecallScanner] Starting scan since 2026-08-11 18:35:11.916740
2026-08-11 18:40:12.971 | INFO     | selfmind_app.recall_capture.scanner:scan:73 - [RecallScanner] hermes: found 0 events
2026-08-11 18:40:12.979 | INFO     | selfmind_app.recall_capture.scanner:scan:84 - [RecallScanner] Matched 0 entries from 0 events
2026-08-11 18:40:12.986 | INFO     | selfmind_app.recall_capture.scanner:scan:103 - [RecallScanner] Scan complete: {'events_found': 0, 'entries_matched': 0, 'recalls_recorded': 0, 'adapters_scanned': 1, 'scan_duration_ms': 45}
   [Auto-sync] 269 active, 0 recalls, graph rebuilt
2026-08-11 18:45:13.884 | INFO     | selfmind_app.recall_capture.scanner:scan:66 - [RecallScanner] Starting scan since 2026-08-11 18:40:12.985631
2026-08-11 18:45:13.910 | INFO     | selfmind_app.recall_capture.scanner:scan:73 - [RecallScanner] hermes: found 0 events
2026-08-11 18:45:13.919 | INFO     | selfmind_app.recall_capture.scanner:scan:84 - [RecallScanner] Matched 0 entries from 0 events
2026-08-11 18:45:13.926 | INFO     | selfmind_app.recall_capture.scanner:scan:103 - [RecallScanner] Scan complete: {'events_found': 0, 'entries_matched': 0, 'recalls_recorded': 0, 'adapters_scanned': 1, 'scan_duration_ms': 41}
   [Auto-sync] 269 active, 0 recalls, graph rebuilt
2026-08-11 18:50:14.815 | INFO     | selfmind_app.recall_capture.scanner:scan:66 - [RecallScanner] Starting scan since 2026-08-11 18:45:13.925360
2026-08-11 18:50:14.847 | INFO     | selfmind_app.recall_capture.scanner:scan:73 - [RecallScanner] hermes: found 0 events
2026-08-11 18:50:14.855 | INFO     | selfmind_app.recall_capture.scanner:scan:84 - [RecallScanner] Matched 0 entries from 0 events
2026-08-11 18:50:14.863 | INFO     | selfmind_app.recall_capture.scanner:scan:103 - [RecallScanner] Scan complete: {'events_found': 0, 'entries_matched': 0, 'recalls_recorded': 0, 'adapters_scanned': 1, 'scan_duration_ms': 47}
   [Auto-sync] 269 active, 0 recalls, graph rebuilt
2026-08-11 18:55:15.884 | INFO     | selfmind_app.recall_capture.scanner:scan:66 - [RecallScanner] Starting scan since 2026-08-11 18:50:14.862566
2026-08-11 18:55:15.913 | INFO     | selfmind_app.recall_capture.scanner:scan:73 - [RecallScanner] hermes: found 0 events
2026-08-11 18:55:15.921 | INFO     | selfmind_app.recall_capture.scanner:scan:84 - [RecallScanner] Matched 0 entries from 0 events
2026-08-11 18:55:15.927 | INFO     | selfmind_app.recall_capture.scanner:scan:103 - [RecallScanner] Scan complete: {'events_found': 0, 'entries_matched': 0, 'recalls_recorded': 0, 'adapters_scanned': 1, 'scan_duration_ms': 43}
   [Auto-sync] 269 active, 0 recalls, graph rebuilt
2026-08-11 19:00:16.918 | INFO     | selfmind_app.recall_capture.scanner:scan:66 - [RecallScanner] Starting scan since 2026-08-11 18:55:15.926868
2026-08-11 19:00:16.946 | INFO     | selfmind_app.recall_capture.scanner:scan:73 - [RecallScanner] hermes: found 0 events
2026-08-11 19:00:16.955 | INFO     | selfmind_app.recall_capture.scanner:scan:84 - [RecallScanner] Matched 0 entries from 0 events
2026-08-11 19:00:16.962 | INFO     | selfmind_app.recall_capture.scanner:scan:103 - [RecallScanner] Scan complete: {'events_found': 0, 'entries_matched': 0, 'recalls_recorded': 0, 'adapters_scanned': 1, 'scan_duration_ms': 43}
   [Auto-sync] 269 active, 0 recalls, graph rebuilt
2026-08-11 19:05:18.000 | INFO     | selfmind_app.recall_capture.scanner:scan:66 - [RecallScanner] Starting scan since 2026-08-11 19:00:16.961667
2026-08-11 19:05:18.027 | INFO     | selfmind_app.recall_capture.scanner:scan:73 - [RecallScanner] hermes: found 0 events
2026-08-11 19:05:18.034 | INFO     | selfmind_app.recall_capture.scanner:scan:84 - [RecallScanner] Matched 0 entries from 0 events
2026-08-11 19:05:18.041 | INFO     | selfmind_app.recall_capture.scanner:scan:103 - [RecallScanner] Scan complete: {'events_found': 0, 'entries_matched': 0, 'recalls_recorded': 0, 'adapters_scanned': 1, 'scan_duration_ms': 40}
   [Auto-sync] 269 active, 0 recalls, graph rebuilt
2026-08-11 19:10:18.951 | INFO     | selfmind_app.recall_capture.scanner:scan:66 - [RecallScanner] Starting scan since 2026-08-11 19:05:18.040563
2026-08-11 19:10:18.980 | INFO     | selfmind_app.recall_capture.scanner:scan:73 - [RecallScanner] hermes: found 0 events
2026-08-11 19:10:18.987 | INFO     | selfmind_app.recall_capture.scanner:scan:84 - [RecallScanner] Matched 0 entries from 0 events
2026-08-11 19:10:19.002 | INFO     | selfmind_app.recall_capture.scanner:scan:103 - [RecallScanner] Scan complete: {'events_found': 0, 'entries_matched': 0, 'recalls_recorded': 0, 'adapters_scanned': 1, 'scan_duration_ms': 50}
   [Auto-sync] 269 active, 0 recalls, graph rebuilt
2026-08-11 19:15:19.981 | INFO     | selfmind_app.recall_capture.scanner:scan:66 - [RecallScanner] Starting scan since 2026-08-11 19:10:19.000994
2026-08-11 19:15:20.007 | INFO     | selfmind_app.recall_capture.scanner:scan:73 - [RecallScanner] hermes: found 0 events
2026-08-11 19:15:20.015 | INFO     | selfmind_app.recall_capture.scanner:scan:84 - [RecallScanner] Matched 0 entries from 0 events
2026-08-11 19:15:20.023 | INFO     | selfmind_app.recall_capture.scanner:scan:103 - [RecallScanner] Scan complete: {'events_found': 0, 'entries_matched': 0, 'recalls_recorded': 0, 'adapters_scanned': 1, 'scan_duration_ms': 42}
   [Auto-sync] 269 active, 0 recalls, graph rebuilt
2026-08-11 19:20:21.046 | INFO     | selfmind_app.recall_capture.scanner:scan:66 - [RecallScanner] Starting scan since 2026-08-11 19:15:20.023057
2026-08-11 19:20:21.075 | INFO     | selfmind_app.recall_capture.scanner:scan:73 - [RecallScanner] hermes: found 0 events
2026-08-11 19:20:21.083 | INFO     | selfmind_app.recall_capture.scanner:scan:84 - [RecallScanner] Matched 0 entries from 0 events
2026-08-11 19:20:21.089 | INFO     | selfmind_app.recall_capture.scanner:scan:103 - [RecallScanner] Scan complete: {'events_found': 0, 'entries_matched': 0, 'recalls_recorded': 0, 'adapters_scanned': 1, 'scan_duration_ms': 42}
   [Auto-sync] 269 active, 0 recalls, graph rebuilt
2026-08-11 19:25:22.105 | INFO     | selfmind_app.recall_capture.scanner:scan:66 - [RecallScanner] Starting scan since 2026-08-11 19:20:21.088863
2026-08-11 19:25:22.136 | INFO     | selfmind_app.recall_capture.scanner:scan:73 - [RecallScanner] hermes: found 0 events
2026-08-11 19:25:22.144 | INFO     | selfmind_app.recall_capture.scanner:scan:84 - [RecallScanner] Matched 0 entries from 0 events
2026-08-11 19:25:22.151 | INFO     | selfmind_app.recall_capture.scanner:scan:103 - [RecallScanner] Scan complete: {'events_found': 0, 'entries_matched': 0, 'recalls_recorded': 0, 'adapters_scanned': 1, 'scan_duration_ms': 46}
   [Auto-sync] 269 active, 0 recalls, graph rebuilt
2026-08-11 19:30:23.039 | INFO     | selfmind_app.recall_capture.scanner:scan:66 - [RecallScanner] Starting scan since 2026-08-11 19:25:22.150843
2026-08-11 19:30:23.066 | INFO     | selfmind_app.recall_capture.scanner:scan:73 - [RecallScanner] hermes: found 0 events
2026-08-11 19:30:23.079 | INFO     | selfmind_app.recall_capture.scanner:scan:84 - [RecallScanner] Matched 0 entries from 0 events
2026-08-11 19:30:23.086 | INFO     | selfmind_app.recall_capture.scanner:scan:103 - [RecallScanner] Scan complete: {'events_found': 0, 'entries_matched': 0, 'recalls_recorded': 0, 'adapters_scanned': 1, 'scan_duration_ms': 47}
   [Auto-sync] 269 active, 0 recalls, graph rebuilt
2026-08-11 19:35:24.096 | INFO     | selfmind_app.recall_capture.scanner:scan:66 - [RecallScanner] Starting scan since 2026-08-11 19:30:23.085688
2026-08-11 19:35:24.124 | INFO     | selfmind_app.recall_capture.scanner:scan:73 - [RecallScanner] hermes: found 0 events
2026-08-11 19:35:24.131 | INFO     | selfmind_app.recall_capture.scanner:scan:84 - [RecallScanner] Matched 0 entries from 0 events
2026-08-11 19:35:24.137 | INFO     | selfmind_app.recall_capture.scanner:scan:103 - [RecallScanner] Scan complete: {'events_found': 0, 'entries_matched': 0, 'recalls_recorded': 0, 'adapters_scanned': 1, 'scan_duration_ms': 41}
   [Auto-sync] 269 active, 0 recalls, graph rebuilt
2026-08-11 19:40:25.053 | INFO     | selfmind_app.recall_capture.scanner:scan:66 - [RecallScanner] Starting scan since 2026-08-11 19:35:24.137331
2026-08-11 19:40:25.082 | INFO     | selfmind_app.recall_capture.scanner:scan:73 - [RecallScanner] hermes: found 0 events
2026-08-11 19:40:25.090 | INFO     | selfmind_app.recall_capture.scanner:scan:84 - [RecallScanner] Matched 0 entries from 0 events
2026-08-11 19:40:25.096 | INFO     | selfmind_app.recall_capture.scanner:scan:103 - [RecallScanner] Scan complete: {'events_found': 0, 'entries_matched': 0, 'recalls_recorded': 0, 'adapters_scanned': 1, 'scan_duration_ms': 42}
   [Auto-sync] 269 active, 0 recalls, graph rebuilt
2026-08-11 19:45:26.134 | INFO     | selfmind_app.recall_capture.scanner:scan:66 - [RecallScanner] Starting scan since 2026-08-11 19:40:25.095569
2026-08-11 19:45:26.164 | INFO     | selfmind_app.recall_capture.scanner:scan:73 - [RecallScanner] hermes: found 0 events
2026-08-11 19:45:26.172 | INFO     | selfmind_app.recall_capture.scanner:scan:84 - [RecallScanner] Matched 0 entries from 0 events
2026-08-11 19:45:26.179 | INFO     | selfmind_app.recall_capture.scanner:scan:103 - [RecallScanner] Scan complete: {'events_found': 0, 'entries_matched': 0, 'recalls_recorded': 0, 'adapters_scanned': 1, 'scan_duration_ms': 44}
   [Auto-sync] 269 active, 0 recalls, graph rebuilt
2026-08-11 19:50:27.120 | INFO     | selfmind_app.recall_capture.scanner:scan:66 - [RecallScanner] Starting scan since 2026-08-11 19:45:26.178622
2026-08-11 19:50:27.151 | INFO     | selfmind_app.recall_capture.scanner:scan:73 - [RecallScanner] hermes: found 0 events
2026-08-11 19:50:27.163 | INFO     | selfmind_app.recall_capture.scanner:scan:84 - [RecallScanner] Matched 0 entries from 0 events
2026-08-11 19:50:27.170 | INFO     | selfmind_app.recall_capture.scanner:scan:103 - [RecallScanner] Scan complete: {'events_found': 0, 'entries_matched': 0, 'recalls_recorded': 0, 'adapters_scanned': 1, 'scan_duration_ms': 50}
   [Auto-sync] 269 active, 0 recalls, graph rebuilt
2026-08-11 19:55:28.116 | INFO     | selfmind_app.recall_capture.scanner:scan:66 - [RecallScanner] Starting scan since 2026-08-11 19:50:27.169541
2026-08-11 19:55:28.148 | INFO     | selfmind_app.recall_capture.scanner:scan:73 - [RecallScanner] hermes: found 0 events
2026-08-11 19:55:28.156 | INFO     | selfmind_app.recall_capture.scanner:scan:84 - [RecallScanner] Matched 0 entries from 0 events
2026-08-11 19:55:28.163 | INFO     | selfmind_app.recall_capture.scanner:scan:103 - [RecallScanner] Scan complete: {'events_found': 0, 'entries_matched': 0, 'recalls_recorded': 0, 'adapters_scanned': 1, 'scan_duration_ms': 46}
   [Auto-sync] 269 active, 0 recalls, graph rebuilt
2026-08-11 20:00:29.192 | INFO     | selfmind_app.recall_capture.scanner:scan:66 - [RecallScanner] Starting scan since 2026-08-11 19:55:28.162489
2026-08-11 20:00:29.219 | INFO     | selfmind_app.recall_capture.scanner:scan:73 - [RecallScanner] hermes: found 0 events
2026-08-11 20:00:29.229 | INFO     | selfmind_app.recall_capture.scanner:scan:84 - [RecallScanner] Matched 0 entries from 0 events
2026-08-11 20:00:29.236 | INFO     | selfmind_app.recall_capture.scanner:scan:103 - [RecallScanner] Scan complete: {'events_found': 0, 'entries_matched': 0, 'recalls_recorded': 0, 'adapters_scanned': 1, 'scan_duration_ms': 43}
   [Auto-sync] 269 active, 0 recalls, graph rebuilt
2026-08-11 20:05:30.191 | INFO     | selfmind_app.recall_capture.scanner:scan:66 - [RecallScanner] Starting scan since 2026-08-11 20:00:29.235832
2026-08-11 20:05:30.224 | INFO     | selfmind_app.recall_capture.scanner:scan:73 - [RecallScanner] hermes: found 0 events
2026-08-11 20:05:30.232 | INFO     | selfmind_app.recall_capture.scanner:scan:84 - [RecallScanner] Matched 0 entries from 0 events
2026-08-11 20:05:30.238 | INFO     | selfmind_app.recall_capture.scanner:scan:103 - [RecallScanner] Scan complete: {'events_found': 0, 'entries_matched': 0, 'recalls_recorded': 0, 'adapters_scanned': 1, 'scan_duration_ms': 46}
   [Auto-sync] 269 active, 0 recalls, graph rebuilt
2026-08-11 20:10:31.268 | INFO     | selfmind_app.recall_capture.scanner:scan:66 - [RecallScanner] Starting scan since 2026-08-11 20:05:30.237855
2026-08-11 20:10:31.296 | INFO     | selfmind_app.recall_capture.scanner:scan:73 - [RecallScanner] hermes: found 0 events
2026-08-11 20:10:31.303 | INFO     | selfmind_app.recall_capture.scanner:scan:84 - [RecallScanner] Matched 0 entries from 0 events
2026-08-11 20:10:31.310 | INFO     | selfmind_app.recall_capture.scanner:scan:103 - [RecallScanner] Scan complete: {'events_found': 0, 'entries_matched': 0, 'recalls_recorded': 0, 'adapters_scanned': 1, 'scan_duration_ms': 42}
   [Auto-sync] 269 active, 0 recalls, graph rebuilt
2026-08-11 20:15:32.100 | INFO     | selfmind_app.recall_capture.scanner:scan:66 - [RecallScanner] Starting scan since 2026-08-11 20:10:31.310255
2026-08-11 20:15:32.128 | INFO     | selfmind_app.recall_capture.scanner:scan:73 - [RecallScanner] hermes: found 0 events
2026-08-11 20:15:32.137 | INFO     | selfmind_app.recall_capture.scanner:scan:84 - [RecallScanner] Matched 0 entries from 0 events
2026-08-11 20:15:32.144 | INFO     | selfmind_app.recall_capture.scanner:scan:103 - [RecallScanner] Scan complete: {'events_found': 0, 'entries_matched': 0, 'recalls_recorded': 0, 'adapters_scanned': 1, 'scan_duration_ms': 43}
   [Auto-sync] 269 active, 0 recalls, graph rebuilt
2026-08-11 20:20:33.036 | INFO     | selfmind_app.recall_capture.scanner:scan:66 - [RecallScanner] Starting scan since 2026-08-11 20:15:32.143519
2026-08-11 20:20:33.067 | INFO     | selfmind_app.recall_capture.scanner:scan:73 - [RecallScanner] hermes: found 0 events
2026-08-11 20:20:33.075 | INFO     | selfmind_app.recall_capture.scanner:scan:84 - [RecallScanner] Matched 0 entries from 0 events
2026-08-11 20:20:33.082 | INFO     | selfmind_app.recall_capture.scanner:scan:103 - [RecallScanner] Scan complete: {'events_found': 0, 'entries_matched': 0, 'recalls_recorded': 0, 'adapters_scanned': 1, 'scan_duration_ms': 46}
   [Auto-sync] 269 active, 0 recalls, graph rebuilt
2026-08-11 20:25:33.965 | INFO     | selfmind_app.recall_capture.scanner:scan:66 - [RecallScanner] Starting scan since 2026-08-11 20:20:33.081535
2026-08-11 20:25:33.993 | INFO     | selfmind_app.recall_capture.scanner:scan:73 - [RecallScanner] hermes: found 0 events
2026-08-11 20:25:34.002 | INFO     | selfmind_app.recall_capture.scanner:scan:84 - [RecallScanner] Matched 0 entries from 0 events
2026-08-11 20:25:34.008 | INFO     | selfmind_app.recall_capture.scanner:scan:103 - [RecallScanner] Scan complete: {'events_found': 0, 'entries_matched': 0, 'recalls_recorded': 0, 'adapters_scanned': 1, 'scan_duration_ms': 43}
   [Auto-sync] 269 active, 0 recalls, graph rebuilt
2026-08-11 20:30:35.019 | INFO     | selfmind_app.recall_capture.scanner:scan:66 - [RecallScanner] Starting scan since 2026-08-11 20:25:34.007852
2026-08-11 20:30:35.046 | INFO     | selfmind_app.recall_capture.scanner:scan:73 - [RecallScanner] hermes: found 0 events
2026-08-11 20:30:35.054 | INFO     | selfmind_app.recall_capture.scanner:scan:84 - [RecallScanner] Matched 0 entries from 0 events
2026-08-11 20:30:35.060 | INFO     | selfmind_app.recall_capture.scanner:scan:103 - [RecallScanner] Scan complete: {'events_found': 0, 'entries_matched': 0, 'recalls_recorded': 0, 'adapters_scanned': 1, 'scan_duration_ms': 41}
   [Auto-sync] 269 active, 0 recalls, graph rebuilt
2026-08-11 20:35:35.925 | INFO     | selfmind_app.recall_capture.scanner:scan:66 - [RecallScanner] Starting scan since 2026-08-11 20:30:35.060139
2026-08-11 20:35:35.953 | INFO     | selfmind_app.recall_capture.scanner:scan:73 - [RecallScanner] hermes: found 0 events
2026-08-11 20:35:35.965 | INFO     | selfmind_app.recall_capture.scanner:scan:84 - [RecallScanner] Matched 0 entries from 0 events
2026-08-11 20:35:35.971 | INFO     | selfmind_app.recall_capture.scanner:scan:103 - [RecallScanner] Scan complete: {'events_found': 0, 'entries_matched': 0, 'recalls_recorded': 0, 'adapters_scanned': 1, 'scan_duration_ms': 46}
   [Auto-sync] 269 active, 0 recalls, graph rebuilt
2026-08-11 20:40:36.866 | INFO     | selfmind_app.recall_capture.scanner:scan:66 - [RecallScanner] Starting scan since 2026-08-11 20:35:35.971100
2026-08-11 20:40:36.894 | INFO     | selfmind_app.recall_capture.scanner:scan:73 - [RecallScanner] hermes: found 0 events
2026-08-11 20:40:36.905 | INFO     | selfmind_app.recall_capture.scanner:scan:84 - [RecallScanner] Matched 0 entries from 0 events
2026-08-11 20:40:36.912 | INFO     | selfmind_app.recall_capture.scanner:scan:103 - [RecallScanner] Scan complete: {'events_found': 0, 'entries_matched': 0, 'recalls_recorded': 0, 'adapters_scanned': 1, 'scan_duration_ms': 46}
   [Auto-sync] 269 active, 0 recalls, graph rebuilt
2026-08-11 20:45:37.927 | INFO     | selfmind_app.recall_capture.scanner:scan:66 - [RecallScanner] Starting scan since 2026-08-11 20:40:36.911958
2026-08-11 20:45:37.957 | INFO     | selfmind_app.recall_capture.scanner:scan:73 - [RecallScanner] hermes: found 0 events
2026-08-11 20:45:37.965 | INFO     | selfmind_app.recall_capture.scanner:scan:84 - [RecallScanner] Matched 0 entries from 0 events
2026-08-11 20:45:37.971 | INFO     | selfmind_app.recall_capture.scanner:scan:103 - [RecallScanner] Scan complete: {'events_found': 0, 'entries_matched': 0, 'recalls_recorded': 0, 'adapters_scanned': 1, 'scan_duration_ms': 45}
   [Auto-sync] 269 active, 0 recalls, graph rebuilt
2026-08-11 20:50:38.890 | INFO     | selfmind_app.recall_capture.scanner:scan:66 - [RecallScanner] Starting scan since 2026-08-11 20:45:37.971185
2026-08-11 20:50:38.918 | INFO     | selfmind_app.recall_capture.scanner:scan:73 - [RecallScanner] hermes: found 0 events
2026-08-11 20:50:38.925 | INFO     | selfmind_app.recall_capture.scanner:scan:84 - [RecallScanner] Matched 0 entries from 0 events
2026-08-11 20:50:38.931 | INFO     | selfmind_app.recall_capture.scanner:scan:103 - [RecallScanner] Scan complete: {'events_found': 0, 'entries_matched': 0, 'recalls_recorded': 0, 'adapters_scanned': 1, 'scan_duration_ms': 41}
   [Auto-sync] 269 active, 0 recalls, graph rebuilt
2026-08-11 20:55:39.948 | INFO     | selfmind_app.recall_capture.scanner:scan:66 - [RecallScanner] Starting scan since 2026-08-11 20:50:38.931210
2026-08-11 20:55:39.976 | INFO     | selfmind_app.recall_capture.scanner:scan:73 - [RecallScanner] hermes: found 0 events
2026-08-11 20:55:39.983 | INFO     | selfmind_app.recall_capture.scanner:scan:84 - [RecallScanner] Matched 0 entries from 0 events
2026-08-11 20:55:39.989 | INFO     | selfmind_app.recall_capture.scanner:scan:103 - [RecallScanner] Scan complete: {'events_found': 0, 'entries_matched': 0, 'recalls_recorded': 0, 'adapters_scanned': 1, 'scan_duration_ms': 41}
   [Auto-sync] 269 active, 0 recalls, graph rebuilt
2026-08-11 21:00:40.964 | INFO     | selfmind_app.recall_capture.scanner:scan:66 - [RecallScanner] Starting scan since 2026-08-11 20:55:39.989160
2026-08-11 21:00:40.992 | INFO     | selfmind_app.recall_capture.scanner:scan:73 - [RecallScanner] hermes: found 0 events
2026-08-11 21:00:41.000 | INFO     | selfmind_app.recall_capture.scanner:scan:84 - [RecallScanner] Matched 0 entries from 0 events
2026-08-11 21:00:41.007 | INFO     | selfmind_app.recall_capture.scanner:scan:103 - [RecallScanner] Scan complete: {'events_found': 0, 'entries_matched': 0, 'recalls_recorded': 0, 'adapters_scanned': 1, 'scan_duration_ms': 42}
   [Auto-sync] 269 active, 0 recalls, graph rebuilt
2026-08-11 21:05:41.982 | INFO     | selfmind_app.recall_capture.scanner:scan:66 - [RecallScanner] Starting scan since 2026-08-11 21:00:41.006428
2026-08-11 21:05:42.008 | INFO     | selfmind_app.recall_capture.scanner:scan:73 - [RecallScanner] hermes: found 0 events
2026-08-11 21:05:42.018 | INFO     | selfmind_app.recall_capture.scanner:scan:84 - [RecallScanner] Matched 0 entries from 0 events
2026-08-11 21:05:42.025 | INFO     | selfmind_app.recall_capture.scanner:scan:103 - [RecallScanner] Scan complete: {'events_found': 0, 'entries_matched': 0, 'recalls_recorded': 0, 'adapters_scanned': 1, 'scan_duration_ms': 43}
   [Auto-sync] 269 active, 0 recalls, graph rebuilt
2026-08-11 21:10:43.084 | INFO     | selfmind_app.recall_capture.scanner:scan:66 - [RecallScanner] Starting scan since 2026-08-11 21:05:42.025228
2026-08-11 21:10:43.112 | INFO     | selfmind_app.recall_capture.scanner:scan:73 - [RecallScanner] hermes: found 0 events
2026-08-11 21:10:43.121 | INFO     | selfmind_app.recall_capture.scanner:scan:84 - [RecallScanner] Matched 0 entries from 0 events
2026-08-11 21:10:43.127 | INFO     | selfmind_app.recall_capture.scanner:scan:103 - [RecallScanner] Scan complete: {'events_found': 0, 'entries_matched': 0, 'recalls_recorded': 0, 'adapters_scanned': 1, 'scan_duration_ms': 43}
   [Auto-sync] 269 active, 0 recalls, graph rebuilt
2026-08-11 21:15:44.165 | INFO     | selfmind_app.recall_capture.scanner:scan:66 - [RecallScanner] Starting scan since 2026-08-11 21:10:43.126941
2026-08-11 21:15:44.192 | INFO     | selfmind_app.recall_capture.scanner:scan:73 - [RecallScanner] hermes: found 0 events
2026-08-11 21:15:44.200 | INFO     | selfmind_app.recall_capture.scanner:scan:84 - [RecallScanner] Matched 0 entries from 0 events
2026-08-11 21:15:44.207 | INFO     | selfmind_app.recall_capture.scanner:scan:103 - [RecallScanner] Scan complete: {'events_found': 0, 'entries_matched': 0, 'recalls_recorded': 0, 'adapters_scanned': 1, 'scan_duration_ms': 42}
   [Auto-sync] 269 active, 0 recalls, graph rebuilt
2026-08-11 21:20:45.306 | INFO     | selfmind_app.recall_capture.scanner:scan:66 - [RecallScanner] Starting scan since 2026-08-11 21:15:44.206722
2026-08-11 21:20:45.339 | INFO     | selfmind_app.recall_capture.scanner:scan:73 - [RecallScanner] hermes: found 0 events
2026-08-11 21:20:45.346 | INFO     | selfmind_app.recall_capture.scanner:scan:84 - [RecallScanner] Matched 0 entries from 0 events
2026-08-11 21:20:45.352 | INFO     | selfmind_app.recall_capture.scanner:scan:103 - [RecallScanner] Scan complete: {'events_found': 0, 'entries_matched': 0, 'recalls_recorded': 0, 'adapters_scanned': 1, 'scan_duration_ms': 45}
   [Auto-sync] 269 active, 0 recalls, graph rebuilt
2026-08-11 21:25:46.395 | INFO     | selfmind_app.recall_capture.scanner:scan:66 - [RecallScanner] Starting scan since 2026-08-11 21:20:45.352007
2026-08-11 21:25:46.423 | INFO     | selfmind_app.recall_capture.scanner:scan:73 - [RecallScanner] hermes: found 0 events
2026-08-11 21:25:46.430 | INFO     | selfmind_app.recall_capture.scanner:scan:84 - [RecallScanner] Matched 0 entries from 0 events
2026-08-11 21:25:46.437 | INFO     | selfmind_app.recall_capture.scanner:scan:103 - [RecallScanner] Scan complete: {'events_found': 0, 'entries_matched': 0, 'recalls_recorded': 0, 'adapters_scanned': 1, 'scan_duration_ms': 41}
   [Auto-sync] 269 active, 0 recalls, graph rebuilt
2026-08-11 21:30:47.444 | INFO     | selfmind_app.recall_capture.scanner:scan:66 - [RecallScanner] Starting scan since 2026-08-11 21:25:46.436595
2026-08-11 21:30:47.473 | INFO     | selfmind_app.recall_capture.scanner:scan:73 - [RecallScanner] hermes: found 0 events
2026-08-11 21:30:47.482 | INFO     | selfmind_app.recall_capture.scanner:scan:84 - [RecallScanner] Matched 0 entries from 0 events
2026-08-11 21:30:47.488 | INFO     | selfmind_app.recall_capture.scanner:scan:103 - [RecallScanner] Scan complete: {'events_found': 0, 'entries_matched': 0, 'recalls_recorded': 0, 'adapters_scanned': 1, 'scan_duration_ms': 43}
   [Auto-sync] 269 active, 0 recalls, graph rebuilt
2026-08-11 21:35:48.382 | INFO     | selfmind_app.recall_capture.scanner:scan:66 - [RecallScanner] Starting scan since 2026-08-11 21:30:47.487633
2026-08-11 21:35:48.412 | INFO     | selfmind_app.recall_capture.scanner:scan:73 - [RecallScanner] hermes: found 0 events
2026-08-11 21:35:48.420 | INFO     | selfmind_app.recall_capture.scanner:scan:84 - [RecallScanner] Matched 0 entries from 0 events
2026-08-11 21:35:48.429 | INFO     | selfmind_app.recall_capture.scanner:scan:103 - [RecallScanner] Scan complete: {'events_found': 0, 'entries_matched': 0, 'recalls_recorded': 0, 'adapters_scanned': 1, 'scan_duration_ms': 46}
   [Auto-sync] 269 active, 0 recalls, graph rebuilt
2026-08-11 21:40:49.476 | INFO     | selfmind_app.recall_capture.scanner:scan:66 - [RecallScanner] Starting scan since 2026-08-11 21:35:48.428299
2026-08-11 21:40:49.504 | INFO     | selfmind_app.recall_capture.scanner:scan:73 - [RecallScanner] hermes: found 0 events
2026-08-11 21:40:49.516 | INFO     | selfmind_app.recall_capture.scanner:scan:84 - [RecallScanner] Matched 0 entries from 0 events
2026-08-11 21:40:49.523 | INFO     | selfmind_app.recall_capture.scanner:scan:103 - [RecallScanner] Scan complete: {'events_found': 0, 'entries_matched': 0, 'recalls_recorded': 0, 'adapters_scanned': 1, 'scan_duration_ms': 47}
   [Auto-sync] 269 active, 0 recalls, graph rebuilt
2026-08-11 21:45:50.418 | INFO     | selfmind_app.recall_capture.scanner:scan:66 - [RecallScanner] Starting scan since 2026-08-11 21:40:49.522513
2026-08-11 21:45:50.446 | INFO     | selfmind_app.recall_capture.scanner:scan:73 - [RecallScanner] hermes: found 0 events
2026-08-11 21:45:50.454 | INFO     | selfmind_app.recall_capture.scanner:scan:84 - [RecallScanner] Matched 0 entries from 0 events
2026-08-11 21:45:50.460 | INFO     | selfmind_app.recall_capture.scanner:scan:103 - [RecallScanner] Scan complete: {'events_found': 0, 'entries_matched': 0, 'recalls_recorded': 0, 'adapters_scanned': 1, 'scan_duration_ms': 41}
   [Auto-sync] 269 active, 0 recalls, graph rebuilt
2026-08-11 21:50:51.393 | INFO     | selfmind_app.recall_capture.scanner:scan:66 - [RecallScanner] Starting scan since 2026-08-11 21:45:50.459812
2026-08-11 21:50:51.420 | INFO     | selfmind_app.recall_capture.scanner:scan:73 - [RecallScanner] hermes: found 0 events
2026-08-11 21:50:51.430 | INFO     | selfmind_app.recall_capture.scanner:scan:84 - [RecallScanner] Matched 0 entries from 0 events
2026-08-11 21:50:51.437 | INFO     | selfmind_app.recall_capture.scanner:scan:103 - [RecallScanner] Scan complete: {'events_found': 0, 'entries_matched': 0, 'recalls_recorded': 0, 'adapters_scanned': 1, 'scan_duration_ms': 44}
   [Auto-sync] 269 active, 0 recalls, graph rebuilt
2026-08-11 21:55:52.335 | INFO     | selfmind_app.recall_capture.scanner:scan:66 - [RecallScanner] Starting scan since 2026-08-11 21:50:51.437182
2026-08-11 21:55:52.361 | INFO     | selfmind_app.recall_capture.scanner:scan:73 - [RecallScanner] hermes: found 0 events
2026-08-11 21:55:52.369 | INFO     | selfmind_app.recall_capture.scanner:scan:84 - [RecallScanner] Matched 0 entries from 0 events
2026-08-11 21:55:52.375 | INFO     | selfmind_app.recall_capture.scanner:scan:103 - [RecallScanner] Scan complete: {'events_found': 0, 'entries_matched': 0, 'recalls_recorded': 0, 'adapters_scanned': 1, 'scan_duration_ms': 40}
   [Auto-sync] 269 active, 0 recalls, graph rebuilt
2026-08-11 22:00:53.368 | INFO     | selfmind_app.recall_capture.scanner:scan:66 - [RecallScanner] Starting scan since 2026-08-11 21:55:52.374999
2026-08-11 22:00:53.395 | INFO     | selfmind_app.recall_capture.scanner:scan:73 - [RecallScanner] hermes: found 0 events
2026-08-11 22:00:53.403 | INFO     | selfmind_app.recall_capture.scanner:scan:84 - [RecallScanner] Matched 0 entries from 0 events
2026-08-11 22:00:53.409 | INFO     | selfmind_app.recall_capture.scanner:scan:103 - [RecallScanner] Scan complete: {'events_found': 0, 'entries_matched': 0, 'recalls_recorded': 0, 'adapters_scanned': 1, 'scan_duration_ms': 41}
   [Auto-sync] 269 active, 0 recalls, graph rebuilt
2026-08-11 22:05:54.264 | INFO     | selfmind_app.recall_capture.scanner:scan:66 - [RecallScanner] Starting scan since 2026-08-11 22:00:53.409033
2026-08-11 22:05:54.291 | INFO     | selfmind_app.recall_capture.scanner:scan:73 - [RecallScanner] hermes: found 0 events
2026-08-11 22:05:54.299 | INFO     | selfmind_app.recall_capture.scanner:scan:84 - [RecallScanner] Matched 0 entries from 0 events
2026-08-11 22:05:54.305 | INFO     | selfmind_app.recall_capture.scanner:scan:103 - [RecallScanner] Scan complete: {'events_found': 0, 'entries_matched': 0, 'recalls_recorded': 0, 'adapters_scanned': 1, 'scan_duration_ms': 40}
   [Auto-sync] 269 active, 0 recalls, graph rebuilt
2026-08-11 22:10:55.234 | INFO     | selfmind_app.recall_capture.scanner:scan:66 - [RecallScanner] Starting scan since 2026-08-11 22:05:54.304901
2026-08-11 22:10:55.267 | INFO     | selfmind_app.recall_capture.scanner:scan:73 - [RecallScanner] hermes: found 0 events
2026-08-11 22:10:55.277 | INFO     | selfmind_app.recall_capture.scanner:scan:84 - [RecallScanner] Matched 0 entries from 0 events
2026-08-11 22:10:55.283 | INFO     | selfmind_app.recall_capture.scanner:scan:103 - [RecallScanner] Scan complete: {'events_found': 0, 'entries_matched': 0, 'recalls_recorded': 0, 'adapters_scanned': 1, 'scan_duration_ms': 49}
   [Auto-sync] 269 active, 0 recalls, graph rebuilt
2026-08-11 22:15:56.195 | INFO     | selfmind_app.recall_capture.scanner:scan:66 - [RecallScanner] Starting scan since 2026-08-11 22:10:55.283111
2026-08-11 22:15:56.224 | INFO     | selfmind_app.recall_capture.scanner:scan:73 - [RecallScanner] hermes: found 0 events
2026-08-11 22:15:56.231 | INFO     | selfmind_app.recall_capture.scanner:scan:84 - [RecallScanner] Matched 0 entries from 0 events
2026-08-11 22:15:56.238 | INFO     | selfmind_app.recall_capture.scanner:scan:103 - [RecallScanner] Scan complete: {'events_found': 0, 'entries_matched': 0, 'recalls_recorded': 0, 'adapters_scanned': 1, 'scan_duration_ms': 42}
   [Auto-sync] 269 active, 0 recalls, graph rebuilt
2026-08-11 22:20:57.207 | INFO     | selfmind_app.recall_capture.scanner:scan:66 - [RecallScanner] Starting scan since 2026-08-11 22:15:56.237492
2026-08-11 22:20:57.236 | INFO     | selfmind_app.recall_capture.scanner:scan:73 - [RecallScanner] hermes: found 0 events
2026-08-11 22:20:57.243 | INFO     | selfmind_app.recall_capture.scanner:scan:84 - [RecallScanner] Matched 0 entries from 0 events
2026-08-11 22:20:57.250 | INFO     | selfmind_app.recall_capture.scanner:scan:103 - [RecallScanner] Scan complete: {'events_found': 0, 'entries_matched': 0, 'recalls_recorded': 0, 'adapters_scanned': 1, 'scan_duration_ms': 43}
   [Auto-sync] 269 active, 0 recalls, graph rebuilt
2026-08-11 22:25:58.179 | INFO     | selfmind_app.recall_capture.scanner:scan:66 - [RecallScanner] Starting scan since 2026-08-11 22:20:57.249939
2026-08-11 22:25:58.205 | INFO     | selfmind_app.recall_capture.scanner:scan:73 - [RecallScanner] hermes: found 0 events
2026-08-11 22:25:58.213 | INFO     | selfmind_app.recall_capture.scanner:scan:84 - [RecallScanner] Matched 0 entries from 0 events
2026-08-11 22:25:58.220 | INFO     | selfmind_app.recall_capture.scanner:scan:103 - [RecallScanner] Scan complete: {'events_found': 0, 'entries_matched': 0, 'recalls_recorded': 0, 'adapters_scanned': 1, 'scan_duration_ms': 41}
   [Auto-sync] 269 active, 0 recalls, graph rebuilt
2026-08-11 22:30:59.119 | INFO     | selfmind_app.recall_capture.scanner:scan:66 - [RecallScanner] Starting scan since 2026-08-11 22:25:58.219586
2026-08-11 22:30:59.148 | INFO     | selfmind_app.recall_capture.scanner:scan:73 - [RecallScanner] hermes: found 0 events
2026-08-11 22:30:59.157 | INFO     | selfmind_app.recall_capture.scanner:scan:84 - [RecallScanner] Matched 0 entries from 0 events
2026-08-11 22:30:59.164 | INFO     | selfmind_app.recall_capture.scanner:scan:103 - [RecallScanner] Scan complete: {'events_found': 0, 'entries_matched': 0, 'recalls_recorded': 0, 'adapters_scanned': 1, 'scan_duration_ms': 45}
   [Auto-sync] 269 active, 0 recalls, graph rebuilt
2026-08-11 22:36:00.170 | INFO     | selfmind_app.recall_capture.scanner:scan:66 - [RecallScanner] Starting scan since 2026-08-11 22:30:59.163782
2026-08-11 22:36:00.199 | INFO     | selfmind_app.recall_capture.scanner:scan:73 - [RecallScanner] hermes: found 0 events
2026-08-11 22:36:00.210 | INFO     | selfmind_app.recall_capture.scanner:scan:84 - [RecallScanner] Matched 0 entries from 0 events
2026-08-11 22:36:00.217 | INFO     | selfmind_app.recall_capture.scanner:scan:103 - [RecallScanner] Scan complete: {'events_found': 0, 'entries_matched': 0, 'recalls_recorded': 0, 'adapters_scanned': 1, 'scan_duration_ms': 46}
   [Auto-sync] 269 active, 0 recalls, graph rebuilt
2026-08-11 22:41:01.192 | INFO     | selfmind_app.recall_capture.scanner:scan:66 - [RecallScanner] Starting scan since 2026-08-11 22:36:00.216454
2026-08-11 22:41:01.221 | INFO     | selfmind_app.recall_capture.scanner:scan:73 - [RecallScanner] hermes: found 0 events
2026-08-11 22:41:01.229 | INFO     | selfmind_app.recall_capture.scanner:scan:84 - [RecallScanner] Matched 0 entries from 0 events
2026-08-11 22:41:01.237 | INFO     | selfmind_app.recall_capture.scanner:scan:103 - [RecallScanner] Scan complete: {'events_found': 0, 'entries_matched': 0, 'recalls_recorded': 0, 'adapters_scanned': 1, 'scan_duration_ms': 44}
   [Auto-sync] 269 active, 0 recalls, graph rebuilt
2026-08-11 22:46:02.204 | INFO     | selfmind_app.recall_capture.scanner:scan:66 - [RecallScanner] Starting scan since 2026-08-11 22:41:01.236298
2026-08-11 22:46:02.235 | INFO     | selfmind_app.recall_capture.scanner:scan:73 - [RecallScanner] hermes: found 0 events
2026-08-11 22:46:02.243 | INFO     | selfmind_app.recall_capture.scanner:scan:84 - [RecallScanner] Matched 0 entries from 0 events
2026-08-11 22:46:02.249 | INFO     | selfmind_app.recall_capture.scanner:scan:103 - [RecallScanner] Scan complete: {'events_found': 0, 'entries_matched': 0, 'recalls_recorded': 0, 'adapters_scanned': 1, 'scan_duration_ms': 45}
   [Auto-sync] 269 active, 0 recalls, graph rebuilt
2026-08-11 22:51:03.279 | INFO     | selfmind_app.recall_capture.scanner:scan:66 - [RecallScanner] Starting scan since 2026-08-11 22:46:02.249268
2026-08-11 22:51:03.309 | INFO     | selfmind_app.recall_capture.scanner:scan:73 - [RecallScanner] hermes: found 0 events
2026-08-11 22:51:03.318 | INFO     | selfmind_app.recall_capture.scanner:scan:84 - [RecallScanner] Matched 0 entries from 0 events
2026-08-11 22:51:03.325 | INFO     | selfmind_app.recall_capture.scanner:scan:103 - [RecallScanner] Scan complete: {'events_found': 0, 'entries_matched': 0, 'recalls_recorded': 0, 'adapters_scanned': 1, 'scan_duration_ms': 45}
   [Auto-sync] 269 active, 0 recalls, graph rebuilt
2026-08-11 22:56:04.386 | INFO     | selfmind_app.recall_capture.scanner:scan:66 - [RecallScanner] Starting scan since 2026-08-11 22:51:03.324854
2026-08-11 22:56:04.415 | INFO     | selfmind_app.recall_capture.scanner:scan:73 - [RecallScanner] hermes: found 0 events
2026-08-11 22:56:04.422 | INFO     | selfmind_app.recall_capture.scanner:scan:84 - [RecallScanner] Matched 0 entries from 0 events
2026-08-11 22:56:04.428 | INFO     | selfmind_app.recall_capture.scanner:scan:103 - [RecallScanner] Scan complete: {'events_found': 0, 'entries_matched': 0, 'recalls_recorded': 0, 'adapters_scanned': 1, 'scan_duration_ms': 42}
   [Auto-sync] 269 active, 0 recalls, graph rebuilt
2026-08-11 23:01:05.405 | INFO     | selfmind_app.recall_capture.scanner:scan:66 - [RecallScanner] Starting scan since 2026-08-11 22:56:04.427966
2026-08-11 23:01:05.433 | INFO     | selfmind_app.recall_capture.scanner:scan:73 - [RecallScanner] hermes: found 0 events
2026-08-11 23:01:05.442 | INFO     | selfmind_app.recall_capture.scanner:scan:84 - [RecallScanner] Matched 0 entries from 0 events
2026-08-11 23:01:05.448 | INFO     | selfmind_app.recall_capture.scanner:scan:103 - [RecallScanner] Scan complete: {'events_found': 0, 'entries_matched': 0, 'recalls_recorded': 0, 'adapters_scanned': 1, 'scan_duration_ms': 44}
   [Auto-sync] 269 active, 0 recalls, graph rebuilt
2026-08-11 23:06:06.410 | INFO     | selfmind_app.recall_capture.scanner:scan:66 - [RecallScanner] Starting scan since 2026-08-11 23:01:05.447966
2026-08-11 23:06:06.439 | INFO     | selfmind_app.recall_capture.scanner:scan:73 - [RecallScanner] hermes: found 0 events
2026-08-11 23:06:06.446 | INFO     | selfmind_app.recall_capture.scanner:scan:84 - [RecallScanner] Matched 0 entries from 0 events
2026-08-11 23:06:06.452 | INFO     | selfmind_app.recall_capture.scanner:scan:103 - [RecallScanner] Scan complete: {'events_found': 0, 'entries_matched': 0, 'recalls_recorded': 0, 'adapters_scanned': 1, 'scan_duration_ms': 41}
   [Auto-sync] 269 active, 0 recalls, graph rebuilt
2026-08-11 23:11:07.474 | INFO     | selfmind_app.recall_capture.scanner:scan:66 - [RecallScanner] Starting scan since 2026-08-11 23:06:06.452289
2026-08-11 23:11:07.501 | INFO     | selfmind_app.recall_capture.scanner:scan:73 - [RecallScanner] hermes: found 0 events
2026-08-11 23:11:07.511 | INFO     | selfmind_app.recall_capture.scanner:scan:84 - [RecallScanner] Matched 0 entries from 0 events
2026-08-11 23:11:07.517 | INFO     | selfmind_app.recall_capture.scanner:scan:103 - [RecallScanner] Scan complete: {'events_found': 0, 'entries_matched': 0, 'recalls_recorded': 0, 'adapters_scanned': 1, 'scan_duration_ms': 43}
   [Auto-sync] 269 active, 0 recalls, graph rebuilt
2026-08-11 23:16:08.541 | INFO     | selfmind_app.recall_capture.scanner:scan:66 - [RecallScanner] Starting scan since 2026-08-11 23:11:07.516898
2026-08-11 23:16:08.573 | INFO     | selfmind_app.recall_capture.scanner:scan:73 - [RecallScanner] hermes: found 0 events
2026-08-11 23:16:08.581 | INFO     | selfmind_app.recall_capture.scanner:scan:84 - [RecallScanner] Matched 0 entries from 0 events
2026-08-11 23:16:08.588 | INFO     | selfmind_app.recall_capture.scanner:scan:103 - [RecallScanner] Scan complete: {'events_found': 0, 'entries_matched': 0, 'recalls_recorded': 0, 'adapters_scanned': 1, 'scan_duration_ms': 47}
   [Auto-sync] 269 active, 0 recalls, graph rebuilt
2026-08-11 23:21:09.596 | INFO     | selfmind_app.recall_capture.scanner:scan:66 - [RecallScanner] Starting scan since 2026-08-11 23:16:08.587800
2026-08-11 23:21:09.628 | INFO     | selfmind_app.recall_capture.scanner:scan:73 - [RecallScanner] hermes: found 0 events
2026-08-11 23:21:09.636 | INFO     | selfmind_app.recall_capture.scanner:scan:84 - [RecallScanner] Matched 0 entries from 0 events
2026-08-11 23:21:09.643 | INFO     | selfmind_app.recall_capture.scanner:scan:103 - [RecallScanner] Scan complete: {'events_found': 0, 'entries_matched': 0, 'recalls_recorded': 0, 'adapters_scanned': 1, 'scan_duration_ms': 47}
   [Auto-sync] 269 active, 0 recalls, graph rebuilt
2026-08-11 23:26:10.640 | INFO     | selfmind_app.recall_capture.scanner:scan:66 - [RecallScanner] Starting scan since 2026-08-11 23:21:09.642398
2026-08-11 23:26:10.668 | INFO     | selfmind_app.recall_capture.scanner:scan:73 - [RecallScanner] hermes: found 0 events
2026-08-11 23:26:10.677 | INFO     | selfmind_app.recall_capture.scanner:scan:84 - [RecallScanner] Matched 0 entries from 0 events
2026-08-11 23:26:10.684 | INFO     | selfmind_app.recall_capture.scanner:scan:103 - [RecallScanner] Scan complete: {'events_found': 0, 'entries_matched': 0, 'recalls_recorded': 0, 'adapters_scanned': 1, 'scan_duration_ms': 43}
   [Auto-sync] 269 active, 0 recalls, graph rebuilt
2026-08-11 23:31:11.778 | INFO     | selfmind_app.recall_capture.scanner:scan:66 - [RecallScanner] Starting scan since 2026-08-11 23:26:10.683421
2026-08-11 23:31:11.810 | INFO     | selfmind_app.recall_capture.scanner:scan:73 - [RecallScanner] hermes: found 0 events
2026-08-11 23:31:11.818 | INFO     | selfmind_app.recall_capture.scanner:scan:84 - [RecallScanner] Matched 0 entries from 0 events
2026-08-11 23:31:11.825 | INFO     | selfmind_app.recall_capture.scanner:scan:103 - [RecallScanner] Scan complete: {'events_found': 0, 'entries_matched': 0, 'recalls_recorded': 0, 'adapters_scanned': 1, 'scan_duration_ms': 47}
   [Auto-sync] 269 active, 0 recalls, graph rebuilt
2026-08-11 23:36:12.791 | INFO     | selfmind_app.recall_capture.scanner:scan:66 - [RecallScanner] Starting scan since 2026-08-11 23:31:11.824822
2026-08-11 23:36:12.820 | INFO     | selfmind_app.recall_capture.scanner:scan:73 - [RecallScanner] hermes: found 0 events
2026-08-11 23:36:12.828 | INFO     | selfmind_app.recall_capture.scanner:scan:84 - [RecallScanner] Matched 0 entries from 0 events
2026-08-11 23:36:12.834 | INFO     | selfmind_app.recall_capture.scanner:scan:103 - [RecallScanner] Scan complete: {'events_found': 0, 'entries_matched': 0, 'recalls_recorded': 0, 'adapters_scanned': 1, 'scan_duration_ms': 43}
   [Auto-sync] 269 active, 0 recalls, graph rebuilt
2026-08-11 23:41:13.732 | INFO     | selfmind_app.recall_capture.scanner:scan:66 - [RecallScanner] Starting scan since 2026-08-11 23:36:12.834004
2026-08-11 23:41:13.762 | INFO     | selfmind_app.recall_capture.scanner:scan:73 - [RecallScanner] hermes: found 0 events
2026-08-11 23:41:13.770 | INFO     | selfmind_app.recall_capture.scanner:scan:84 - [RecallScanner] Matched 0 entries from 0 events
2026-08-11 23:41:13.777 | INFO     | selfmind_app.recall_capture.scanner:scan:103 - [RecallScanner] Scan complete: {'events_found': 0, 'entries_matched': 0, 'recalls_recorded': 0, 'adapters_scanned': 1, 'scan_duration_ms': 45}
   [Auto-sync] 269 active, 0 recalls, graph rebuilt
2026-08-11 23:46:14.755 | INFO     | selfmind_app.recall_capture.scanner:scan:66 - [RecallScanner] Starting scan since 2026-08-11 23:41:13.776517
2026-08-11 23:46:14.786 | INFO     | selfmind_app.recall_capture.scanner:scan:73 - [RecallScanner] hermes: found 0 events
2026-08-11 23:46:14.794 | INFO     | selfmind_app.recall_capture.scanner:scan:84 - [RecallScanner] Matched 0 entries from 0 events
2026-08-11 23:46:14.801 | INFO     | selfmind_app.recall_capture.scanner:scan:103 - [RecallScanner] Scan complete: {'events_found': 0, 'entries_matched': 0, 'recalls_recorded': 0, 'adapters_scanned': 1, 'scan_duration_ms': 46}
   [Auto-sync] 269 active, 0 recalls, graph rebuilt
2026-08-11 23:51:15.694 | INFO     | selfmind_app.recall_capture.scanner:scan:66 - [RecallScanner] Starting scan since 2026-08-11 23:46:14.800766
2026-08-11 23:51:15.723 | INFO     | selfmind_app.recall_capture.scanner:scan:73 - [RecallScanner] hermes: found 0 events
2026-08-11 23:51:15.730 | INFO     | selfmind_app.recall_capture.scanner:scan:84 - [RecallScanner] Matched 0 entries from 0 events
2026-08-11 23:51:15.737 | INFO     | selfmind_app.recall_capture.scanner:scan:103 - [RecallScanner] Scan complete: {'events_found': 0, 'entries_matched': 0, 'recalls_recorded': 0, 'adapters_scanned': 1, 'scan_duration_ms': 43}
   [Auto-sync] 269 active, 0 recalls, graph rebuilt
2026-08-11 23:56:16.835 | INFO     | selfmind_app.recall_capture.scanner:scan:66 - [RecallScanner] Starting scan since 2026-08-11 23:51:15.736916
2026-08-11 23:56:16.864 | INFO     | selfmind_app.recall_capture.scanner:scan:73 - [RecallScanner] hermes: found 0 events
2026-08-11 23:56:16.874 | INFO     | selfmind_app.recall_capture.scanner:scan:84 - [RecallScanner] Matched 0 entries from 0 events
2026-08-11 23:56:16.882 | INFO     | selfmind_app.recall_capture.scanner:scan:103 - [RecallScanner] Scan complete: {'events_found': 0, 'entries_matched': 0, 'recalls_recorded': 0, 'adapters_scanned': 1, 'scan_duration_ms': 46}
   [Auto-sync] 269 active, 0 recalls, graph rebuilt
2026-08-12 00:01:17.836 | INFO     | selfmind_app.recall_capture.scanner:scan:66 - [RecallScanner] Starting scan since 2026-08-11 23:56:16.881412
2026-08-12 00:01:17.866 | INFO     | selfmind_app.recall_capture.scanner:scan:73 - [RecallScanner] hermes: found 0 events
2026-08-12 00:01:17.873 | INFO     | selfmind_app.recall_capture.scanner:scan:84 - [RecallScanner] Matched 0 entries from 0 events
2026-08-12 00:01:17.881 | INFO     | selfmind_app.recall_capture.scanner:scan:103 - [RecallScanner] Scan complete: {'events_found': 0, 'entries_matched': 0, 'recalls_recorded': 0, 'adapters_scanned': 1, 'scan_duration_ms': 44}
   [Auto-sync] 269 active, 0 recalls, graph rebuilt
2026-08-12 00:06:18.893 | INFO     | selfmind_app.recall_capture.scanner:scan:66 - [RecallScanner] Starting scan since 2026-08-12 00:01:17.880488
2026-08-12 00:06:18.929 | INFO     | selfmind_app.recall_capture.scanner:scan:73 - [RecallScanner] hermes: found 0 events
2026-08-12 00:06:18.937 | INFO     | selfmind_app.recall_capture.scanner:scan:84 - [RecallScanner] Matched 0 entries from 0 events
2026-08-12 00:06:18.944 | INFO     | selfmind_app.recall_capture.scanner:scan:103 - [RecallScanner] Scan complete: {'events_found': 0, 'entries_matched': 0, 'recalls_recorded': 0, 'adapters_scanned': 1, 'scan_duration_ms': 50}
   [Auto-sync] 269 active, 0 recalls, graph rebuilt
2026-08-12 00:11:19.817 | INFO     | selfmind_app.recall_capture.scanner:scan:66 - [RecallScanner] Starting scan since 2026-08-12 00:06:18.943705
2026-08-12 00:11:19.845 | INFO     | selfmind_app.recall_capture.scanner:scan:73 - [RecallScanner] hermes: found 0 events
2026-08-12 00:11:19.852 | INFO     | selfmind_app.recall_capture.scanner:scan:84 - [RecallScanner] Matched 0 entries from 0 events
2026-08-12 00:11:19.858 | INFO     | selfmind_app.recall_capture.scanner:scan:103 - [RecallScanner] Scan complete: {'events_found': 0, 'entries_matched': 0, 'recalls_recorded': 0, 'adapters_scanned': 1, 'scan_duration_ms': 41}
   [Auto-sync] 269 active, 0 recalls, graph rebuilt
2026-08-12 00:16:20.721 | INFO     | selfmind_app.recall_capture.scanner:scan:66 - [RecallScanner] Starting scan since 2026-08-12 00:11:19.858071
2026-08-12 00:16:20.753 | INFO     | selfmind_app.recall_capture.scanner:scan:73 - [RecallScanner] hermes: found 0 events
2026-08-12 00:16:20.761 | INFO     | selfmind_app.recall_capture.scanner:scan:84 - [RecallScanner] Matched 0 entries from 0 events
2026-08-12 00:16:20.768 | INFO     | selfmind_app.recall_capture.scanner:scan:103 - [RecallScanner] Scan complete: {'events_found': 0, 'entries_matched': 0, 'recalls_recorded': 0, 'adapters_scanned': 1, 'scan_duration_ms': 48}
   [Auto-sync] 269 active, 0 recalls, graph rebuilt
2026-08-12 00:21:21.650 | INFO     | selfmind_app.recall_capture.scanner:scan:66 - [RecallScanner] Starting scan since 2026-08-12 00:16:20.768050
2026-08-12 00:21:21.678 | INFO     | selfmind_app.recall_capture.scanner:scan:73 - [RecallScanner] hermes: found 0 events
2026-08-12 00:21:21.686 | INFO     | selfmind_app.recall_capture.scanner:scan:84 - [RecallScanner] Matched 0 entries from 0 events
2026-08-12 00:21:21.693 | INFO     | selfmind_app.recall_capture.scanner:scan:103 - [RecallScanner] Scan complete: {'events_found': 0, 'entries_matched': 0, 'recalls_recorded': 0, 'adapters_scanned': 1, 'scan_duration_ms': 43}
   [Auto-sync] 269 active, 0 recalls, graph rebuilt
2026-08-12 00:26:22.716 | INFO     | selfmind_app.recall_capture.scanner:scan:66 - [RecallScanner] Starting scan since 2026-08-12 00:21:21.693216
2026-08-12 00:26:22.743 | INFO     | selfmind_app.recall_capture.scanner:scan:73 - [RecallScanner] hermes: found 0 events
2026-08-12 00:26:22.754 | INFO     | selfmind_app.recall_capture.scanner:scan:84 - [RecallScanner] Matched 0 entries from 0 events
2026-08-12 00:26:22.761 | INFO     | selfmind_app.recall_capture.scanner:scan:103 - [RecallScanner] Scan complete: {'events_found': 0, 'entries_matched': 0, 'recalls_recorded': 0, 'adapters_scanned': 1, 'scan_duration_ms': 45}
   [Auto-sync] 269 active, 0 recalls, graph rebuilt
2026-08-12 00:31:23.845 | INFO     | selfmind_app.recall_capture.scanner:scan:66 - [RecallScanner] Starting scan since 2026-08-12 00:26:22.761113
2026-08-12 00:31:23.874 | INFO     | selfmind_app.recall_capture.scanner:scan:73 - [RecallScanner] hermes: found 0 events
2026-08-12 00:31:23.886 | INFO     | selfmind_app.recall_capture.scanner:scan:84 - [RecallScanner] Matched 0 entries from 0 events
2026-08-12 00:31:23.893 | INFO     | selfmind_app.recall_capture.scanner:scan:103 - [RecallScanner] Scan complete: {'events_found': 0, 'entries_matched': 0, 'recalls_recorded': 0, 'adapters_scanned': 1, 'scan_duration_ms': 47}
   [Auto-sync] 269 active, 0 recalls, graph rebuilt
2026-08-12 00:36:24.910 | INFO     | selfmind_app.recall_capture.scanner:scan:66 - [RecallScanner] Starting scan since 2026-08-12 00:31:23.892573
2026-08-12 00:36:24.939 | INFO     | selfmind_app.recall_capture.scanner:scan:73 - [RecallScanner] hermes: found 0 events
2026-08-12 00:36:24.948 | INFO     | selfmind_app.recall_capture.scanner:scan:84 - [RecallScanner] Matched 0 entries from 0 events
2026-08-12 00:36:24.955 | INFO     | selfmind_app.recall_capture.scanner:scan:103 - [RecallScanner] Scan complete: {'events_found': 0, 'entries_matched': 0, 'recalls_recorded': 0, 'adapters_scanned': 1, 'scan_duration_ms': 45}
   [Auto-sync] 269 active, 0 recalls, graph rebuilt
2026-08-12 00:41:25.848 | INFO     | selfmind_app.recall_capture.scanner:scan:66 - [RecallScanner] Starting scan since 2026-08-12 00:36:24.954935
2026-08-12 00:41:25.879 | INFO     | selfmind_app.recall_capture.scanner:scan:73 - [RecallScanner] hermes: found 0 events
2026-08-12 00:41:25.887 | INFO     | selfmind_app.recall_capture.scanner:scan:84 - [RecallScanner] Matched 0 entries from 0 events
2026-08-12 00:41:25.894 | INFO     | selfmind_app.recall_capture.scanner:scan:103 - [RecallScanner] Scan complete: {'events_found': 0, 'entries_matched': 0, 'recalls_recorded': 0, 'adapters_scanned': 1, 'scan_duration_ms': 46}
   [Auto-sync] 269 active, 0 recalls, graph rebuilt
2026-08-12 00:46:26.924 | INFO     | selfmind_app.recall_capture.scanner:scan:66 - [RecallScanner] Starting scan since 2026-08-12 00:41:25.893899
2026-08-12 00:46:26.953 | INFO     | selfmind_app.recall_capture.scanner:scan:73 - [RecallScanner] hermes: found 0 events
2026-08-12 00:46:26.961 | INFO     | selfmind_app.recall_capture.scanner:scan:84 - [RecallScanner] Matched 0 entries from 0 events
2026-08-12 00:46:26.968 | INFO     | selfmind_app.recall_capture.scanner:scan:103 - [RecallScanner] Scan complete: {'events_found': 0, 'entries_matched': 0, 'recalls_recorded': 0, 'adapters_scanned': 1, 'scan_duration_ms': 44}
   [Auto-sync] 269 active, 0 recalls, graph rebuilt
2026-08-12 00:51:27.972 | INFO     | selfmind_app.recall_capture.scanner:scan:66 - [RecallScanner] Starting scan since 2026-08-12 00:46:26.968277
2026-08-12 00:51:28.004 | INFO     | selfmind_app.recall_capture.scanner:scan:73 - [RecallScanner] hermes: found 0 events
2026-08-12 00:51:28.011 | INFO     | selfmind_app.recall_capture.scanner:scan:84 - [RecallScanner] Matched 0 entries from 0 events
2026-08-12 00:51:28.018 | INFO     | selfmind_app.recall_capture.scanner:scan:103 - [RecallScanner] Scan complete: {'events_found': 0, 'entries_matched': 0, 'recalls_recorded': 0, 'adapters_scanned': 1, 'scan_duration_ms': 47}
   [Auto-sync] 269 active, 0 recalls, graph rebuilt
2026-08-12 00:56:29.037 | INFO     | selfmind_app.recall_capture.scanner:scan:66 - [RecallScanner] Starting scan since 2026-08-12 00:51:28.018080
2026-08-12 00:56:29.069 | INFO     | selfmind_app.recall_capture.scanner:scan:73 - [RecallScanner] hermes: found 0 events
2026-08-12 00:56:29.077 | INFO     | selfmind_app.recall_capture.scanner:scan:84 - [RecallScanner] Matched 0 entries from 0 events
2026-08-12 00:56:29.084 | INFO     | selfmind_app.recall_capture.scanner:scan:103 - [RecallScanner] Scan complete: {'events_found': 0, 'entries_matched': 0, 'recalls_recorded': 0, 'adapters_scanned': 1, 'scan_duration_ms': 47}
   [Auto-sync] 269 active, 0 recalls, graph rebuilt
2026-08-12 01:01:30.109 | INFO     | selfmind_app.recall_capture.scanner:scan:66 - [RecallScanner] Starting scan since 2026-08-12 00:56:29.083582
2026-08-12 01:01:30.137 | INFO     | selfmind_app.recall_capture.scanner:scan:73 - [RecallScanner] hermes: found 0 events
2026-08-12 01:01:30.145 | INFO     | selfmind_app.recall_capture.scanner:scan:84 - [RecallScanner] Matched 0 entries from 0 events
2026-08-12 01:01:30.151 | INFO     | selfmind_app.recall_capture.scanner:scan:103 - [RecallScanner] Scan complete: {'events_found': 0, 'entries_matched': 0, 'recalls_recorded': 0, 'adapters_scanned': 1, 'scan_duration_ms': 42}
   [Auto-sync] 269 active, 0 recalls, graph rebuilt
2026-08-12 01:06:31.080 | INFO     | selfmind_app.recall_capture.scanner:scan:66 - [RecallScanner] Starting scan since 2026-08-12 01:01:30.150897
2026-08-12 01:06:31.110 | INFO     | selfmind_app.recall_capture.scanner:scan:73 - [RecallScanner] hermes: found 0 events
2026-08-12 01:06:31.118 | INFO     | selfmind_app.recall_capture.scanner:scan:84 - [RecallScanner] Matched 0 entries from 0 events
2026-08-12 01:06:31.125 | INFO     | selfmind_app.recall_capture.scanner:scan:103 - [RecallScanner] Scan complete: {'events_found': 0, 'entries_matched': 0, 'recalls_recorded': 0, 'adapters_scanned': 1, 'scan_duration_ms': 45}
   [Auto-sync] 269 active, 0 recalls, graph rebuilt
2026-08-12 01:11:32.040 | INFO     | selfmind_app.recall_capture.scanner:scan:66 - [RecallScanner] Starting scan since 2026-08-12 01:06:31.124356
2026-08-12 01:11:32.071 | INFO     | selfmind_app.recall_capture.scanner:scan:73 - [RecallScanner] hermes: found 0 events
2026-08-12 01:11:32.079 | INFO     | selfmind_app.recall_capture.scanner:scan:84 - [RecallScanner] Matched 0 entries from 0 events
2026-08-12 01:11:32.086 | INFO     | selfmind_app.recall_capture.scanner:scan:103 - [RecallScanner] Scan complete: {'events_found': 0, 'entries_matched': 0, 'recalls_recorded': 0, 'adapters_scanned': 1, 'scan_duration_ms': 46}
   [Auto-sync] 269 active, 0 recalls, graph rebuilt
2026-08-12 01:16:33.003 | INFO     | selfmind_app.recall_capture.scanner:scan:66 - [RecallScanner] Starting scan since 2026-08-12 01:11:32.085570
2026-08-12 01:16:33.030 | INFO     | selfmind_app.recall_capture.scanner:scan:73 - [RecallScanner] hermes: found 0 events
2026-08-12 01:16:33.040 | INFO     | selfmind_app.recall_capture.scanner:scan:84 - [RecallScanner] Matched 0 entries from 0 events
2026-08-12 01:16:33.046 | INFO     | selfmind_app.recall_capture.scanner:scan:103 - [RecallScanner] Scan complete: {'events_found': 0, 'entries_matched': 0, 'recalls_recorded': 0, 'adapters_scanned': 1, 'scan_duration_ms': 43}
   [Auto-sync] 269 active, 0 recalls, graph rebuilt
2026-08-12 01:21:33.946 | INFO     | selfmind_app.recall_capture.scanner:scan:66 - [RecallScanner] Starting scan since 2026-08-12 01:16:33.046070
2026-08-12 01:21:33.973 | INFO     | selfmind_app.recall_capture.scanner:scan:73 - [RecallScanner] hermes: found 0 events
2026-08-12 01:21:33.981 | INFO     | selfmind_app.recall_capture.scanner:scan:84 - [RecallScanner] Matched 0 entries from 0 events
2026-08-12 01:21:33.987 | INFO     | selfmind_app.recall_capture.scanner:scan:103 - [RecallScanner] Scan complete: {'events_found': 0, 'entries_matched': 0, 'recalls_recorded': 0, 'adapters_scanned': 1, 'scan_duration_ms': 41}
   [Auto-sync] 269 active, 0 recalls, graph rebuilt
2026-08-12 01:26:35.019 | INFO     | selfmind_app.recall_capture.scanner:scan:66 - [RecallScanner] Starting scan since 2026-08-12 01:21:33.986977
2026-08-12 01:26:35.045 | INFO     | selfmind_app.recall_capture.scanner:scan:73 - [RecallScanner] hermes: found 0 events
2026-08-12 01:26:35.052 | INFO     | selfmind_app.recall_capture.scanner:scan:84 - [RecallScanner] Matched 0 entries from 0 events
2026-08-12 01:26:35.058 | INFO     | selfmind_app.recall_capture.scanner:scan:103 - [RecallScanner] Scan complete: {'events_found': 0, 'entries_matched': 0, 'recalls_recorded': 0, 'adapters_scanned': 1, 'scan_duration_ms': 39}
   [Auto-sync] 269 active, 0 recalls, graph rebuilt
2026-08-12 01:31:36.048 | INFO     | selfmind_app.recall_capture.scanner:scan:66 - [RecallScanner] Starting scan since 2026-08-12 01:26:35.058211
2026-08-12 01:31:36.083 | INFO     | selfmind_app.recall_capture.scanner:scan:73 - [RecallScanner] hermes: found 0 events
2026-08-12 01:31:36.091 | INFO     | selfmind_app.recall_capture.scanner:scan:84 - [RecallScanner] Matched 0 entries from 0 events
2026-08-12 01:31:36.098 | INFO     | selfmind_app.recall_capture.scanner:scan:103 - [RecallScanner] Scan complete: {'events_found': 0, 'entries_matched': 0, 'recalls_recorded': 0, 'adapters_scanned': 1, 'scan_duration_ms': 50}
   [Auto-sync] 269 active, 0 recalls, graph rebuilt
2026-08-12 01:36:36.996 | INFO     | selfmind_app.recall_capture.scanner:scan:66 - [RecallScanner] Starting scan since 2026-08-12 01:31:36.097424
2026-08-12 01:36:37.028 | INFO     | selfmind_app.recall_capture.scanner:scan:73 - [RecallScanner] hermes: found 0 events
2026-08-12 01:36:37.036 | INFO     | selfmind_app.recall_capture.scanner:scan:84 - [RecallScanner] Matched 0 entries from 0 events
2026-08-12 01:36:37.043 | INFO     | selfmind_app.recall_capture.scanner:scan:103 - [RecallScanner] Scan complete: {'events_found': 0, 'entries_matched': 0, 'recalls_recorded': 0, 'adapters_scanned': 1, 'scan_duration_ms': 46}
   [Auto-sync] 269 active, 0 recalls, graph rebuilt
2026-08-12 01:41:37.949 | INFO     | selfmind_app.recall_capture.scanner:scan:66 - [RecallScanner] Starting scan since 2026-08-12 01:36:37.042305
2026-08-12 01:41:37.977 | INFO     | selfmind_app.recall_capture.scanner:scan:73 - [RecallScanner] hermes: found 0 events
2026-08-12 01:41:37.984 | INFO     | selfmind_app.recall_capture.scanner:scan:84 - [RecallScanner] Matched 0 entries from 0 events
2026-08-12 01:41:37.991 | INFO     | selfmind_app.recall_capture.scanner:scan:103 - [RecallScanner] Scan complete: {'events_found': 0, 'entries_matched': 0, 'recalls_recorded': 0, 'adapters_scanned': 1, 'scan_duration_ms': 41}
   [Auto-sync] 269 active, 0 recalls, graph rebuilt
2026-08-12 01:46:39.031 | INFO     | selfmind_app.recall_capture.scanner:scan:66 - [RecallScanner] Starting scan since 2026-08-12 01:41:37.990825
2026-08-12 01:46:39.058 | INFO     | selfmind_app.recall_capture.scanner:scan:73 - [RecallScanner] hermes: found 0 events
2026-08-12 01:46:39.070 | INFO     | selfmind_app.recall_capture.scanner:scan:84 - [RecallScanner] Matched 0 entries from 0 events
2026-08-12 01:46:39.077 | INFO     | selfmind_app.recall_capture.scanner:scan:103 - [RecallScanner] Scan complete: {'events_found': 0, 'entries_matched': 0, 'recalls_recorded': 0, 'adapters_scanned': 1, 'scan_duration_ms': 45}
   [Auto-sync] 269 active, 0 recalls, graph rebuilt
2026-08-12 01:51:39.993 | INFO     | selfmind_app.recall_capture.scanner:scan:66 - [RecallScanner] Starting scan since 2026-08-12 01:46:39.076684
2026-08-12 01:51:40.022 | INFO     | selfmind_app.recall_capture.scanner:scan:73 - [RecallScanner] hermes: found 0 events
2026-08-12 01:51:40.030 | INFO     | selfmind_app.recall_capture.scanner:scan:84 - [RecallScanner] Matched 0 entries from 0 events
2026-08-12 01:51:40.037 | INFO     | selfmind_app.recall_capture.scanner:scan:103 - [RecallScanner] Scan complete: {'events_found': 0, 'entries_matched': 0, 'recalls_recorded': 0, 'adapters_scanned': 1, 'scan_duration_ms': 44}
   [Auto-sync] 269 active, 0 recalls, graph rebuilt
2026-08-12 01:56:40.977 | INFO     | selfmind_app.recall_capture.scanner:scan:66 - [RecallScanner] Starting scan since 2026-08-12 01:51:40.036658
2026-08-12 01:56:41.009 | INFO     | selfmind_app.recall_capture.scanner:scan:73 - [RecallScanner] hermes: found 0 events
2026-08-12 01:56:41.017 | INFO     | selfmind_app.recall_capture.scanner:scan:84 - [RecallScanner] Matched 0 entries from 0 events
2026-08-12 01:56:41.024 | INFO     | selfmind_app.recall_capture.scanner:scan:103 - [RecallScanner] Scan complete: {'events_found': 0, 'entries_matched': 0, 'recalls_recorded': 0, 'adapters_scanned': 1, 'scan_duration_ms': 46}
   [Auto-sync] 269 active, 0 recalls, graph rebuilt
2026-08-12 02:01:41.912 | INFO     | selfmind_app.recall_capture.scanner:scan:66 - [RecallScanner] Starting scan since 2026-08-12 01:56:41.023475
2026-08-12 02:01:41.940 | INFO     | selfmind_app.recall_capture.scanner:scan:73 - [RecallScanner] hermes: found 0 events
2026-08-12 02:01:41.947 | INFO     | selfmind_app.recall_capture.scanner:scan:84 - [RecallScanner] Matched 0 entries from 0 events
2026-08-12 02:01:41.953 | INFO     | selfmind_app.recall_capture.scanner:scan:103 - [RecallScanner] Scan complete: {'events_found': 0, 'entries_matched': 0, 'recalls_recorded': 0, 'adapters_scanned': 1, 'scan_duration_ms': 41}
   [Auto-sync] 269 active, 0 recalls, graph rebuilt
2026-08-12 02:06:42.904 | INFO     | selfmind_app.recall_capture.scanner:scan:66 - [RecallScanner] Starting scan since 2026-08-12 02:01:41.952991
2026-08-12 02:06:42.932 | INFO     | selfmind_app.recall_capture.scanner:scan:73 - [RecallScanner] hermes: found 0 events
2026-08-12 02:06:42.943 | INFO     | selfmind_app.recall_capture.scanner:scan:84 - [RecallScanner] Matched 0 entries from 0 events
2026-08-12 02:06:42.950 | INFO     | selfmind_app.recall_capture.scanner:scan:103 - [RecallScanner] Scan complete: {'events_found': 0, 'entries_matched': 0, 'recalls_recorded': 0, 'adapters_scanned': 1, 'scan_duration_ms': 45}
   [Auto-sync] 269 active, 0 recalls, graph rebuilt
2026-08-12 02:11:43.919 | INFO     | selfmind_app.recall_capture.scanner:scan:66 - [RecallScanner] Starting scan since 2026-08-12 02:06:42.949428
2026-08-12 02:11:43.947 | INFO     | selfmind_app.recall_capture.scanner:scan:73 - [RecallScanner] hermes: found 0 events
2026-08-12 02:11:43.959 | INFO     | selfmind_app.recall_capture.scanner:scan:84 - [RecallScanner] Matched 0 entries from 0 events
2026-08-12 02:11:43.968 | INFO     | selfmind_app.recall_capture.scanner:scan:103 - [RecallScanner] Scan complete: {'events_found': 0, 'entries_matched': 0, 'recalls_recorded': 0, 'adapters_scanned': 1, 'scan_duration_ms': 48}
   [Auto-sync] 269 active, 0 recalls, graph rebuilt
2026-08-12 02:16:44.885 | INFO     | selfmind_app.recall_capture.scanner:scan:66 - [RecallScanner] Starting scan since 2026-08-12 02:11:43.967363
2026-08-12 02:16:44.912 | INFO     | selfmind_app.recall_capture.scanner:scan:73 - [RecallScanner] hermes: found 0 events
2026-08-12 02:16:44.925 | INFO     | selfmind_app.recall_capture.scanner:scan:84 - [RecallScanner] Matched 0 entries from 0 events
2026-08-12 02:16:44.931 | INFO     | selfmind_app.recall_capture.scanner:scan:103 - [RecallScanner] Scan complete: {'events_found': 0, 'entries_matched': 0, 'recalls_recorded': 0, 'adapters_scanned': 1, 'scan_duration_ms': 46}
   [Auto-sync] 269 active, 0 recalls, graph rebuilt
2026-08-12 02:21:45.868 | INFO     | selfmind_app.recall_capture.scanner:scan:66 - [RecallScanner] Starting scan since 2026-08-12 02:16:44.931201
2026-08-12 02:21:45.895 | INFO     | selfmind_app.recall_capture.scanner:scan:73 - [RecallScanner] hermes: found 0 events
2026-08-12 02:21:45.903 | INFO     | selfmind_app.recall_capture.scanner:scan:84 - [RecallScanner] Matched 0 entries from 0 events
2026-08-12 02:21:45.910 | INFO     | selfmind_app.recall_capture.scanner:scan:103 - [RecallScanner] Scan complete: {'events_found': 0, 'entries_matched': 0, 'recalls_recorded': 0, 'adapters_scanned': 1, 'scan_duration_ms': 41}
   [Auto-sync] 269 active, 0 recalls, graph rebuilt
2026-08-12 02:26:46.934 | INFO     | selfmind_app.recall_capture.scanner:scan:66 - [RecallScanner] Starting scan since 2026-08-12 02:21:45.909368
2026-08-12 02:26:46.960 | INFO     | selfmind_app.recall_capture.scanner:scan:73 - [RecallScanner] hermes: found 0 events
2026-08-12 02:26:46.968 | INFO     | selfmind_app.recall_capture.scanner:scan:84 - [RecallScanner] Matched 0 entries from 0 events
2026-08-12 02:26:46.974 | INFO     | selfmind_app.recall_capture.scanner:scan:103 - [RecallScanner] Scan complete: {'events_found': 0, 'entries_matched': 0, 'recalls_recorded': 0, 'adapters_scanned': 1, 'scan_duration_ms': 39}
   [Auto-sync] 269 active, 0 recalls, graph rebuilt
2026-08-12 02:31:47.970 | INFO     | selfmind_app.recall_capture.scanner:scan:66 - [RecallScanner] Starting scan since 2026-08-12 02:26:46.973869
2026-08-12 02:31:47.997 | INFO     | selfmind_app.recall_capture.scanner:scan:73 - [RecallScanner] hermes: found 0 events
2026-08-12 02:31:48.005 | INFO     | selfmind_app.recall_capture.scanner:scan:84 - [RecallScanner] Matched 0 entries from 0 events
2026-08-12 02:31:48.011 | INFO     | selfmind_app.recall_capture.scanner:scan:103 - [RecallScanner] Scan complete: {'events_found': 0, 'entries_matched': 0, 'recalls_recorded': 0, 'adapters_scanned': 1, 'scan_duration_ms': 40}
   [Auto-sync] 269 active, 0 recalls, graph rebuilt
2026-08-12 02:36:48.935 | INFO     | selfmind_app.recall_capture.scanner:scan:66 - [RecallScanner] Starting scan since 2026-08-12 02:31:48.010576
2026-08-12 02:36:48.965 | INFO     | selfmind_app.recall_capture.scanner:scan:73 - [RecallScanner] hermes: found 0 events
2026-08-12 02:36:48.974 | INFO     | selfmind_app.recall_capture.scanner:scan:84 - [RecallScanner] Matched 0 entries from 0 events
2026-08-12 02:36:48.982 | INFO     | selfmind_app.recall_capture.scanner:scan:103 - [RecallScanner] Scan complete: {'events_found': 0, 'entries_matched': 0, 'recalls_recorded': 0, 'adapters_scanned': 1, 'scan_duration_ms': 47}
   [Auto-sync] 269 active, 0 recalls, graph rebuilt
2026-08-12 02:41:49.903 | INFO     | selfmind_app.recall_capture.scanner:scan:66 - [RecallScanner] Starting scan since 2026-08-12 02:36:48.981057
2026-08-12 02:41:49.934 | INFO     | selfmind_app.recall_capture.scanner:scan:73 - [RecallScanner] hermes: found 0 events
2026-08-12 02:41:49.942 | INFO     | selfmind_app.recall_capture.scanner:scan:84 - [RecallScanner] Matched 0 entries from 0 events
2026-08-12 02:41:49.948 | INFO     | selfmind_app.recall_capture.scanner:scan:103 - [RecallScanner] Scan complete: {'events_found': 0, 'entries_matched': 0, 'recalls_recorded': 0, 'adapters_scanned': 1, 'scan_duration_ms': 45}
   [Auto-sync] 269 active, 0 recalls, graph rebuilt
2026-08-12 02:46:50.949 | INFO     | selfmind_app.recall_capture.scanner:scan:66 - [RecallScanner] Starting scan since 2026-08-12 02:41:49.948271
2026-08-12 02:46:50.981 | INFO     | selfmind_app.recall_capture.scanner:scan:73 - [RecallScanner] hermes: found 0 events
2026-08-12 02:46:50.989 | INFO     | selfmind_app.recall_capture.scanner:scan:84 - [RecallScanner] Matched 0 entries from 0 events
2026-08-12 02:46:50.996 | INFO     | selfmind_app.recall_capture.scanner:scan:103 - [RecallScanner] Scan complete: {'events_found': 0, 'entries_matched': 0, 'recalls_recorded': 0, 'adapters_scanned': 1, 'scan_duration_ms': 47}
   [Auto-sync] 269 active, 0 recalls, graph rebuilt
2026-08-12 02:51:51.913 | INFO     | selfmind_app.recall_capture.scanner:scan:66 - [RecallScanner] Starting scan since 2026-08-12 02:46:50.995791
2026-08-12 02:51:51.947 | INFO     | selfmind_app.recall_capture.scanner:scan:73 - [RecallScanner] hermes: found 0 events
2026-08-12 02:51:51.955 | INFO     | selfmind_app.recall_capture.scanner:scan:84 - [RecallScanner] Matched 0 entries from 0 events
2026-08-12 02:51:51.962 | INFO     | selfmind_app.recall_capture.scanner:scan:103 - [RecallScanner] Scan complete: {'events_found': 0, 'entries_matched': 0, 'recalls_recorded': 0, 'adapters_scanned': 1, 'scan_duration_ms': 49}
   [Auto-sync] 269 active, 0 recalls, graph rebuilt
2026-08-12 02:56:52.790 | INFO     | selfmind_app.recall_capture.scanner:scan:66 - [RecallScanner] Starting scan since 2026-08-12 02:51:51.961841
2026-08-12 02:56:52.818 | INFO     | selfmind_app.recall_capture.scanner:scan:73 - [RecallScanner] hermes: found 0 events
2026-08-12 02:56:52.827 | INFO     | selfmind_app.recall_capture.scanner:scan:84 - [RecallScanner] Matched 0 entries from 0 events
2026-08-12 02:56:52.834 | INFO     | selfmind_app.recall_capture.scanner:scan:103 - [RecallScanner] Scan complete: {'events_found': 0, 'entries_matched': 0, 'recalls_recorded': 0, 'adapters_scanned': 1, 'scan_duration_ms': 44}
   [Auto-sync] 269 active, 0 recalls, graph rebuilt
2026-08-12 03:01:53.735 | INFO     | selfmind_app.recall_capture.scanner:scan:66 - [RecallScanner] Starting scan since 2026-08-12 02:56:52.833624
2026-08-12 03:01:53.762 | INFO     | selfmind_app.recall_capture.scanner:scan:73 - [RecallScanner] hermes: found 0 events
2026-08-12 03:01:53.769 | INFO     | selfmind_app.recall_capture.scanner:scan:84 - [RecallScanner] Matched 0 entries from 0 events
2026-08-12 03:01:53.776 | INFO     | selfmind_app.recall_capture.scanner:scan:103 - [RecallScanner] Scan complete: {'events_found': 0, 'entries_matched': 0, 'recalls_recorded': 0, 'adapters_scanned': 1, 'scan_duration_ms': 41}
   [Auto-sync] 269 active, 0 recalls, graph rebuilt
2026-08-12 03:06:54.767 | INFO     | selfmind_app.recall_capture.scanner:scan:66 - [RecallScanner] Starting scan since 2026-08-12 03:01:53.775803
2026-08-12 03:06:54.797 | INFO     | selfmind_app.recall_capture.scanner:scan:73 - [RecallScanner] hermes: found 0 events
2026-08-12 03:06:54.805 | INFO     | selfmind_app.recall_capture.scanner:scan:84 - [RecallScanner] Matched 0 entries from 0 events
2026-08-12 03:06:54.812 | INFO     | selfmind_app.recall_capture.scanner:scan:103 - [RecallScanner] Scan complete: {'events_found': 0, 'entries_matched': 0, 'recalls_recorded': 0, 'adapters_scanned': 1, 'scan_duration_ms': 44}
   [Auto-sync] 269 active, 0 recalls, graph rebuilt
2026-08-12 03:11:55.660 | INFO     | selfmind_app.recall_capture.scanner:scan:66 - [RecallScanner] Starting scan since 2026-08-12 03:06:54.811647
2026-08-12 03:11:55.688 | INFO     | selfmind_app.recall_capture.scanner:scan:73 - [RecallScanner] hermes: found 0 events
2026-08-12 03:11:55.699 | INFO     | selfmind_app.recall_capture.scanner:scan:84 - [RecallScanner] Matched 0 entries from 0 events
2026-08-12 03:11:55.706 | INFO     | selfmind_app.recall_capture.scanner:scan:103 - [RecallScanner] Scan complete: {'events_found': 0, 'entries_matched': 0, 'recalls_recorded': 0, 'adapters_scanned': 1, 'scan_duration_ms': 45}
   [Auto-sync] 269 active, 0 recalls, graph rebuilt
2026-08-12 03:16:56.610 | INFO     | selfmind_app.recall_capture.scanner:scan:66 - [RecallScanner] Starting scan since 2026-08-12 03:11:55.705580
2026-08-12 03:16:56.640 | INFO     | selfmind_app.recall_capture.scanner:scan:73 - [RecallScanner] hermes: found 0 events
2026-08-12 03:16:56.648 | INFO     | selfmind_app.recall_capture.scanner:scan:84 - [RecallScanner] Matched 0 entries from 0 events
2026-08-12 03:16:56.655 | INFO     | selfmind_app.recall_capture.scanner:scan:103 - [RecallScanner] Scan complete: {'events_found': 0, 'entries_matched': 0, 'recalls_recorded': 0, 'adapters_scanned': 1, 'scan_duration_ms': 45}
   [Auto-sync] 269 active, 0 recalls, graph rebuilt
2026-08-12 03:21:57.549 | INFO     | selfmind_app.recall_capture.scanner:scan:66 - [RecallScanner] Starting scan since 2026-08-12 03:16:56.654873
2026-08-12 03:21:57.575 | INFO     | selfmind_app.recall_capture.scanner:scan:73 - [RecallScanner] hermes: found 0 events
2026-08-12 03:21:57.582 | INFO     | selfmind_app.recall_capture.scanner:scan:84 - [RecallScanner] Matched 0 entries from 0 events
2026-08-12 03:21:57.589 | INFO     | selfmind_app.recall_capture.scanner:scan:103 - [RecallScanner] Scan complete: {'events_found': 0, 'entries_matched': 0, 'recalls_recorded': 0, 'adapters_scanned': 1, 'scan_duration_ms': 40}
   [Auto-sync] 269 active, 0 recalls, graph rebuilt
2026-08-12 03:26:58.434 | INFO     | selfmind_app.recall_capture.scanner:scan:66 - [RecallScanner] Starting scan since 2026-08-12 03:21:57.588939
2026-08-12 03:26:58.464 | INFO     | selfmind_app.recall_capture.scanner:scan:73 - [RecallScanner] hermes: found 0 events
2026-08-12 03:26:58.472 | INFO     | selfmind_app.recall_capture.scanner:scan:84 - [RecallScanner] Matched 0 entries from 0 events
2026-08-12 03:26:58.479 | INFO     | selfmind_app.recall_capture.scanner:scan:103 - [RecallScanner] Scan complete: {'events_found': 0, 'entries_matched': 0, 'recalls_recorded': 0, 'adapters_scanned': 1, 'scan_duration_ms': 44}
   [Auto-sync] 269 active, 0 recalls, graph rebuilt
2026-08-12 03:31:59.503 | INFO     | selfmind_app.recall_capture.scanner:scan:66 - [RecallScanner] Starting scan since 2026-08-12 03:26:58.478522
2026-08-12 03:31:59.530 | INFO     | selfmind_app.recall_capture.scanner:scan:73 - [RecallScanner] hermes: found 0 events
2026-08-12 03:31:59.538 | INFO     | selfmind_app.recall_capture.scanner:scan:84 - [RecallScanner] Matched 0 entries from 0 events
2026-08-12 03:31:59.544 | INFO     | selfmind_app.recall_capture.scanner:scan:103 - [RecallScanner] Scan complete: {'events_found': 0, 'entries_matched': 0, 'recalls_recorded': 0, 'adapters_scanned': 1, 'scan_duration_ms': 41}
   [Auto-sync] 269 active, 0 recalls, graph rebuilt
2026-08-12 03:37:00.459 | INFO     | selfmind_app.recall_capture.scanner:scan:66 - [RecallScanner] Starting scan since 2026-08-12 03:31:59.544269
2026-08-12 03:37:00.487 | INFO     | selfmind_app.recall_capture.scanner:scan:73 - [RecallScanner] hermes: found 0 events
2026-08-12 03:37:00.495 | INFO     | selfmind_app.recall_capture.scanner:scan:84 - [RecallScanner] Matched 0 entries from 0 events
2026-08-12 03:37:00.502 | INFO     | selfmind_app.recall_capture.scanner:scan:103 - [RecallScanner] Scan complete: {'events_found': 0, 'entries_matched': 0, 'recalls_recorded': 0, 'adapters_scanned': 1, 'scan_duration_ms': 43}
   [Auto-sync] 269 active, 0 recalls, graph rebuilt
2026-08-12 03:42:01.411 | INFO     | selfmind_app.recall_capture.scanner:scan:66 - [RecallScanner] Starting scan since 2026-08-12 03:37:00.501728
2026-08-12 03:42:01.440 | INFO     | selfmind_app.recall_capture.scanner:scan:73 - [RecallScanner] hermes: found 0 events
2026-08-12 03:42:01.447 | INFO     | selfmind_app.recall_capture.scanner:scan:84 - [RecallScanner] Matched 0 entries from 0 events
2026-08-12 03:42:01.454 | INFO     | selfmind_app.recall_capture.scanner:scan:103 - [RecallScanner] Scan complete: {'events_found': 0, 'entries_matched': 0, 'recalls_recorded': 0, 'adapters_scanned': 1, 'scan_duration_ms': 43}
   [Auto-sync] 269 active, 0 recalls, graph rebuilt
2026-08-12 03:47:02.566 | INFO     | selfmind_app.recall_capture.scanner:scan:66 - [RecallScanner] Starting scan since 2026-08-12 03:42:01.454045
2026-08-12 03:47:02.593 | INFO     | selfmind_app.recall_capture.scanner:scan:73 - [RecallScanner] hermes: found 0 events
2026-08-12 03:47:02.603 | INFO     | selfmind_app.recall_capture.scanner:scan:84 - [RecallScanner] Matched 0 entries from 0 events
2026-08-12 03:47:02.610 | INFO     | selfmind_app.recall_capture.scanner:scan:103 - [RecallScanner] Scan complete: {'events_found': 0, 'entries_matched': 0, 'recalls_recorded': 0, 'adapters_scanned': 1, 'scan_duration_ms': 43}
   [Auto-sync] 269 active, 0 recalls, graph rebuilt
2026-08-12 03:52:03.510 | INFO     | selfmind_app.recall_capture.scanner:scan:66 - [RecallScanner] Starting scan since 2026-08-12 03:47:02.609407
2026-08-12 03:52:03.538 | INFO     | selfmind_app.recall_capture.scanner:scan:73 - [RecallScanner] hermes: found 0 events
2026-08-12 03:52:03.545 | INFO     | selfmind_app.recall_capture.scanner:scan:84 - [RecallScanner] Matched 0 entries from 0 events
2026-08-12 03:52:03.551 | INFO     | selfmind_app.recall_capture.scanner:scan:103 - [RecallScanner] Scan complete: {'events_found': 0, 'entries_matched': 0, 'recalls_recorded': 0, 'adapters_scanned': 1, 'scan_duration_ms': 41}
   [Auto-sync] 269 active, 0 recalls, graph rebuilt
2026-08-12 03:57:04.479 | INFO     | selfmind_app.recall_capture.scanner:scan:66 - [RecallScanner] Starting scan since 2026-08-12 03:52:03.551077
2026-08-12 03:57:04.509 | INFO     | selfmind_app.recall_capture.scanner:scan:73 - [RecallScanner] hermes: found 0 events
2026-08-12 03:57:04.516 | INFO     | selfmind_app.recall_capture.scanner:scan:84 - [RecallScanner] Matched 0 entries from 0 events
2026-08-12 03:57:04.523 | INFO     | selfmind_app.recall_capture.scanner:scan:103 - [RecallScanner] Scan complete: {'events_found': 0, 'entries_matched': 0, 'recalls_recorded': 0, 'adapters_scanned': 1, 'scan_duration_ms': 43}
   [Auto-sync] 269 active, 0 recalls, graph rebuilt
2026-08-12 04:02:05.562 | INFO     | selfmind_app.recall_capture.scanner:scan:66 - [RecallScanner] Starting scan since 2026-08-12 03:57:04.522386
2026-08-12 04:02:05.595 | INFO     | selfmind_app.recall_capture.scanner:scan:73 - [RecallScanner] hermes: found 0 events
2026-08-12 04:02:05.603 | INFO     | selfmind_app.recall_capture.scanner:scan:84 - [RecallScanner] Matched 0 entries from 0 events
2026-08-12 04:02:05.610 | INFO     | selfmind_app.recall_capture.scanner:scan:103 - [RecallScanner] Scan complete: {'events_found': 0, 'entries_matched': 0, 'recalls_recorded': 0, 'adapters_scanned': 1, 'scan_duration_ms': 47}
   [Auto-sync] 269 active, 0 recalls, graph rebuilt
2026-08-12 04:07:06.555 | INFO     | selfmind_app.recall_capture.scanner:scan:66 - [RecallScanner] Starting scan since 2026-08-12 04:02:05.609822
2026-08-12 04:07:06.585 | INFO     | selfmind_app.recall_capture.scanner:scan:73 - [RecallScanner] hermes: found 0 events
2026-08-12 04:07:06.607 | INFO     | selfmind_app.recall_capture.scanner:scan:84 - [RecallScanner] Matched 0 entries from 0 events
2026-08-12 04:07:06.614 | INFO     | selfmind_app.recall_capture.scanner:scan:103 - [RecallScanner] Scan complete: {'events_found': 0, 'entries_matched': 0, 'recalls_recorded': 0, 'adapters_scanned': 1, 'scan_duration_ms': 59}
   [Auto-sync] 269 active, 0 recalls, graph rebuilt
2026-08-12 04:12:07.628 | INFO     | selfmind_app.recall_capture.scanner:scan:66 - [RecallScanner] Starting scan since 2026-08-12 04:07:06.614071
2026-08-12 04:12:07.657 | INFO     | selfmind_app.recall_capture.scanner:scan:73 - [RecallScanner] hermes: found 0 events
2026-08-12 04:12:07.666 | INFO     | selfmind_app.recall_capture.scanner:scan:84 - [RecallScanner] Matched 0 entries from 0 events
2026-08-12 04:12:07.673 | INFO     | selfmind_app.recall_capture.scanner:scan:103 - [RecallScanner] Scan complete: {'events_found': 0, 'entries_matched': 0, 'recalls_recorded': 0, 'adapters_scanned': 1, 'scan_duration_ms': 44}
   [Auto-sync] 269 active, 0 recalls, graph rebuilt
2026-08-12 04:17:08.588 | INFO     | selfmind_app.recall_capture.scanner:scan:66 - [RecallScanner] Starting scan since 2026-08-12 04:12:07.672776
2026-08-12 04:17:08.616 | INFO     | selfmind_app.recall_capture.scanner:scan:73 - [RecallScanner] hermes: found 0 events
2026-08-12 04:17:08.626 | INFO     | selfmind_app.recall_capture.scanner:scan:84 - [RecallScanner] Matched 0 entries from 0 events
2026-08-12 04:17:08.633 | INFO     | selfmind_app.recall_capture.scanner:scan:103 - [RecallScanner] Scan complete: {'events_found': 0, 'entries_matched': 0, 'recalls_recorded': 0, 'adapters_scanned': 1, 'scan_duration_ms': 44}
   [Auto-sync] 269 active, 0 recalls, graph rebuilt
2026-08-12 04:22:09.648 | INFO     | selfmind_app.recall_capture.scanner:scan:66 - [RecallScanner] Starting scan since 2026-08-12 04:17:08.632674
2026-08-12 04:22:09.676 | INFO     | selfmind_app.recall_capture.scanner:scan:73 - [RecallScanner] hermes: found 0 events
2026-08-12 04:22:09.683 | INFO     | selfmind_app.recall_capture.scanner:scan:84 - [RecallScanner] Matched 0 entries from 0 events
2026-08-12 04:22:09.689 | INFO     | selfmind_app.recall_capture.scanner:scan:103 - [RecallScanner] Scan complete: {'events_found': 0, 'entries_matched': 0, 'recalls_recorded': 0, 'adapters_scanned': 1, 'scan_duration_ms': 41}
   [Auto-sync] 269 active, 0 recalls, graph rebuilt
2026-08-12 04:27:10.651 | INFO     | selfmind_app.recall_capture.scanner:scan:66 - [RecallScanner] Starting scan since 2026-08-12 04:22:09.689076
2026-08-12 04:27:10.678 | INFO     | selfmind_app.recall_capture.scanner:scan:73 - [RecallScanner] hermes: found 0 events
2026-08-12 04:27:10.686 | INFO     | selfmind_app.recall_capture.scanner:scan:84 - [RecallScanner] Matched 0 entries from 0 events
2026-08-12 04:27:10.693 | INFO     | selfmind_app.recall_capture.scanner:scan:103 - [RecallScanner] Scan complete: {'events_found': 0, 'entries_matched': 0, 'recalls_recorded': 0, 'adapters_scanned': 1, 'scan_duration_ms': 41}
   [Auto-sync] 269 active, 0 recalls, graph rebuilt
2026-08-12 04:32:11.646 | INFO     | selfmind_app.recall_capture.scanner:scan:66 - [RecallScanner] Starting scan since 2026-08-12 04:27:10.692569
2026-08-12 04:32:11.676 | INFO     | selfmind_app.recall_capture.scanner:scan:73 - [RecallScanner] hermes: found 0 events
2026-08-12 04:32:11.683 | INFO     | selfmind_app.recall_capture.scanner:scan:84 - [RecallScanner] Matched 0 entries from 0 events
2026-08-12 04:32:11.689 | INFO     | selfmind_app.recall_capture.scanner:scan:103 - [RecallScanner] Scan complete: {'events_found': 0, 'entries_matched': 0, 'recalls_recorded': 0, 'adapters_scanned': 1, 'scan_duration_ms': 42}
   [Auto-sync] 269 active, 0 recalls, graph rebuilt
2026-08-12 04:37:12.638 | INFO     | selfmind_app.recall_capture.scanner:scan:66 - [RecallScanner] Starting scan since 2026-08-12 04:32:11.688789
2026-08-12 04:37:12.665 | INFO     | selfmind_app.recall_capture.scanner:scan:73 - [RecallScanner] hermes: found 0 events
2026-08-12 04:37:12.672 | INFO     | selfmind_app.recall_capture.scanner:scan:84 - [RecallScanner] Matched 0 entries from 0 events
2026-08-12 04:37:12.679 | INFO     | selfmind_app.recall_capture.scanner:scan:103 - [RecallScanner] Scan complete: {'events_found': 0, 'entries_matched': 0, 'recalls_recorded': 0, 'adapters_scanned': 1, 'scan_duration_ms': 41}
   [Auto-sync] 269 active, 0 recalls, graph rebuilt
2026-08-12 04:42:13.583 | INFO     | selfmind_app.recall_capture.scanner:scan:66 - [RecallScanner] Starting scan since 2026-08-12 04:37:12.678924
2026-08-12 04:42:13.611 | INFO     | selfmind_app.recall_capture.scanner:scan:73 - [RecallScanner] hermes: found 0 events
2026-08-12 04:42:13.619 | INFO     | selfmind_app.recall_capture.scanner:scan:84 - [RecallScanner] Matched 0 entries from 0 events
2026-08-12 04:42:13.626 | INFO     | selfmind_app.recall_capture.scanner:scan:103 - [RecallScanner] Scan complete: {'events_found': 0, 'entries_matched': 0, 'recalls_recorded': 0, 'adapters_scanned': 1, 'scan_duration_ms': 43}
   [Auto-sync] 269 active, 0 recalls, graph rebuilt
2026-08-12 04:47:14.581 | INFO     | selfmind_app.recall_capture.scanner:scan:66 - [RecallScanner] Starting scan since 2026-08-12 04:42:13.625486
2026-08-12 04:47:14.610 | INFO     | selfmind_app.recall_capture.scanner:scan:73 - [RecallScanner] hermes: found 0 events
2026-08-12 04:47:14.618 | INFO     | selfmind_app.recall_capture.scanner:scan:84 - [RecallScanner] Matched 0 entries from 0 events
2026-08-12 04:47:14.625 | INFO     | selfmind_app.recall_capture.scanner:scan:103 - [RecallScanner] Scan complete: {'events_found': 0, 'entries_matched': 0, 'recalls_recorded': 0, 'adapters_scanned': 1, 'scan_duration_ms': 44}
   [Auto-sync] 269 active, 0 recalls, graph rebuilt
2026-08-12 04:52:15.676 | INFO     | selfmind_app.recall_capture.scanner:scan:66 - [RecallScanner] Starting scan since 2026-08-12 04:47:14.624193
2026-08-12 04:52:15.707 | INFO     | selfmind_app.recall_capture.scanner:scan:73 - [RecallScanner] hermes: found 0 events
2026-08-12 04:52:15.715 | INFO     | selfmind_app.recall_capture.scanner:scan:84 - [RecallScanner] Matched 0 entries from 0 events
2026-08-12 04:52:15.722 | INFO     | selfmind_app.recall_capture.scanner:scan:103 - [RecallScanner] Scan complete: {'events_found': 0, 'entries_matched': 0, 'recalls_recorded': 0, 'adapters_scanned': 1, 'scan_duration_ms': 46}
   [Auto-sync] 269 active, 0 recalls, graph rebuilt
2026-08-12 04:57:16.628 | INFO     | selfmind_app.recall_capture.scanner:scan:66 - [RecallScanner] Starting scan since 2026-08-12 04:52:15.721624
2026-08-12 04:57:16.657 | INFO     | selfmind_app.recall_capture.scanner:scan:73 - [RecallScanner] hermes: found 0 events
2026-08-12 04:57:16.666 | INFO     | selfmind_app.recall_capture.scanner:scan:84 - [RecallScanner] Matched 0 entries from 0 events
2026-08-12 04:57:16.673 | INFO     | selfmind_app.recall_capture.scanner:scan:103 - [RecallScanner] Scan complete: {'events_found': 0, 'entries_matched': 0, 'recalls_recorded': 0, 'adapters_scanned': 1, 'scan_duration_ms': 44}
   [Auto-sync] 269 active, 0 recalls, graph rebuilt
2026-08-12 05:02:17.555 | INFO     | selfmind_app.recall_capture.scanner:scan:66 - [RecallScanner] Starting scan since 2026-08-12 04:57:16.672914
2026-08-12 05:02:17.583 | INFO     | selfmind_app.recall_capture.scanner:scan:73 - [RecallScanner] hermes: found 0 events
2026-08-12 05:02:17.593 | INFO     | selfmind_app.recall_capture.scanner:scan:84 - [RecallScanner] Matched 0 entries from 0 events
2026-08-12 05:02:17.603 | INFO     | selfmind_app.recall_capture.scanner:scan:103 - [RecallScanner] Scan complete: {'events_found': 0, 'entries_matched': 0, 'recalls_recorded': 0, 'adapters_scanned': 1, 'scan_duration_ms': 47}
   [Auto-sync] 269 active, 0 recalls, graph rebuilt
2026-08-12 05:07:18.520 | INFO     | selfmind_app.recall_capture.scanner:scan:66 - [RecallScanner] Starting scan since 2026-08-12 05:02:17.602351
2026-08-12 05:07:18.551 | INFO     | selfmind_app.recall_capture.scanner:scan:73 - [RecallScanner] hermes: found 0 events
2026-08-12 05:07:18.559 | INFO     | selfmind_app.recall_capture.scanner:scan:84 - [RecallScanner] Matched 0 entries from 0 events
2026-08-12 05:07:18.566 | INFO     | selfmind_app.recall_capture.scanner:scan:103 - [RecallScanner] Scan complete: {'events_found': 0, 'entries_matched': 0, 'recalls_recorded': 0, 'adapters_scanned': 1, 'scan_duration_ms': 46}
   [Auto-sync] 269 active, 0 recalls, graph rebuilt
2026-08-12 05:12:19.570 | INFO     | selfmind_app.recall_capture.scanner:scan:66 - [RecallScanner] Starting scan since 2026-08-12 05:07:18.566147
2026-08-12 05:12:19.597 | INFO     | selfmind_app.recall_capture.scanner:scan:73 - [RecallScanner] hermes: found 0 events
2026-08-12 05:12:19.607 | INFO     | selfmind_app.recall_capture.scanner:scan:84 - [RecallScanner] Matched 0 entries from 0 events
2026-08-12 05:12:19.614 | INFO     | selfmind_app.recall_capture.scanner:scan:103 - [RecallScanner] Scan complete: {'events_found': 0, 'entries_matched': 0, 'recalls_recorded': 0, 'adapters_scanned': 1, 'scan_duration_ms': 43}
   [Auto-sync] 269 active, 0 recalls, graph rebuilt
2026-08-12 05:17:20.635 | INFO     | selfmind_app.recall_capture.scanner:scan:66 - [RecallScanner] Starting scan since 2026-08-12 05:12:19.613552
2026-08-12 05:17:20.661 | INFO     | selfmind_app.recall_capture.scanner:scan:73 - [RecallScanner] hermes: found 0 events
2026-08-12 05:17:20.671 | INFO     | selfmind_app.recall_capture.scanner:scan:84 - [RecallScanner] Matched 0 entries from 0 events
2026-08-12 05:17:20.678 | INFO     | selfmind_app.recall_capture.scanner:scan:103 - [RecallScanner] Scan complete: {'events_found': 0, 'entries_matched': 0, 'recalls_recorded': 0, 'adapters_scanned': 1, 'scan_duration_ms': 42}
   [Auto-sync] 269 active, 0 recalls, graph rebuilt
2026-08-12 05:22:21.582 | INFO     | selfmind_app.recall_capture.scanner:scan:66 - [RecallScanner] Starting scan since 2026-08-12 05:17:20.677879
2026-08-12 05:22:21.612 | INFO     | selfmind_app.recall_capture.scanner:scan:73 - [RecallScanner] hermes: found 0 events
2026-08-12 05:22:21.622 | INFO     | selfmind_app.recall_capture.scanner:scan:84 - [RecallScanner] Matched 0 entries from 0 events
2026-08-12 05:22:21.628 | INFO     | selfmind_app.recall_capture.scanner:scan:103 - [RecallScanner] Scan complete: {'events_found': 0, 'entries_matched': 0, 'recalls_recorded': 0, 'adapters_scanned': 1, 'scan_duration_ms': 46}
   [Auto-sync] 269 active, 0 recalls, graph rebuilt
2026-08-12 05:27:22.640 | INFO     | selfmind_app.recall_capture.scanner:scan:66 - [RecallScanner] Starting scan since 2026-08-12 05:22:21.627874
2026-08-12 05:27:22.668 | INFO     | selfmind_app.recall_capture.scanner:scan:73 - [RecallScanner] hermes: found 0 events
2026-08-12 05:27:22.675 | INFO     | selfmind_app.recall_capture.scanner:scan:84 - [RecallScanner] Matched 0 entries from 0 events
2026-08-12 05:27:22.681 | INFO     | selfmind_app.recall_capture.scanner:scan:103 - [RecallScanner] Scan complete: {'events_found': 0, 'entries_matched': 0, 'recalls_recorded': 0, 'adapters_scanned': 1, 'scan_duration_ms': 41}
   [Auto-sync] 269 active, 0 recalls, graph rebuilt
2026-08-12 05:32:23.615 | INFO     | selfmind_app.recall_capture.scanner:scan:66 - [RecallScanner] Starting scan since 2026-08-12 05:27:22.681359
2026-08-12 05:32:23.645 | INFO     | selfmind_app.recall_capture.scanner:scan:73 - [RecallScanner] hermes: found 0 events
2026-08-12 05:32:23.653 | INFO     | selfmind_app.recall_capture.scanner:scan:84 - [RecallScanner] Matched 0 entries from 0 events
2026-08-12 05:32:23.661 | INFO     | selfmind_app.recall_capture.scanner:scan:103 - [RecallScanner] Scan complete: {'events_found': 0, 'entries_matched': 0, 'recalls_recorded': 0, 'adapters_scanned': 1, 'scan_duration_ms': 46}
   [Auto-sync] 269 active, 0 recalls, graph rebuilt
2026-08-12 05:37:24.552 | INFO     | selfmind_app.recall_capture.scanner:scan:66 - [RecallScanner] Starting scan since 2026-08-12 05:32:23.660184
2026-08-12 05:37:24.582 | INFO     | selfmind_app.recall_capture.scanner:scan:73 - [RecallScanner] hermes: found 0 events
2026-08-12 05:37:24.590 | INFO     | selfmind_app.recall_capture.scanner:scan:84 - [RecallScanner] Matched 0 entries from 0 events
2026-08-12 05:37:24.597 | INFO     | selfmind_app.recall_capture.scanner:scan:103 - [RecallScanner] Scan complete: {'events_found': 0, 'entries_matched': 0, 'recalls_recorded': 0, 'adapters_scanned': 1, 'scan_duration_ms': 45}
   [Auto-sync] 269 active, 0 recalls, graph rebuilt
2026-08-12 05:42:25.588 | INFO     | selfmind_app.recall_capture.scanner:scan:66 - [RecallScanner] Starting scan since 2026-08-12 05:37:24.597109
2026-08-12 05:42:25.618 | INFO     | selfmind_app.recall_capture.scanner:scan:73 - [RecallScanner] hermes: found 0 events
2026-08-12 05:42:25.626 | INFO     | selfmind_app.recall_capture.scanner:scan:84 - [RecallScanner] Matched 0 entries from 0 events
2026-08-12 05:42:25.632 | INFO     | selfmind_app.recall_capture.scanner:scan:103 - [RecallScanner] Scan complete: {'events_found': 0, 'entries_matched': 0, 'recalls_recorded': 0, 'adapters_scanned': 1, 'scan_duration_ms': 45}
   [Auto-sync] 269 active, 0 recalls, graph rebuilt
2026-08-12 05:47:26.572 | INFO     | selfmind_app.recall_capture.scanner:scan:66 - [RecallScanner] Starting scan since 2026-08-12 05:42:25.632078
2026-08-12 05:47:26.601 | INFO     | selfmind_app.recall_capture.scanner:scan:73 - [RecallScanner] hermes: found 0 events
2026-08-12 05:47:26.609 | INFO     | selfmind_app.recall_capture.scanner:scan:84 - [RecallScanner] Matched 0 entries from 0 events
2026-08-12 05:47:26.615 | INFO     | selfmind_app.recall_capture.scanner:scan:103 - [RecallScanner] Scan complete: {'events_found': 0, 'entries_matched': 0, 'recalls_recorded': 0, 'adapters_scanned': 1, 'scan_duration_ms': 43}
   [Auto-sync] 269 active, 0 recalls, graph rebuilt
2026-08-12 05:52:27.512 | INFO     | selfmind_app.recall_capture.scanner:scan:66 - [RecallScanner] Starting scan since 2026-08-12 05:47:26.614957
2026-08-12 05:52:27.546 | INFO     | selfmind_app.recall_capture.scanner:scan:73 - [RecallScanner] hermes: found 0 events
2026-08-12 05:52:27.554 | INFO     | selfmind_app.recall_capture.scanner:scan:84 - [RecallScanner] Matched 0 entries from 0 events
2026-08-12 05:52:27.561 | INFO     | selfmind_app.recall_capture.scanner:scan:103 - [RecallScanner] Scan complete: {'events_found': 0, 'entries_matched': 0, 'recalls_recorded': 0, 'adapters_scanned': 1, 'scan_duration_ms': 49}
   [Auto-sync] 269 active, 0 recalls, graph rebuilt
2026-08-12 05:57:28.472 | INFO     | selfmind_app.recall_capture.scanner:scan:66 - [RecallScanner] Starting scan since 2026-08-12 05:52:27.560494
2026-08-12 05:57:28.503 | INFO     | selfmind_app.recall_capture.scanner:scan:73 - [RecallScanner] hermes: found 0 events
2026-08-12 05:57:28.516 | INFO     | selfmind_app.recall_capture.scanner:scan:84 - [RecallScanner] Matched 0 entries from 0 events
2026-08-12 05:57:28.523 | INFO     | selfmind_app.recall_capture.scanner:scan:103 - [RecallScanner] Scan complete: {'events_found': 0, 'entries_matched': 0, 'recalls_recorded': 0, 'adapters_scanned': 1, 'scan_duration_ms': 51}
   [Auto-sync] 269 active, 0 recalls, graph rebuilt
2026-08-12 06:02:29.473 | INFO     | selfmind_app.recall_capture.scanner:scan:66 - [RecallScanner] Starting scan since 2026-08-12 05:57:28.522735
2026-08-12 06:02:29.499 | INFO     | selfmind_app.recall_capture.scanner:scan:73 - [RecallScanner] hermes: found 0 events
2026-08-12 06:02:29.507 | INFO     | selfmind_app.recall_capture.scanner:scan:84 - [RecallScanner] Matched 0 entries from 0 events
2026-08-12 06:02:29.513 | INFO     | selfmind_app.recall_capture.scanner:scan:103 - [RecallScanner] Scan complete: {'events_found': 0, 'entries_matched': 0, 'recalls_recorded': 0, 'adapters_scanned': 1, 'scan_duration_ms': 40}
   [Auto-sync] 269 active, 0 recalls, graph rebuilt
2026-08-12 06:07:30.520 | INFO     | selfmind_app.recall_capture.scanner:scan:66 - [RecallScanner] Starting scan since 2026-08-12 06:02:29.513174
2026-08-12 06:07:30.547 | INFO     | selfmind_app.recall_capture.scanner:scan:73 - [RecallScanner] hermes: found 0 events
2026-08-12 06:07:30.554 | INFO     | selfmind_app.recall_capture.scanner:scan:84 - [RecallScanner] Matched 0 entries from 0 events
2026-08-12 06:07:30.561 | INFO     | selfmind_app.recall_capture.scanner:scan:103 - [RecallScanner] Scan complete: {'events_found': 0, 'entries_matched': 0, 'recalls_recorded': 0, 'adapters_scanned': 1, 'scan_duration_ms': 40}
   [Auto-sync] 269 active, 0 recalls, graph rebuilt
2026-08-12 06:12:31.493 | INFO     | selfmind_app.recall_capture.scanner:scan:66 - [RecallScanner] Starting scan since 2026-08-12 06:07:30.561077
2026-08-12 06:12:31.521 | INFO     | selfmind_app.recall_capture.scanner:scan:73 - [RecallScanner] hermes: found 0 events
2026-08-12 06:12:31.530 | INFO     | selfmind_app.recall_capture.scanner:scan:84 - [RecallScanner] Matched 0 entries from 0 events
2026-08-12 06:12:31.536 | INFO     | selfmind_app.recall_capture.scanner:scan:103 - [RecallScanner] Scan complete: {'events_found': 0, 'entries_matched': 0, 'recalls_recorded': 0, 'adapters_scanned': 1, 'scan_duration_ms': 43}
   [Auto-sync] 269 active, 0 recalls, graph rebuilt
2026-08-12 06:17:32.490 | INFO     | selfmind_app.recall_capture.scanner:scan:66 - [RecallScanner] Starting scan since 2026-08-12 06:12:31.536345
2026-08-12 06:17:32.519 | INFO     | selfmind_app.recall_capture.scanner:scan:73 - [RecallScanner] hermes: found 0 events
2026-08-12 06:17:32.526 | INFO     | selfmind_app.recall_capture.scanner:scan:84 - [RecallScanner] Matched 0 entries from 0 events
2026-08-12 06:17:32.533 | INFO     | selfmind_app.recall_capture.scanner:scan:103 - [RecallScanner] Scan complete: {'events_found': 0, 'entries_matched': 0, 'recalls_recorded': 0, 'adapters_scanned': 1, 'scan_duration_ms': 42}
   [Auto-sync] 269 active, 0 recalls, graph rebuilt
2026-08-12 06:22:33.443 | INFO     | selfmind_app.recall_capture.scanner:scan:66 - [RecallScanner] Starting scan since 2026-08-12 06:17:32.532365
2026-08-12 06:22:33.476 | INFO     | selfmind_app.recall_capture.scanner:scan:73 - [RecallScanner] hermes: found 0 events
2026-08-12 06:22:33.484 | INFO     | selfmind_app.recall_capture.scanner:scan:84 - [RecallScanner] Matched 0 entries from 0 events
2026-08-12 06:22:33.491 | INFO     | selfmind_app.recall_capture.scanner:scan:103 - [RecallScanner] Scan complete: {'events_found': 0, 'entries_matched': 0, 'recalls_recorded': 0, 'adapters_scanned': 1, 'scan_duration_ms': 48}
   [Auto-sync] 269 active, 0 recalls, graph rebuilt
2026-08-12 06:27:34.416 | INFO     | selfmind_app.recall_capture.scanner:scan:66 - [RecallScanner] Starting scan since 2026-08-12 06:22:33.490692
2026-08-12 06:27:34.444 | INFO     | selfmind_app.recall_capture.scanner:scan:73 - [RecallScanner] hermes: found 0 events
2026-08-12 06:27:34.451 | INFO     | selfmind_app.recall_capture.scanner:scan:84 - [RecallScanner] Matched 0 entries from 0 events
2026-08-12 06:27:34.458 | INFO     | selfmind_app.recall_capture.scanner:scan:103 - [RecallScanner] Scan complete: {'events_found': 0, 'entries_matched': 0, 'recalls_recorded': 0, 'adapters_scanned': 1, 'scan_duration_ms': 42}
   [Auto-sync] 269 active, 0 recalls, graph rebuilt
2026-08-12 06:32:35.495 | INFO     | selfmind_app.recall_capture.scanner:scan:66 - [RecallScanner] Starting scan since 2026-08-12 06:27:34.458008
2026-08-12 06:32:35.522 | INFO     | selfmind_app.recall_capture.scanner:scan:73 - [RecallScanner] hermes: found 0 events
2026-08-12 06:32:35.530 | INFO     | selfmind_app.recall_capture.scanner:scan:84 - [RecallScanner] Matched 0 entries from 0 events
2026-08-12 06:32:35.537 | INFO     | selfmind_app.recall_capture.scanner:scan:103 - [RecallScanner] Scan complete: {'events_found': 0, 'entries_matched': 0, 'recalls_recorded': 0, 'adapters_scanned': 1, 'scan_duration_ms': 42}
   [Auto-sync] 269 active, 0 recalls, graph rebuilt
2026-08-12 06:37:36.426 | INFO     | selfmind_app.recall_capture.scanner:scan:66 - [RecallScanner] Starting scan since 2026-08-12 06:32:35.536728
2026-08-12 06:37:36.459 | INFO     | selfmind_app.recall_capture.scanner:scan:73 - [RecallScanner] hermes: found 0 events
2026-08-12 06:37:36.467 | INFO     | selfmind_app.recall_capture.scanner:scan:84 - [RecallScanner] Matched 0 entries from 0 events
2026-08-12 06:37:36.474 | INFO     | selfmind_app.recall_capture.scanner:scan:103 - [RecallScanner] Scan complete: {'events_found': 0, 'entries_matched': 0, 'recalls_recorded': 0, 'adapters_scanned': 1, 'scan_duration_ms': 48}
   [Auto-sync] 269 active, 0 recalls, graph rebuilt
2026-08-12 06:42:37.414 | INFO     | selfmind_app.recall_capture.scanner:scan:66 - [RecallScanner] Starting scan since 2026-08-12 06:37:36.473750
2026-08-12 06:42:37.440 | INFO     | selfmind_app.recall_capture.scanner:scan:73 - [RecallScanner] hermes: found 0 events
2026-08-12 06:42:37.447 | INFO     | selfmind_app.recall_capture.scanner:scan:84 - [RecallScanner] Matched 0 entries from 0 events
2026-08-12 06:42:37.453 | INFO     | selfmind_app.recall_capture.scanner:scan:103 - [RecallScanner] Scan complete: {'events_found': 0, 'entries_matched': 0, 'recalls_recorded': 0, 'adapters_scanned': 1, 'scan_duration_ms': 39}
   [Auto-sync] 269 active, 0 recalls, graph rebuilt
2026-08-12 06:47:38.384 | INFO     | selfmind_app.recall_capture.scanner:scan:66 - [RecallScanner] Starting scan since 2026-08-12 06:42:37.453231
2026-08-12 06:47:38.413 | INFO     | selfmind_app.recall_capture.scanner:scan:73 - [RecallScanner] hermes: found 0 events
2026-08-12 06:47:38.422 | INFO     | selfmind_app.recall_capture.scanner:scan:84 - [RecallScanner] Matched 0 entries from 0 events
2026-08-12 06:47:38.428 | INFO     | selfmind_app.recall_capture.scanner:scan:103 - [RecallScanner] Scan complete: {'events_found': 0, 'entries_matched': 0, 'recalls_recorded': 0, 'adapters_scanned': 1, 'scan_duration_ms': 44}
   [Auto-sync] 269 active, 0 recalls, graph rebuilt
2026-08-12 06:52:39.436 | INFO     | selfmind_app.recall_capture.scanner:scan:66 - [RecallScanner] Starting scan since 2026-08-12 06:47:38.427920
2026-08-12 06:52:39.463 | INFO     | selfmind_app.recall_capture.scanner:scan:73 - [RecallScanner] hermes: found 0 events
2026-08-12 06:52:39.471 | INFO     | selfmind_app.recall_capture.scanner:scan:84 - [RecallScanner] Matched 0 entries from 0 events
2026-08-12 06:52:39.480 | INFO     | selfmind_app.recall_capture.scanner:scan:103 - [RecallScanner] Scan complete: {'events_found': 0, 'entries_matched': 0, 'recalls_recorded': 0, 'adapters_scanned': 1, 'scan_duration_ms': 43}
   [Auto-sync] 269 active, 0 recalls, graph rebuilt
2026-08-12 06:57:40.535 | INFO     | selfmind_app.recall_capture.scanner:scan:66 - [RecallScanner] Starting scan since 2026-08-12 06:52:39.479306
2026-08-12 06:57:40.562 | INFO     | selfmind_app.recall_capture.scanner:scan:73 - [RecallScanner] hermes: found 0 events
2026-08-12 06:57:40.570 | INFO     | selfmind_app.recall_capture.scanner:scan:84 - [RecallScanner] Matched 0 entries from 0 events
2026-08-12 06:57:40.576 | INFO     | selfmind_app.recall_capture.scanner:scan:103 - [RecallScanner] Scan complete: {'events_found': 0, 'entries_matched': 0, 'recalls_recorded': 0, 'adapters_scanned': 1, 'scan_duration_ms': 41}
   [Auto-sync] 269 active, 0 recalls, graph rebuilt
2026-08-12 07:02:41.594 | INFO     | selfmind_app.recall_capture.scanner:scan:66 - [RecallScanner] Starting scan since 2026-08-12 06:57:40.575914
2026-08-12 07:02:41.620 | INFO     | selfmind_app.recall_capture.scanner:scan:73 - [RecallScanner] hermes: found 0 events
2026-08-12 07:02:41.627 | INFO     | selfmind_app.recall_capture.scanner:scan:84 - [RecallScanner] Matched 0 entries from 0 events
2026-08-12 07:02:41.635 | INFO     | selfmind_app.recall_capture.scanner:scan:103 - [RecallScanner] Scan complete: {'events_found': 0, 'entries_matched': 0, 'recalls_recorded': 0, 'adapters_scanned': 1, 'scan_duration_ms': 40}
   [Auto-sync] 269 active, 0 recalls, graph rebuilt
2026-08-12 07:07:42.611 | INFO     | selfmind_app.recall_capture.scanner:scan:66 - [RecallScanner] Starting scan since 2026-08-12 07:02:41.634270
2026-08-12 07:07:42.638 | INFO     | selfmind_app.recall_capture.scanner:scan:73 - [RecallScanner] hermes: found 0 events
2026-08-12 07:07:42.646 | INFO     | selfmind_app.recall_capture.scanner:scan:84 - [RecallScanner] Matched 0 entries from 0 events
2026-08-12 07:07:42.655 | INFO     | selfmind_app.recall_capture.scanner:scan:103 - [RecallScanner] Scan complete: {'events_found': 0, 'entries_matched': 0, 'recalls_recorded': 0, 'adapters_scanned': 1, 'scan_duration_ms': 44}
   [Auto-sync] 269 active, 0 recalls, graph rebuilt
2026-08-12 07:12:43.670 | INFO     | selfmind_app.recall_capture.scanner:scan:66 - [RecallScanner] Starting scan since 2026-08-12 07:07:42.655014
2026-08-12 07:12:43.698 | INFO     | selfmind_app.recall_capture.scanner:scan:73 - [RecallScanner] hermes: found 0 events
2026-08-12 07:12:43.706 | INFO     | selfmind_app.recall_capture.scanner:scan:84 - [RecallScanner] Matched 0 entries from 0 events
2026-08-12 07:12:43.713 | INFO     | selfmind_app.recall_capture.scanner:scan:103 - [RecallScanner] Scan complete: {'events_found': 0, 'entries_matched': 0, 'recalls_recorded': 0, 'adapters_scanned': 1, 'scan_duration_ms': 43}
   [Auto-sync] 269 active, 0 recalls, graph rebuilt
2026-08-12 07:17:44.762 | INFO     | selfmind_app.recall_capture.scanner:scan:66 - [RecallScanner] Starting scan since 2026-08-12 07:12:43.712435
2026-08-12 07:17:44.792 | INFO     | selfmind_app.recall_capture.scanner:scan:73 - [RecallScanner] hermes: found 0 events
2026-08-12 07:17:44.813 | INFO     | selfmind_app.recall_capture.scanner:scan:84 - [RecallScanner] Matched 0 entries from 0 events
2026-08-12 07:17:44.820 | INFO     | selfmind_app.recall_capture.scanner:scan:103 - [RecallScanner] Scan complete: {'events_found': 0, 'entries_matched': 0, 'recalls_recorded': 0, 'adapters_scanned': 1, 'scan_duration_ms': 57}
   [Auto-sync] 269 active, 0 recalls, graph rebuilt
2026-08-12 07:22:45.818 | INFO     | selfmind_app.recall_capture.scanner:scan:66 - [RecallScanner] Starting scan since 2026-08-12 07:17:44.819355
2026-08-12 07:22:45.846 | INFO     | selfmind_app.recall_capture.scanner:scan:73 - [RecallScanner] hermes: found 0 events
2026-08-12 07:22:45.853 | INFO     | selfmind_app.recall_capture.scanner:scan:84 - [RecallScanner] Matched 0 entries from 0 events
2026-08-12 07:22:45.859 | INFO     | selfmind_app.recall_capture.scanner:scan:103 - [RecallScanner] Scan complete: {'events_found': 0, 'entries_matched': 0, 'recalls_recorded': 0, 'adapters_scanned': 1, 'scan_duration_ms': 41}
   [Auto-sync] 269 active, 0 recalls, graph rebuilt
2026-08-12 07:27:46.865 | INFO     | selfmind_app.recall_capture.scanner:scan:66 - [RecallScanner] Starting scan since 2026-08-12 07:22:45.859083
2026-08-12 07:27:46.892 | INFO     | selfmind_app.recall_capture.scanner:scan:73 - [RecallScanner] hermes: found 0 events
2026-08-12 07:27:46.901 | INFO     | selfmind_app.recall_capture.scanner:scan:84 - [RecallScanner] Matched 0 entries from 0 events
2026-08-12 07:27:46.908 | INFO     | selfmind_app.recall_capture.scanner:scan:103 - [RecallScanner] Scan complete: {'events_found': 0, 'entries_matched': 0, 'recalls_recorded': 0, 'adapters_scanned': 1, 'scan_duration_ms': 42}
   [Auto-sync] 269 active, 0 recalls, graph rebuilt
2026-08-12 07:32:47.897 | INFO     | selfmind_app.recall_capture.scanner:scan:66 - [RecallScanner] Starting scan since 2026-08-12 07:27:46.907309
2026-08-12 07:32:47.929 | INFO     | selfmind_app.recall_capture.scanner:scan:73 - [RecallScanner] hermes: found 0 events
2026-08-12 07:32:47.938 | INFO     | selfmind_app.recall_capture.scanner:scan:84 - [RecallScanner] Matched 0 entries from 0 events
2026-08-12 07:32:47.946 | INFO     | selfmind_app.recall_capture.scanner:scan:103 - [RecallScanner] Scan complete: {'events_found': 0, 'entries_matched': 0, 'recalls_recorded': 0, 'adapters_scanned': 1, 'scan_duration_ms': 49}
   [Auto-sync] 269 active, 0 recalls, graph rebuilt
2026-08-12 07:37:48.882 | INFO     | selfmind_app.recall_capture.scanner:scan:66 - [RecallScanner] Starting scan since 2026-08-12 07:32:47.946082
2026-08-12 07:37:48.915 | INFO     | selfmind_app.recall_capture.scanner:scan:73 - [RecallScanner] hermes: found 0 events
2026-08-12 07:37:48.923 | INFO     | selfmind_app.recall_capture.scanner:scan:84 - [RecallScanner] Matched 0 entries from 0 events
2026-08-12 07:37:48.930 | INFO     | selfmind_app.recall_capture.scanner:scan:103 - [RecallScanner] Scan complete: {'events_found': 0, 'entries_matched': 0, 'recalls_recorded': 0, 'adapters_scanned': 1, 'scan_duration_ms': 48}
   [Auto-sync] 269 active, 0 recalls, graph rebuilt
2026-08-12 07:42:49.870 | INFO     | selfmind_app.recall_capture.scanner:scan:66 - [RecallScanner] Starting scan since 2026-08-12 07:37:48.930123
2026-08-12 07:42:49.899 | INFO     | selfmind_app.recall_capture.scanner:scan:73 - [RecallScanner] hermes: found 0 events
2026-08-12 07:42:49.907 | INFO     | selfmind_app.recall_capture.scanner:scan:84 - [RecallScanner] Matched 0 entries from 0 events
2026-08-12 07:42:49.914 | INFO     | selfmind_app.recall_capture.scanner:scan:103 - [RecallScanner] Scan complete: {'events_found': 0, 'entries_matched': 0, 'recalls_recorded': 0, 'adapters_scanned': 1, 'scan_duration_ms': 44}
   [Auto-sync] 269 active, 0 recalls, graph rebuilt
2026-08-12 07:47:50.850 | INFO     | selfmind_app.recall_capture.scanner:scan:66 - [RecallScanner] Starting scan since 2026-08-12 07:42:49.913890
2026-08-12 07:47:50.879 | INFO     | selfmind_app.recall_capture.scanner:scan:73 - [RecallScanner] hermes: found 0 events
2026-08-12 07:47:50.891 | INFO     | selfmind_app.recall_capture.scanner:scan:84 - [RecallScanner] Matched 0 entries from 0 events
2026-08-12 07:47:50.898 | INFO     | selfmind_app.recall_capture.scanner:scan:103 - [RecallScanner] Scan complete: {'events_found': 0, 'entries_matched': 0, 'recalls_recorded': 0, 'adapters_scanned': 1, 'scan_duration_ms': 47}
   [Auto-sync] 269 active, 0 recalls, graph rebuilt
2026-08-12 07:52:51.837 | INFO     | selfmind_app.recall_capture.scanner:scan:66 - [RecallScanner] Starting scan since 2026-08-12 07:47:50.897458
2026-08-12 07:52:51.866 | INFO     | selfmind_app.recall_capture.scanner:scan:73 - [RecallScanner] hermes: found 0 events
2026-08-12 07:52:51.873 | INFO     | selfmind_app.recall_capture.scanner:scan:84 - [RecallScanner] Matched 0 entries from 0 events
2026-08-12 07:52:51.880 | INFO     | selfmind_app.recall_capture.scanner:scan:103 - [RecallScanner] Scan complete: {'events_found': 0, 'entries_matched': 0, 'recalls_recorded': 0, 'adapters_scanned': 1, 'scan_duration_ms': 42}
   [Auto-sync] 269 active, 0 recalls, graph rebuilt
2026-08-12 07:57:52.791 | INFO     | selfmind_app.recall_capture.scanner:scan:66 - [RecallScanner] Starting scan since 2026-08-12 07:52:51.879366
2026-08-12 07:57:52.821 | INFO     | selfmind_app.recall_capture.scanner:scan:73 - [RecallScanner] hermes: found 0 events
2026-08-12 07:57:52.828 | INFO     | selfmind_app.recall_capture.scanner:scan:84 - [RecallScanner] Matched 0 entries from 0 events
2026-08-12 07:57:52.836 | INFO     | selfmind_app.recall_capture.scanner:scan:103 - [RecallScanner] Scan complete: {'events_found': 0, 'entries_matched': 0, 'recalls_recorded': 0, 'adapters_scanned': 1, 'scan_duration_ms': 44}
   [Auto-sync] 269 active, 0 recalls, graph rebuilt
2026-08-12 08:02:53.781 | INFO     | selfmind_app.recall_capture.scanner:scan:66 - [RecallScanner] Starting scan since 2026-08-12 07:57:52.835178
2026-08-12 08:02:53.810 | INFO     | selfmind_app.recall_capture.scanner:scan:73 - [RecallScanner] hermes: found 0 events
2026-08-12 08:02:53.817 | INFO     | selfmind_app.recall_capture.scanner:scan:84 - [RecallScanner] Matched 0 entries from 0 events
2026-08-12 08:02:53.824 | INFO     | selfmind_app.recall_capture.scanner:scan:103 - [RecallScanner] Scan complete: {'events_found': 0, 'entries_matched': 0, 'recalls_recorded': 0, 'adapters_scanned': 1, 'scan_duration_ms': 42}
   [Auto-sync] 269 active, 0 recalls, graph rebuilt
2026-08-12 08:07:54.775 | INFO     | selfmind_app.recall_capture.scanner:scan:66 - [RecallScanner] Starting scan since 2026-08-12 08:02:53.823435
2026-08-12 08:07:54.804 | INFO     | selfmind_app.recall_capture.scanner:scan:73 - [RecallScanner] hermes: found 0 events
2026-08-12 08:07:54.812 | INFO     | selfmind_app.recall_capture.scanner:scan:84 - [RecallScanner] Matched 0 entries from 0 events
2026-08-12 08:07:54.818 | INFO     | selfmind_app.recall_capture.scanner:scan:103 - [RecallScanner] Scan complete: {'events_found': 0, 'entries_matched': 0, 'recalls_recorded': 0, 'adapters_scanned': 1, 'scan_duration_ms': 43}
   [Auto-sync] 269 active, 0 recalls, graph rebuilt
2026-08-12 08:12:55.754 | INFO     | selfmind_app.recall_capture.scanner:scan:66 - [RecallScanner] Starting scan since 2026-08-12 08:07:54.818067
2026-08-12 08:12:55.781 | INFO     | selfmind_app.recall_capture.scanner:scan:73 - [RecallScanner] hermes: found 0 events
2026-08-12 08:12:55.788 | INFO     | selfmind_app.recall_capture.scanner:scan:84 - [RecallScanner] Matched 0 entries from 0 events
2026-08-12 08:12:55.796 | INFO     | selfmind_app.recall_capture.scanner:scan:103 - [RecallScanner] Scan complete: {'events_found': 0, 'entries_matched': 0, 'recalls_recorded': 0, 'adapters_scanned': 1, 'scan_duration_ms': 42}
   [Auto-sync] 269 active, 0 recalls, graph rebuilt
2026-08-12 08:17:56.737 | INFO     | selfmind_app.recall_capture.scanner:scan:66 - [RecallScanner] Starting scan since 2026-08-12 08:12:55.795510
2026-08-12 08:17:56.766 | INFO     | selfmind_app.recall_capture.scanner:scan:73 - [RecallScanner] hermes: found 0 events
2026-08-12 08:17:56.774 | INFO     | selfmind_app.recall_capture.scanner:scan:84 - [RecallScanner] Matched 0 entries from 0 events
2026-08-12 08:17:56.781 | INFO     | selfmind_app.recall_capture.scanner:scan:103 - [RecallScanner] Scan complete: {'events_found': 0, 'entries_matched': 0, 'recalls_recorded': 0, 'adapters_scanned': 1, 'scan_duration_ms': 43}
   [Auto-sync] 269 active, 0 recalls, graph rebuilt
2026-08-12 08:22:57.699 | INFO     | selfmind_app.recall_capture.scanner:scan:66 - [RecallScanner] Starting scan since 2026-08-12 08:17:56.780292
2026-08-12 08:22:57.728 | INFO     | selfmind_app.recall_capture.scanner:scan:73 - [RecallScanner] hermes: found 0 events
2026-08-12 08:22:57.736 | INFO     | selfmind_app.recall_capture.scanner:scan:84 - [RecallScanner] Matched 0 entries from 0 events
2026-08-12 08:22:57.742 | INFO     | selfmind_app.recall_capture.scanner:scan:103 - [RecallScanner] Scan complete: {'events_found': 0, 'entries_matched': 0, 'recalls_recorded': 0, 'adapters_scanned': 1, 'scan_duration_ms': 43}
   [Auto-sync] 269 active, 0 recalls, graph rebuilt
2026-08-12 08:27:58.732 | INFO     | selfmind_app.recall_capture.scanner:scan:66 - [RecallScanner] Starting scan since 2026-08-12 08:22:57.742062
2026-08-12 08:27:58.765 | INFO     | selfmind_app.recall_capture.scanner:scan:73 - [RecallScanner] hermes: found 0 events
2026-08-12 08:27:58.772 | INFO     | selfmind_app.recall_capture.scanner:scan:84 - [RecallScanner] Matched 0 entries from 0 events
2026-08-12 08:27:58.779 | INFO     | selfmind_app.recall_capture.scanner:scan:103 - [RecallScanner] Scan complete: {'events_found': 0, 'entries_matched': 0, 'recalls_recorded': 0, 'adapters_scanned': 1, 'scan_duration_ms': 47}
   [Auto-sync] 269 active, 0 recalls, graph rebuilt
2026-08-12 08:32:59.683 | INFO     | selfmind_app.recall_capture.scanner:scan:66 - [RecallScanner] Starting scan since 2026-08-12 08:27:58.779060
2026-08-12 08:32:59.712 | INFO     | selfmind_app.recall_capture.scanner:scan:73 - [RecallScanner] hermes: found 0 events
2026-08-12 08:32:59.719 | INFO     | selfmind_app.recall_capture.scanner:scan:84 - [RecallScanner] Matched 0 entries from 0 events
2026-08-12 08:32:59.725 | INFO     | selfmind_app.recall_capture.scanner:scan:103 - [RecallScanner] Scan complete: {'events_found': 0, 'entries_matched': 0, 'recalls_recorded': 0, 'adapters_scanned': 1, 'scan_duration_ms': 41}
   [Auto-sync] 269 active, 0 recalls, graph rebuilt
2026-08-12 08:38:00.778 | INFO     | selfmind_app.recall_capture.scanner:scan:66 - [RecallScanner] Starting scan since 2026-08-12 08:32:59.725050
2026-08-12 08:38:00.806 | INFO     | selfmind_app.recall_capture.scanner:scan:73 - [RecallScanner] hermes: found 0 events
2026-08-12 08:38:00.815 | INFO     | selfmind_app.recall_capture.scanner:scan:84 - [RecallScanner] Matched 0 entries from 0 events
2026-08-12 08:38:00.821 | INFO     | selfmind_app.recall_capture.scanner:scan:103 - [RecallScanner] Scan complete: {'events_found': 0, 'entries_matched': 0, 'recalls_recorded': 0, 'adapters_scanned': 1, 'scan_duration_ms': 43}
   [Auto-sync] 269 active, 0 recalls, graph rebuilt
2026-08-12 08:43:01.746 | INFO     | selfmind_app.recall_capture.scanner:scan:66 - [RecallScanner] Starting scan since 2026-08-12 08:38:00.821051
2026-08-12 08:43:01.776 | INFO     | selfmind_app.recall_capture.scanner:scan:73 - [RecallScanner] hermes: found 0 events
2026-08-12 08:43:01.784 | INFO     | selfmind_app.recall_capture.scanner:scan:84 - [RecallScanner] Matched 0 entries from 0 events
2026-08-12 08:43:01.792 | INFO     | selfmind_app.recall_capture.scanner:scan:103 - [RecallScanner] Scan complete: {'events_found': 0, 'entries_matched': 0, 'recalls_recorded': 0, 'adapters_scanned': 1, 'scan_duration_ms': 45}
   [Auto-sync] 269 active, 0 recalls, graph rebuilt
2026-08-12 08:48:02.702 | INFO     | selfmind_app.recall_capture.scanner:scan:66 - [RecallScanner] Starting scan since 2026-08-12 08:43:01.791182
2026-08-12 08:48:02.734 | INFO     | selfmind_app.recall_capture.scanner:scan:73 - [RecallScanner] hermes: found 0 events
2026-08-12 08:48:02.742 | INFO     | selfmind_app.recall_capture.scanner:scan:84 - [RecallScanner] Matched 0 entries from 0 events
2026-08-12 08:48:02.748 | INFO     | selfmind_app.recall_capture.scanner:scan:103 - [RecallScanner] Scan complete: {'events_found': 0, 'entries_matched': 0, 'recalls_recorded': 0, 'adapters_scanned': 1, 'scan_duration_ms': 46}
   [Auto-sync] 269 active, 0 recalls, graph rebuilt
2026-08-12 08:53:03.688 | INFO     | selfmind_app.recall_capture.scanner:scan:66 - [RecallScanner] Starting scan since 2026-08-12 08:48:02.747739
2026-08-12 08:53:03.717 | INFO     | selfmind_app.recall_capture.scanner:scan:73 - [RecallScanner] hermes: found 0 events
2026-08-12 08:53:03.724 | INFO     | selfmind_app.recall_capture.scanner:scan:84 - [RecallScanner] Matched 0 entries from 0 events
2026-08-12 08:53:03.731 | INFO     | selfmind_app.recall_capture.scanner:scan:103 - [RecallScanner] Scan complete: {'events_found': 0, 'entries_matched': 0, 'recalls_recorded': 0, 'adapters_scanned': 1, 'scan_duration_ms': 42}
   [Auto-sync] 269 active, 0 recalls, graph rebuilt
2026-08-12 08:58:04.757 | INFO     | selfmind_app.recall_capture.scanner:scan:66 - [RecallScanner] Starting scan since 2026-08-12 08:53:03.730638
2026-08-12 08:58:04.787 | INFO     | selfmind_app.recall_capture.scanner:scan:73 - [RecallScanner] hermes: found 0 events
2026-08-12 08:58:04.795 | INFO     | selfmind_app.recall_capture.scanner:scan:84 - [RecallScanner] Matched 0 entries from 0 events
2026-08-12 08:58:04.804 | INFO     | selfmind_app.recall_capture.scanner:scan:103 - [RecallScanner] Scan complete: {'events_found': 0, 'entries_matched': 0, 'recalls_recorded': 0, 'adapters_scanned': 1, 'scan_duration_ms': 47}
   [Auto-sync] 269 active, 0 recalls, graph rebuilt
2026-08-12 09:03:05.908 | INFO     | selfmind_app.recall_capture.scanner:scan:66 - [RecallScanner] Starting scan since 2026-08-12 08:58:04.803818
2026-08-12 09:03:05.935 | INFO     | selfmind_app.recall_capture.scanner:scan:73 - [RecallScanner] hermes: found 0 events
2026-08-12 09:03:05.943 | INFO     | selfmind_app.recall_capture.scanner:scan:84 - [RecallScanner] Matched 0 entries from 0 events
2026-08-12 09:03:05.949 | INFO     | selfmind_app.recall_capture.scanner:scan:103 - [RecallScanner] Scan complete: {'events_found': 0, 'entries_matched': 0, 'recalls_recorded': 0, 'adapters_scanned': 1, 'scan_duration_ms': 40}
   [Auto-sync] 269 active, 0 recalls, graph rebuilt
2026-08-12 09:08:06.943 | INFO     | selfmind_app.recall_capture.scanner:scan:66 - [RecallScanner] Starting scan since 2026-08-12 09:03:05.948993
2026-08-12 09:08:06.970 | INFO     | selfmind_app.recall_capture.scanner:scan:73 - [RecallScanner] hermes: found 0 events
2026-08-12 09:08:06.978 | INFO     | selfmind_app.recall_capture.scanner:scan:84 - [RecallScanner] Matched 0 entries from 0 events
2026-08-12 09:08:06.984 | INFO     | selfmind_app.recall_capture.scanner:scan:103 - [RecallScanner] Scan complete: {'events_found': 0, 'entries_matched': 0, 'recalls_recorded': 0, 'adapters_scanned': 1, 'scan_duration_ms': 41}
   [Auto-sync] 269 active, 0 recalls, graph rebuilt
2026-08-12 09:13:08.020 | INFO     | selfmind_app.recall_capture.scanner:scan:66 - [RecallScanner] Starting scan since 2026-08-12 09:08:06.983530
2026-08-12 09:13:08.048 | INFO     | selfmind_app.recall_capture.scanner:scan:73 - [RecallScanner] hermes: found 0 events
2026-08-12 09:13:08.055 | INFO     | selfmind_app.recall_capture.scanner:scan:84 - [RecallScanner] Matched 0 entries from 0 events
2026-08-12 09:13:08.062 | INFO     | selfmind_app.recall_capture.scanner:scan:103 - [RecallScanner] Scan complete: {'events_found': 0, 'entries_matched': 0, 'recalls_recorded': 0, 'adapters_scanned': 1, 'scan_duration_ms': 41}
   [Auto-sync] 269 active, 0 recalls, graph rebuilt
2026-08-12 09:18:09.183 | INFO     | selfmind_app.recall_capture.scanner:scan:66 - [RecallScanner] Starting scan since 2026-08-12 09:13:08.061411
2026-08-12 09:18:09.215 | INFO     | selfmind_app.recall_capture.scanner:scan:73 - [RecallScanner] hermes: found 0 events
2026-08-12 09:18:09.224 | INFO     | selfmind_app.recall_capture.scanner:scan:84 - [RecallScanner] Matched 0 entries from 0 events
2026-08-12 09:18:09.231 | INFO     | selfmind_app.recall_capture.scanner:scan:103 - [RecallScanner] Scan complete: {'events_found': 0, 'entries_matched': 0, 'recalls_recorded': 0, 'adapters_scanned': 1, 'scan_duration_ms': 48}
   [Auto-sync] 269 active, 0 recalls, graph rebuilt
2026-08-12 09:23:10.218 | INFO     | selfmind_app.recall_capture.scanner:scan:66 - [RecallScanner] Starting scan since 2026-08-12 09:18:09.230382
2026-08-12 09:23:10.244 | INFO     | selfmind_app.recall_capture.scanner:scan:73 - [RecallScanner] hermes: found 0 events
2026-08-12 09:23:10.252 | INFO     | selfmind_app.recall_capture.scanner:scan:84 - [RecallScanner] Matched 0 entries from 0 events
2026-08-12 09:23:10.259 | INFO     | selfmind_app.recall_capture.scanner:scan:103 - [RecallScanner] Scan complete: {'events_found': 0, 'entries_matched': 0, 'recalls_recorded': 0, 'adapters_scanned': 1, 'scan_duration_ms': 40}
   [Auto-sync] 269 active, 0 recalls, graph rebuilt
2026-08-12 09:28:11.223 | INFO     | selfmind_app.recall_capture.scanner:scan:66 - [RecallScanner] Starting scan since 2026-08-12 09:23:10.258460
2026-08-12 09:28:11.251 | INFO     | selfmind_app.recall_capture.scanner:scan:73 - [RecallScanner] hermes: found 0 events
2026-08-12 09:28:11.258 | INFO     | selfmind_app.recall_capture.scanner:scan:84 - [RecallScanner] Matched 0 entries from 0 events
2026-08-12 09:28:11.265 | INFO     | selfmind_app.recall_capture.scanner:scan:103 - [RecallScanner] Scan complete: {'events_found': 0, 'entries_matched': 0, 'recalls_recorded': 0, 'adapters_scanned': 1, 'scan_duration_ms': 41}
   [Auto-sync] 269 active, 0 recalls, graph rebuilt
2026-08-12 09:33:12.212 | INFO     | selfmind_app.recall_capture.scanner:scan:66 - [RecallScanner] Starting scan since 2026-08-12 09:28:11.264575
2026-08-12 09:33:12.242 | INFO     | selfmind_app.recall_capture.scanner:scan:73 - [RecallScanner] hermes: found 0 events
2026-08-12 09:33:12.249 | INFO     | selfmind_app.recall_capture.scanner:scan:84 - [RecallScanner] Matched 0 entries from 0 events
2026-08-12 09:33:12.256 | INFO     | selfmind_app.recall_capture.scanner:scan:103 - [RecallScanner] Scan complete: {'events_found': 0, 'entries_matched': 0, 'recalls_recorded': 0, 'adapters_scanned': 1, 'scan_duration_ms': 44}
   [Auto-sync] 269 active, 0 recalls, graph rebuilt
2026-08-12 09:38:13.145 | INFO     | selfmind_app.recall_capture.scanner:scan:66 - [RecallScanner] Starting scan since 2026-08-12 09:33:12.255770
2026-08-12 09:38:13.173 | INFO     | selfmind_app.recall_capture.scanner:scan:73 - [RecallScanner] hermes: found 0 events
2026-08-12 09:38:13.185 | INFO     | selfmind_app.recall_capture.scanner:scan:84 - [RecallScanner] Matched 0 entries from 0 events
2026-08-12 09:38:13.191 | INFO     | selfmind_app.recall_capture.scanner:scan:103 - [RecallScanner] Scan complete: {'events_found': 0, 'entries_matched': 0, 'recalls_recorded': 0, 'adapters_scanned': 1, 'scan_duration_ms': 46}
   [Auto-sync] 269 active, 0 recalls, graph rebuilt
2026-08-12 09:43:14.152 | INFO     | selfmind_app.recall_capture.scanner:scan:66 - [RecallScanner] Starting scan since 2026-08-12 09:38:13.191116
2026-08-12 09:43:14.180 | INFO     | selfmind_app.recall_capture.scanner:scan:73 - [RecallScanner] hermes: found 0 events
2026-08-12 09:43:14.192 | INFO     | selfmind_app.recall_capture.scanner:scan:84 - [RecallScanner] Matched 0 entries from 0 events
2026-08-12 09:43:14.199 | INFO     | selfmind_app.recall_capture.scanner:scan:103 - [RecallScanner] Scan complete: {'events_found': 0, 'entries_matched': 0, 'recalls_recorded': 0, 'adapters_scanned': 1, 'scan_duration_ms': 47}
   [Auto-sync] 269 active, 0 recalls, graph rebuilt
2026-08-12 09:48:15.134 | INFO     | selfmind_app.recall_capture.scanner:scan:66 - [RecallScanner] Starting scan since 2026-08-12 09:43:14.198283
2026-08-12 09:48:15.162 | INFO     | selfmind_app.recall_capture.scanner:scan:73 - [RecallScanner] hermes: found 0 events
2026-08-12 09:48:15.170 | INFO     | selfmind_app.recall_capture.scanner:scan:84 - [RecallScanner] Matched 0 entries from 0 events
2026-08-12 09:48:15.176 | INFO     | selfmind_app.recall_capture.scanner:scan:103 - [RecallScanner] Scan complete: {'events_found': 0, 'entries_matched': 0, 'recalls_recorded': 0, 'adapters_scanned': 1, 'scan_duration_ms': 42}
   [Auto-sync] 269 active, 0 recalls, graph rebuilt
2026-08-12 09:53:16.150 | INFO     | selfmind_app.recall_capture.scanner:scan:66 - [RecallScanner] Starting scan since 2026-08-12 09:48:15.175784
2026-08-12 09:53:16.177 | INFO     | selfmind_app.recall_capture.scanner:scan:73 - [RecallScanner] hermes: found 0 events
2026-08-12 09:53:16.184 | INFO     | selfmind_app.recall_capture.scanner:scan:84 - [RecallScanner] Matched 0 entries from 0 events
2026-08-12 09:53:16.191 | INFO     | selfmind_app.recall_capture.scanner:scan:103 - [RecallScanner] Scan complete: {'events_found': 0, 'entries_matched': 0, 'recalls_recorded': 0, 'adapters_scanned': 1, 'scan_duration_ms': 40}
   [Auto-sync] 269 active, 0 recalls, graph rebuilt
2026-08-12 09:58:17.132 | INFO     | selfmind_app.recall_capture.scanner:scan:66 - [RecallScanner] Starting scan since 2026-08-12 09:53:16.190620
2026-08-12 09:58:17.161 | INFO     | selfmind_app.recall_capture.scanner:scan:73 - [RecallScanner] hermes: found 0 events
2026-08-12 09:58:17.169 | INFO     | selfmind_app.recall_capture.scanner:scan:84 - [RecallScanner] Matched 0 entries from 0 events
2026-08-12 09:58:17.176 | INFO     | selfmind_app.recall_capture.scanner:scan:103 - [RecallScanner] Scan complete: {'events_found': 0, 'entries_matched': 0, 'recalls_recorded': 0, 'adapters_scanned': 1, 'scan_duration_ms': 44}
   [Auto-sync] 269 active, 0 recalls, graph rebuilt
2026-08-12 10:03:18.083 | INFO     | selfmind_app.recall_capture.scanner:scan:66 - [RecallScanner] Starting scan since 2026-08-12 09:58:17.175658
2026-08-12 10:03:18.111 | INFO     | selfmind_app.recall_capture.scanner:scan:73 - [RecallScanner] hermes: found 0 events
2026-08-12 10:03:18.118 | INFO     | selfmind_app.recall_capture.scanner:scan:84 - [RecallScanner] Matched 0 entries from 0 events
2026-08-12 10:03:18.124 | INFO     | selfmind_app.recall_capture.scanner:scan:103 - [RecallScanner] Scan complete: {'events_found': 0, 'entries_matched': 0, 'recalls_recorded': 0, 'adapters_scanned': 1, 'scan_duration_ms': 41}
   [Auto-sync] 269 active, 0 recalls, graph rebuilt
2026-08-12 10:08:19.085 | INFO     | selfmind_app.recall_capture.scanner:scan:66 - [RecallScanner] Starting scan since 2026-08-12 10:03:18.124191
2026-08-12 10:08:19.113 | INFO     | selfmind_app.recall_capture.scanner:scan:73 - [RecallScanner] hermes: found 0 events
2026-08-12 10:08:19.121 | INFO     | selfmind_app.recall_capture.scanner:scan:84 - [RecallScanner] Matched 0 entries from 0 events
2026-08-12 10:08:19.128 | INFO     | selfmind_app.recall_capture.scanner:scan:103 - [RecallScanner] Scan complete: {'events_found': 0, 'entries_matched': 0, 'recalls_recorded': 0, 'adapters_scanned': 1, 'scan_duration_ms': 42}
   [Auto-sync] 269 active, 0 recalls, graph rebuilt
2026-08-12 10:13:20.194 | INFO     | selfmind_app.recall_capture.scanner:scan:66 - [RecallScanner] Starting scan since 2026-08-12 10:08:19.127376
2026-08-12 10:13:20.222 | INFO     | selfmind_app.recall_capture.scanner:scan:73 - [RecallScanner] hermes: found 0 events
2026-08-12 10:13:20.230 | INFO     | selfmind_app.recall_capture.scanner:scan:84 - [RecallScanner] Matched 0 entries from 0 events
2026-08-12 10:13:20.236 | INFO     | selfmind_app.recall_capture.scanner:scan:103 - [RecallScanner] Scan complete: {'events_found': 0, 'entries_matched': 0, 'recalls_recorded': 0, 'adapters_scanned': 1, 'scan_duration_ms': 42}
   [Auto-sync] 269 active, 0 recalls, graph rebuilt
2026-08-12 10:18:21.151 | INFO     | selfmind_app.recall_capture.scanner:scan:66 - [RecallScanner] Starting scan since 2026-08-12 10:13:20.235866
2026-08-12 10:18:21.182 | INFO     | selfmind_app.recall_capture.scanner:scan:73 - [RecallScanner] hermes: found 0 events
2026-08-12 10:18:21.191 | INFO     | selfmind_app.recall_capture.scanner:scan:84 - [RecallScanner] Matched 0 entries from 0 events
2026-08-12 10:18:21.198 | INFO     | selfmind_app.recall_capture.scanner:scan:103 - [RecallScanner] Scan complete: {'events_found': 0, 'entries_matched': 0, 'recalls_recorded': 0, 'adapters_scanned': 1, 'scan_duration_ms': 46}
   [Auto-sync] 269 active, 0 recalls, graph rebuilt
2026-08-12 10:23:22.143 | INFO     | selfmind_app.recall_capture.scanner:scan:66 - [RecallScanner] Starting scan since 2026-08-12 10:18:21.197174
2026-08-12 10:23:22.177 | INFO     | selfmind_app.recall_capture.scanner:scan:73 - [RecallScanner] hermes: found 0 events
2026-08-12 10:23:22.185 | INFO     | selfmind_app.recall_capture.scanner:scan:84 - [RecallScanner] Matched 0 entries from 0 events
2026-08-12 10:23:22.192 | INFO     | selfmind_app.recall_capture.scanner:scan:103 - [RecallScanner] Scan complete: {'events_found': 0, 'entries_matched': 0, 'recalls_recorded': 0, 'adapters_scanned': 1, 'scan_duration_ms': 48}
   [Auto-sync] 269 active, 0 recalls, graph rebuilt
2026-08-12 10:28:23.111 | INFO     | selfmind_app.recall_capture.scanner:scan:66 - [RecallScanner] Starting scan since 2026-08-12 10:23:22.191597
2026-08-12 10:28:23.138 | INFO     | selfmind_app.recall_capture.scanner:scan:73 - [RecallScanner] hermes: found 0 events
2026-08-12 10:28:23.148 | INFO     | selfmind_app.recall_capture.scanner:scan:84 - [RecallScanner] Matched 0 entries from 0 events
2026-08-12 10:28:23.155 | INFO     | selfmind_app.recall_capture.scanner:scan:103 - [RecallScanner] Scan complete: {'events_found': 0, 'entries_matched': 0, 'recalls_recorded': 0, 'adapters_scanned': 1, 'scan_duration_ms': 44}
   [Auto-sync] 269 active, 0 recalls, graph rebuilt
2026-08-12 10:33:24.065 | INFO     | selfmind_app.recall_capture.scanner:scan:66 - [RecallScanner] Starting scan since 2026-08-12 10:28:23.154467
2026-08-12 10:33:24.095 | INFO     | selfmind_app.recall_capture.scanner:scan:73 - [RecallScanner] hermes: found 0 events
2026-08-12 10:33:24.102 | INFO     | selfmind_app.recall_capture.scanner:scan:84 - [RecallScanner] Matched 0 entries from 0 events
2026-08-12 10:33:24.109 | INFO     | selfmind_app.recall_capture.scanner:scan:103 - [RecallScanner] Scan complete: {'events_found': 0, 'entries_matched': 0, 'recalls_recorded': 0, 'adapters_scanned': 1, 'scan_duration_ms': 44}
   [Auto-sync] 269 active, 0 recalls, graph rebuilt
2026-08-12 10:38:25.168 | INFO     | selfmind_app.recall_capture.scanner:scan:66 - [RecallScanner] Starting scan since 2026-08-12 10:33:24.108991
2026-08-12 10:38:25.200 | INFO     | selfmind_app.recall_capture.scanner:scan:73 - [RecallScanner] hermes: found 0 events
2026-08-12 10:38:25.208 | INFO     | selfmind_app.recall_capture.scanner:scan:84 - [RecallScanner] Matched 0 entries from 0 events
2026-08-12 10:38:25.215 | INFO     | selfmind_app.recall_capture.scanner:scan:103 - [RecallScanner] Scan complete: {'events_found': 0, 'entries_matched': 0, 'recalls_recorded': 0, 'adapters_scanned': 1, 'scan_duration_ms': 48}
   [Auto-sync] 269 active, 0 recalls, graph rebuilt
2026-08-12 10:43:26.235 | INFO     | selfmind_app.recall_capture.scanner:scan:66 - [RecallScanner] Starting scan since 2026-08-12 10:38:25.214880
2026-08-12 10:43:26.268 | INFO     | selfmind_app.recall_capture.scanner:scan:73 - [RecallScanner] hermes: found 0 events
2026-08-12 10:43:26.275 | INFO     | selfmind_app.recall_capture.scanner:scan:84 - [RecallScanner] Matched 0 entries from 0 events
2026-08-12 10:43:26.283 | INFO     | selfmind_app.recall_capture.scanner:scan:103 - [RecallScanner] Scan complete: {'events_found': 0, 'entries_matched': 0, 'recalls_recorded': 0, 'adapters_scanned': 1, 'scan_duration_ms': 47}
   [Auto-sync] 269 active, 0 recalls, graph rebuilt
2026-08-12 10:48:27.330 | INFO     | selfmind_app.recall_capture.scanner:scan:66 - [RecallScanner] Starting scan since 2026-08-12 10:43:26.282343
2026-08-12 10:48:27.362 | INFO     | selfmind_app.recall_capture.scanner:scan:73 - [RecallScanner] hermes: found 0 events
2026-08-12 10:48:27.370 | INFO     | selfmind_app.recall_capture.scanner:scan:84 - [RecallScanner] Matched 0 entries from 0 events
2026-08-12 10:48:27.378 | INFO     | selfmind_app.recall_capture.scanner:scan:103 - [RecallScanner] Scan complete: {'events_found': 0, 'entries_matched': 0, 'recalls_recorded': 0, 'adapters_scanned': 1, 'scan_duration_ms': 48}
   [Auto-sync] 269 active, 0 recalls, graph rebuilt
2026-08-12 10:53:28.362 | INFO     | selfmind_app.recall_capture.scanner:scan:66 - [RecallScanner] Starting scan since 2026-08-12 10:48:27.377339
2026-08-12 10:53:28.399 | INFO     | selfmind_app.recall_capture.scanner:scan:73 - [RecallScanner] hermes: found 0 events
2026-08-12 10:53:28.408 | INFO     | selfmind_app.recall_capture.scanner:scan:84 - [RecallScanner] Matched 0 entries from 0 events
2026-08-12 10:53:28.415 | INFO     | selfmind_app.recall_capture.scanner:scan:103 - [RecallScanner] Scan complete: {'events_found': 0, 'entries_matched': 0, 'recalls_recorded': 0, 'adapters_scanned': 1, 'scan_duration_ms': 53}
   [Auto-sync] 269 active, 0 recalls, graph rebuilt
2026-08-12 10:58:29.412 | INFO     | selfmind_app.recall_capture.scanner:scan:66 - [RecallScanner] Starting scan since 2026-08-12 10:53:28.414562
2026-08-12 10:58:29.440 | INFO     | selfmind_app.recall_capture.scanner:scan:73 - [RecallScanner] hermes: found 0 events
2026-08-12 10:58:29.447 | INFO     | selfmind_app.recall_capture.scanner:scan:84 - [RecallScanner] Matched 0 entries from 0 events
2026-08-12 10:58:29.454 | INFO     | selfmind_app.recall_capture.scanner:scan:103 - [RecallScanner] Scan complete: {'events_found': 0, 'entries_matched': 0, 'recalls_recorded': 0, 'adapters_scanned': 1, 'scan_duration_ms': 41}
   [Auto-sync] 269 active, 0 recalls, graph rebuilt
2026-08-12 11:03:30.442 | INFO     | selfmind_app.recall_capture.scanner:scan:66 - [RecallScanner] Starting scan since 2026-08-12 10:58:29.453546
2026-08-12 11:03:30.470 | INFO     | selfmind_app.recall_capture.scanner:scan:73 - [RecallScanner] hermes: found 0 events
2026-08-12 11:03:30.477 | INFO     | selfmind_app.recall_capture.scanner:scan:84 - [RecallScanner] Matched 0 entries from 0 events
2026-08-12 11:03:30.484 | INFO     | selfmind_app.recall_capture.scanner:scan:103 - [RecallScanner] Scan complete: {'events_found': 0, 'entries_matched': 0, 'recalls_recorded': 0, 'adapters_scanned': 1, 'scan_duration_ms': 41}
   [Auto-sync] 269 active, 0 recalls, graph rebuilt
2026-08-12 11:08:31.484 | INFO     | selfmind_app.recall_capture.scanner:scan:66 - [RecallScanner] Starting scan since 2026-08-12 11:03:30.483362
2026-08-12 11:08:31.514 | INFO     | selfmind_app.recall_capture.scanner:scan:73 - [RecallScanner] hermes: found 0 events
2026-08-12 11:08:31.522 | INFO     | selfmind_app.recall_capture.scanner:scan:84 - [RecallScanner] Matched 0 entries from 0 events
2026-08-12 11:08:31.528 | INFO     | selfmind_app.recall_capture.scanner:scan:103 - [RecallScanner] Scan complete: {'events_found': 0, 'entries_matched': 0, 'recalls_recorded': 0, 'adapters_scanned': 1, 'scan_duration_ms': 44}
   [Auto-sync] 269 active, 0 recalls, graph rebuilt
2026-08-12 11:13:32.526 | INFO     | selfmind_app.recall_capture.scanner:scan:66 - [RecallScanner] Starting scan since 2026-08-12 11:08:31.528023
2026-08-12 11:13:32.553 | INFO     | selfmind_app.recall_capture.scanner:scan:73 - [RecallScanner] hermes: found 0 events
2026-08-12 11:13:32.562 | INFO     | selfmind_app.recall_capture.scanner:scan:84 - [RecallScanner] Matched 0 entries from 0 events
2026-08-12 11:13:32.569 | INFO     | selfmind_app.recall_capture.scanner:scan:103 - [RecallScanner] Scan complete: {'events_found': 0, 'entries_matched': 0, 'recalls_recorded': 0, 'adapters_scanned': 1, 'scan_duration_ms': 43}
   [Auto-sync] 269 active, 0 recalls, graph rebuilt
2026-08-12 11:18:33.533 | INFO     | selfmind_app.recall_capture.scanner:scan:66 - [RecallScanner] Starting scan since 2026-08-12 11:13:32.569340
2026-08-12 11:18:33.561 | INFO     | selfmind_app.recall_capture.scanner:scan:73 - [RecallScanner] hermes: found 0 events
2026-08-12 11:18:33.573 | INFO     | selfmind_app.recall_capture.scanner:scan:84 - [RecallScanner] Matched 0 entries from 0 events
2026-08-12 11:18:33.579 | INFO     | selfmind_app.recall_capture.scanner:scan:103 - [RecallScanner] Scan complete: {'events_found': 0, 'entries_matched': 0, 'recalls_recorded': 0, 'adapters_scanned': 1, 'scan_duration_ms': 46}
   [Auto-sync] 269 active, 0 recalls, graph rebuilt
2026-08-12 11:23:34.519 | INFO     | selfmind_app.recall_capture.scanner:scan:66 - [RecallScanner] Starting scan since 2026-08-12 11:18:33.578640
2026-08-12 11:23:34.547 | INFO     | selfmind_app.recall_capture.scanner:scan:73 - [RecallScanner] hermes: found 0 events
2026-08-12 11:23:34.555 | INFO     | selfmind_app.recall_capture.scanner:scan:84 - [RecallScanner] Matched 0 entries from 0 events
2026-08-12 11:23:34.561 | INFO     | selfmind_app.recall_capture.scanner:scan:103 - [RecallScanner] Scan complete: {'events_found': 0, 'entries_matched': 0, 'recalls_recorded': 0, 'adapters_scanned': 1, 'scan_duration_ms': 42}
   [Auto-sync] 269 active, 0 recalls, graph rebuilt
2026-08-12 11:28:35.560 | INFO     | selfmind_app.recall_capture.scanner:scan:66 - [RecallScanner] Starting scan since 2026-08-12 11:23:34.560999
2026-08-12 11:28:35.587 | INFO     | selfmind_app.recall_capture.scanner:scan:73 - [RecallScanner] hermes: found 0 events
2026-08-12 11:28:35.596 | INFO     | selfmind_app.recall_capture.scanner:scan:84 - [RecallScanner] Matched 0 entries from 0 events
2026-08-12 11:28:35.608 | INFO     | selfmind_app.recall_capture.scanner:scan:103 - [RecallScanner] Scan complete: {'events_found': 0, 'entries_matched': 0, 'recalls_recorded': 0, 'adapters_scanned': 1, 'scan_duration_ms': 47}
   [Auto-sync] 269 active, 0 recalls, graph rebuilt
2026-08-12 11:33:36.556 | INFO     | selfmind_app.recall_capture.scanner:scan:66 - [RecallScanner] Starting scan since 2026-08-12 11:28:35.607398
2026-08-12 11:33:36.583 | INFO     | selfmind_app.recall_capture.scanner:scan:73 - [RecallScanner] hermes: found 0 events
2026-08-12 11:33:36.591 | INFO     | selfmind_app.recall_capture.scanner:scan:84 - [RecallScanner] Matched 0 entries from 0 events
2026-08-12 11:33:36.600 | INFO     | selfmind_app.recall_capture.scanner:scan:103 - [RecallScanner] Scan complete: {'events_found': 0, 'entries_matched': 0, 'recalls_recorded': 0, 'adapters_scanned': 1, 'scan_duration_ms': 44}
   [Auto-sync] 269 active, 0 recalls, graph rebuilt
2026-08-12 11:38:37.552 | INFO     | selfmind_app.recall_capture.scanner:scan:66 - [RecallScanner] Starting scan since 2026-08-12 11:33:36.600283
2026-08-12 11:38:37.581 | INFO     | selfmind_app.recall_capture.scanner:scan:73 - [RecallScanner] hermes: found 0 events
2026-08-12 11:38:37.590 | INFO     | selfmind_app.recall_capture.scanner:scan:84 - [RecallScanner] Matched 0 entries from 0 events
2026-08-12 11:38:37.598 | INFO     | selfmind_app.recall_capture.scanner:scan:103 - [RecallScanner] Scan complete: {'events_found': 0, 'entries_matched': 0, 'recalls_recorded': 0, 'adapters_scanned': 1, 'scan_duration_ms': 45}
   [Auto-sync] 269 active, 0 recalls, graph rebuilt
2026-08-12 11:43:38.561 | INFO     | selfmind_app.recall_capture.scanner:scan:66 - [RecallScanner] Starting scan since 2026-08-12 11:38:37.596985
2026-08-12 11:43:38.589 | INFO     | selfmind_app.recall_capture.scanner:scan:73 - [RecallScanner] hermes: found 0 events
2026-08-12 11:43:38.596 | INFO     | selfmind_app.recall_capture.scanner:scan:84 - [RecallScanner] Matched 0 entries from 0 events
2026-08-12 11:43:38.603 | INFO     | selfmind_app.recall_capture.scanner:scan:103 - [RecallScanner] Scan complete: {'events_found': 0, 'entries_matched': 0, 'recalls_recorded': 0, 'adapters_scanned': 1, 'scan_duration_ms': 42}
   [Auto-sync] 269 active, 0 recalls, graph rebuilt
2026-08-12 11:48:39.562 | INFO     | selfmind_app.recall_capture.scanner:scan:66 - [RecallScanner] Starting scan since 2026-08-12 11:43:38.602595
2026-08-12 11:48:39.590 | INFO     | selfmind_app.recall_capture.scanner:scan:73 - [RecallScanner] hermes: found 0 events
2026-08-12 11:48:39.597 | INFO     | selfmind_app.recall_capture.scanner:scan:84 - [RecallScanner] Matched 0 entries from 0 events
2026-08-12 11:48:39.604 | INFO     | selfmind_app.recall_capture.scanner:scan:103 - [RecallScanner] Scan complete: {'events_found': 0, 'entries_matched': 0, 'recalls_recorded': 0, 'adapters_scanned': 1, 'scan_duration_ms': 41}
   [Auto-sync] 269 active, 0 recalls, graph rebuilt
2026-08-12 11:53:40.568 | INFO     | selfmind_app.recall_capture.scanner:scan:66 - [RecallScanner] Starting scan since 2026-08-12 11:48:39.603875
2026-08-12 11:53:40.596 | INFO     | selfmind_app.recall_capture.scanner:scan:73 - [RecallScanner] hermes: found 0 events
2026-08-12 11:53:40.603 | INFO     | selfmind_app.recall_capture.scanner:scan:84 - [RecallScanner] Matched 0 entries from 0 events
2026-08-12 11:53:40.609 | INFO     | selfmind_app.recall_capture.scanner:scan:103 - [RecallScanner] Scan complete: {'events_found': 0, 'entries_matched': 0, 'recalls_recorded': 0, 'adapters_scanned': 1, 'scan_duration_ms': 40}
   [Auto-sync] 269 active, 0 recalls, graph rebuilt
2026-08-12 11:58:41.602 | INFO     | selfmind_app.recall_capture.scanner:scan:66 - [RecallScanner] Starting scan since 2026-08-12 11:53:40.609076
2026-08-12 11:58:41.630 | INFO     | selfmind_app.recall_capture.scanner:scan:73 - [RecallScanner] hermes: found 0 events
2026-08-12 11:58:41.638 | INFO     | selfmind_app.recall_capture.scanner:scan:84 - [RecallScanner] Matched 0 entries from 0 events
2026-08-12 11:58:41.644 | INFO     | selfmind_app.recall_capture.scanner:scan:103 - [RecallScanner] Scan complete: {'events_found': 0, 'entries_matched': 0, 'recalls_recorded': 0, 'adapters_scanned': 1, 'scan_duration_ms': 41}
   [Auto-sync] 269 active, 0 recalls, graph rebuilt
2026-08-12 12:03:42.611 | INFO     | selfmind_app.recall_capture.scanner:scan:66 - [RecallScanner] Starting scan since 2026-08-12 11:58:41.643902
2026-08-12 12:03:42.641 | INFO     | selfmind_app.recall_capture.scanner:scan:73 - [RecallScanner] hermes: found 0 events
2026-08-12 12:03:42.648 | INFO     | selfmind_app.recall_capture.scanner:scan:84 - [RecallScanner] Matched 0 entries from 0 events
2026-08-12 12:03:42.654 | INFO     | selfmind_app.recall_capture.scanner:scan:103 - [RecallScanner] Scan complete: {'events_found': 0, 'entries_matched': 0, 'recalls_recorded': 0, 'adapters_scanned': 1, 'scan_duration_ms': 43}
   [Auto-sync] 269 active, 0 recalls, graph rebuilt
2026-08-12 12:08:43.620 | INFO     | selfmind_app.recall_capture.scanner:scan:66 - [RecallScanner] Starting scan since 2026-08-12 12:03:42.654195
2026-08-12 12:08:43.649 | INFO     | selfmind_app.recall_capture.scanner:scan:73 - [RecallScanner] hermes: found 0 events
2026-08-12 12:08:43.660 | INFO     | selfmind_app.recall_capture.scanner:scan:84 - [RecallScanner] Matched 0 entries from 0 events
2026-08-12 12:08:43.666 | INFO     | selfmind_app.recall_capture.scanner:scan:103 - [RecallScanner] Scan complete: {'events_found': 0, 'entries_matched': 0, 'recalls_recorded': 0, 'adapters_scanned': 1, 'scan_duration_ms': 46}
   [Auto-sync] 269 active, 0 recalls, graph rebuilt
2026-08-12 12:13:44.644 | INFO     | selfmind_app.recall_capture.scanner:scan:66 - [RecallScanner] Starting scan since 2026-08-12 12:08:43.666234
2026-08-12 12:13:44.675 | INFO     | selfmind_app.recall_capture.scanner:scan:73 - [RecallScanner] hermes: found 0 events
2026-08-12 12:13:44.683 | INFO     | selfmind_app.recall_capture.scanner:scan:84 - [RecallScanner] Matched 0 entries from 0 events
2026-08-12 12:13:44.690 | INFO     | selfmind_app.recall_capture.scanner:scan:103 - [RecallScanner] Scan complete: {'events_found': 0, 'entries_matched': 0, 'recalls_recorded': 0, 'adapters_scanned': 1, 'scan_duration_ms': 47}
   [Auto-sync] 269 active, 0 recalls, graph rebuilt
2026-08-12 12:18:45.611 | INFO     | selfmind_app.recall_capture.scanner:scan:66 - [RecallScanner] Starting scan since 2026-08-12 12:13:44.690012
2026-08-12 12:18:45.638 | INFO     | selfmind_app.recall_capture.scanner:scan:73 - [RecallScanner] hermes: found 0 events
2026-08-12 12:18:45.646 | INFO     | selfmind_app.recall_capture.scanner:scan:84 - [RecallScanner] Matched 0 entries from 0 events
2026-08-12 12:18:45.652 | INFO     | selfmind_app.recall_capture.scanner:scan:103 - [RecallScanner] Scan complete: {'events_found': 0, 'entries_matched': 0, 'recalls_recorded': 0, 'adapters_scanned': 1, 'scan_duration_ms': 41}
   [Auto-sync] 269 active, 0 recalls, graph rebuilt
2026-08-12 12:23:46.606 | INFO     | selfmind_app.recall_capture.scanner:scan:66 - [RecallScanner] Starting scan since 2026-08-12 12:18:45.652014
2026-08-12 12:23:46.632 | INFO     | selfmind_app.recall_capture.scanner:scan:73 - [RecallScanner] hermes: found 0 events
2026-08-12 12:23:46.643 | INFO     | selfmind_app.recall_capture.scanner:scan:84 - [RecallScanner] Matched 0 entries from 0 events
2026-08-12 12:23:46.649 | INFO     | selfmind_app.recall_capture.scanner:scan:103 - [RecallScanner] Scan complete: {'events_found': 0, 'entries_matched': 0, 'recalls_recorded': 0, 'adapters_scanned': 1, 'scan_duration_ms': 42}
   [Auto-sync] 269 active, 0 recalls, graph rebuilt
2026-08-12 12:28:47.651 | INFO     | selfmind_app.recall_capture.scanner:scan:66 - [RecallScanner] Starting scan since 2026-08-12 12:23:46.648683
2026-08-12 12:28:47.679 | INFO     | selfmind_app.recall_capture.scanner:scan:73 - [RecallScanner] hermes: found 0 events
2026-08-12 12:28:47.687 | INFO     | selfmind_app.recall_capture.scanner:scan:84 - [RecallScanner] Matched 0 entries from 0 events
2026-08-12 12:28:47.693 | INFO     | selfmind_app.recall_capture.scanner:scan:103 - [RecallScanner] Scan complete: {'events_found': 0, 'entries_matched': 0, 'recalls_recorded': 0, 'adapters_scanned': 1, 'scan_duration_ms': 41}
   [Auto-sync] 269 active, 0 recalls, graph rebuilt
2026-08-12 12:33:48.604 | INFO     | selfmind_app.recall_capture.scanner:scan:66 - [RecallScanner] Starting scan since 2026-08-12 12:28:47.693151
2026-08-12 12:33:48.635 | INFO     | selfmind_app.recall_capture.scanner:scan:73 - [RecallScanner] hermes: found 0 events
2026-08-12 12:33:48.642 | INFO     | selfmind_app.recall_capture.scanner:scan:84 - [RecallScanner] Matched 0 entries from 0 events
2026-08-12 12:33:48.650 | INFO     | selfmind_app.recall_capture.scanner:scan:103 - [RecallScanner] Scan complete: {'events_found': 0, 'entries_matched': 0, 'recalls_recorded': 0, 'adapters_scanned': 1, 'scan_duration_ms': 46}
   [Auto-sync] 269 active, 0 recalls, graph rebuilt
2026-08-12 12:38:49.719 | INFO     | selfmind_app.recall_capture.scanner:scan:66 - [RecallScanner] Starting scan since 2026-08-12 12:33:48.649109
2026-08-12 12:38:49.747 | INFO     | selfmind_app.recall_capture.scanner:scan:73 - [RecallScanner] hermes: found 0 events
2026-08-12 12:38:49.756 | INFO     | selfmind_app.recall_capture.scanner:scan:84 - [RecallScanner] Matched 0 entries from 0 events
2026-08-12 12:38:49.763 | INFO     | selfmind_app.recall_capture.scanner:scan:103 - [RecallScanner] Scan complete: {'events_found': 0, 'entries_matched': 0, 'recalls_recorded': 0, 'adapters_scanned': 1, 'scan_duration_ms': 44}
   [Auto-sync] 269 active, 0 recalls, graph rebuilt
2026-08-12 12:43:50.650 | INFO     | selfmind_app.recall_capture.scanner:scan:66 - [RecallScanner] Starting scan since 2026-08-12 12:38:49.762518
2026-08-12 12:43:50.676 | INFO     | selfmind_app.recall_capture.scanner:scan:73 - [RecallScanner] hermes: found 0 events
2026-08-12 12:43:50.684 | INFO     | selfmind_app.recall_capture.scanner:scan:84 - [RecallScanner] Matched 0 entries from 0 events
2026-08-12 12:43:50.690 | INFO     | selfmind_app.recall_capture.scanner:scan:103 - [RecallScanner] Scan complete: {'events_found': 0, 'entries_matched': 0, 'recalls_recorded': 0, 'adapters_scanned': 1, 'scan_duration_ms': 40}
   [Auto-sync] 269 active, 0 recalls, graph rebuilt
2026-08-12 12:48:51.811 | INFO     | selfmind_app.recall_capture.scanner:scan:66 - [RecallScanner] Starting scan since 2026-08-12 12:43:50.689631
2026-08-12 12:48:51.850 | INFO     | selfmind_app.recall_capture.scanner:scan:73 - [RecallScanner] hermes: found 0 events
2026-08-12 12:48:51.858 | INFO     | selfmind_app.recall_capture.scanner:scan:84 - [RecallScanner] Matched 0 entries from 0 events
2026-08-12 12:48:51.866 | INFO     | selfmind_app.recall_capture.scanner:scan:103 - [RecallScanner] Scan complete: {'events_found': 0, 'entries_matched': 0, 'recalls_recorded': 0, 'adapters_scanned': 1, 'scan_duration_ms': 54}
   [Auto-sync] 269 active, 0 recalls, graph rebuilt
2026-08-12 12:53:52.808 | INFO     | selfmind_app.recall_capture.scanner:scan:66 - [RecallScanner] Starting scan since 2026-08-12 12:48:51.865666
2026-08-12 12:53:52.835 | INFO     | selfmind_app.recall_capture.scanner:scan:73 - [RecallScanner] hermes: found 0 events
2026-08-12 12:53:52.843 | INFO     | selfmind_app.recall_capture.scanner:scan:84 - [RecallScanner] Matched 0 entries from 0 events
2026-08-12 12:53:52.850 | INFO     | selfmind_app.recall_capture.scanner:scan:103 - [RecallScanner] Scan complete: {'events_found': 0, 'entries_matched': 0, 'recalls_recorded': 0, 'adapters_scanned': 1, 'scan_duration_ms': 41}
   [Auto-sync] 269 active, 0 recalls, graph rebuilt
2026-08-12 12:58:53.793 | INFO     | selfmind_app.recall_capture.scanner:scan:66 - [RecallScanner] Starting scan since 2026-08-12 12:53:52.849228
2026-08-12 12:58:53.823 | INFO     | selfmind_app.recall_capture.scanner:scan:73 - [RecallScanner] hermes: found 0 events
2026-08-12 12:58:53.832 | INFO     | selfmind_app.recall_capture.scanner:scan:84 - [RecallScanner] Matched 0 entries from 0 events
2026-08-12 12:58:53.838 | INFO     | selfmind_app.recall_capture.scanner:scan:103 - [RecallScanner] Scan complete: {'events_found': 0, 'entries_matched': 0, 'recalls_recorded': 0, 'adapters_scanned': 1, 'scan_duration_ms': 44}
   [Auto-sync] 269 active, 0 recalls, graph rebuilt
2026-08-12 13:03:54.821 | INFO     | selfmind_app.recall_capture.scanner:scan:66 - [RecallScanner] Starting scan since 2026-08-12 12:58:53.837635
2026-08-12 13:03:54.849 | INFO     | selfmind_app.recall_capture.scanner:scan:73 - [RecallScanner] hermes: found 0 events
2026-08-12 13:03:54.860 | INFO     | selfmind_app.recall_capture.scanner:scan:84 - [RecallScanner] Matched 0 entries from 0 events
2026-08-12 13:03:54.869 | INFO     | selfmind_app.recall_capture.scanner:scan:103 - [RecallScanner] Scan complete: {'events_found': 0, 'entries_matched': 0, 'recalls_recorded': 0, 'adapters_scanned': 1, 'scan_duration_ms': 48}
   [Auto-sync] 269 active, 0 recalls, graph rebuilt
2026-08-12 13:08:55.926 | INFO     | selfmind_app.recall_capture.scanner:scan:66 - [RecallScanner] Starting scan since 2026-08-12 13:03:54.866195
2026-08-12 13:08:55.956 | INFO     | selfmind_app.recall_capture.scanner:scan:73 - [RecallScanner] hermes: found 0 events
2026-08-12 13:08:55.966 | INFO     | selfmind_app.recall_capture.scanner:scan:84 - [RecallScanner] Matched 0 entries from 0 events
2026-08-12 13:08:55.973 | INFO     | selfmind_app.recall_capture.scanner:scan:103 - [RecallScanner] Scan complete: {'events_found': 0, 'entries_matched': 0, 'recalls_recorded': 0, 'adapters_scanned': 1, 'scan_duration_ms': 47}
   [Auto-sync] 269 active, 0 recalls, graph rebuilt
2026-08-12 13:13:56.922 | INFO     | selfmind_app.recall_capture.scanner:scan:66 - [RecallScanner] Starting scan since 2026-08-12 13:08:55.972438
2026-08-12 13:13:56.951 | INFO     | selfmind_app.recall_capture.scanner:scan:73 - [RecallScanner] hermes: found 0 events
2026-08-12 13:13:56.958 | INFO     | selfmind_app.recall_capture.scanner:scan:84 - [RecallScanner] Matched 0 entries from 0 events
2026-08-12 13:13:56.964 | INFO     | selfmind_app.recall_capture.scanner:scan:103 - [RecallScanner] Scan complete: {'events_found': 0, 'entries_matched': 0, 'recalls_recorded': 0, 'adapters_scanned': 1, 'scan_duration_ms': 42}
   [Auto-sync] 269 active, 0 recalls, graph rebuilt
2026-08-12 13:18:57.920 | INFO     | selfmind_app.recall_capture.scanner:scan:66 - [RecallScanner] Starting scan since 2026-08-12 13:13:56.963956
2026-08-12 13:18:57.948 | INFO     | selfmind_app.recall_capture.scanner:scan:73 - [RecallScanner] hermes: found 0 events
2026-08-12 13:18:57.963 | INFO     | selfmind_app.recall_capture.scanner:scan:84 - [RecallScanner] Matched 0 entries from 0 events
2026-08-12 13:18:57.988 | INFO     | selfmind_app.recall_capture.scanner:scan:103 - [RecallScanner] Scan complete: {'events_found': 0, 'entries_matched': 0, 'recalls_recorded': 0, 'adapters_scanned': 1, 'scan_duration_ms': 67}
   [Auto-sync] 269 active, 0 recalls, graph rebuilt
2026-08-12 13:23:58.924 | INFO     | selfmind_app.recall_capture.scanner:scan:66 - [RecallScanner] Starting scan since 2026-08-12 13:18:57.987666
2026-08-12 13:23:58.957 | INFO     | selfmind_app.recall_capture.scanner:scan:73 - [RecallScanner] hermes: found 0 events
2026-08-12 13:23:58.964 | INFO     | selfmind_app.recall_capture.scanner:scan:84 - [RecallScanner] Matched 0 entries from 0 events
2026-08-12 13:23:58.971 | INFO     | selfmind_app.recall_capture.scanner:scan:103 - [RecallScanner] Scan complete: {'events_found': 0, 'entries_matched': 0, 'recalls_recorded': 0, 'adapters_scanned': 1, 'scan_duration_ms': 47}
   [Auto-sync] 269 active, 0 recalls, graph rebuilt
2026-08-12 13:28:59.946 | INFO     | selfmind_app.recall_capture.scanner:scan:66 - [RecallScanner] Starting scan since 2026-08-12 13:23:58.970994
2026-08-12 13:28:59.974 | INFO     | selfmind_app.recall_capture.scanner:scan:73 - [RecallScanner] hermes: found 0 events
2026-08-12 13:28:59.981 | INFO     | selfmind_app.recall_capture.scanner:scan:84 - [RecallScanner] Matched 0 entries from 0 events
2026-08-12 13:28:59.988 | INFO     | selfmind_app.recall_capture.scanner:scan:103 - [RecallScanner] Scan complete: {'events_found': 0, 'entries_matched': 0, 'recalls_recorded': 0, 'adapters_scanned': 1, 'scan_duration_ms': 41}
   [Auto-sync] 269 active, 0 recalls, graph rebuilt
2026-08-12 13:34:01.069 | INFO     | selfmind_app.recall_capture.scanner:scan:66 - [RecallScanner] Starting scan since 2026-08-12 13:28:59.987514
2026-08-12 13:34:01.100 | INFO     | selfmind_app.recall_capture.scanner:scan:73 - [RecallScanner] hermes: found 0 events
2026-08-12 13:34:01.108 | INFO     | selfmind_app.recall_capture.scanner:scan:84 - [RecallScanner] Matched 0 entries from 0 events
2026-08-12 13:34:01.115 | INFO     | selfmind_app.recall_capture.scanner:scan:103 - [RecallScanner] Scan complete: {'events_found': 0, 'entries_matched': 0, 'recalls_recorded': 0, 'adapters_scanned': 1, 'scan_duration_ms': 46}
   [Auto-sync] 269 active, 0 recalls, graph rebuilt
2026-08-12 13:39:02.059 | INFO     | selfmind_app.recall_capture.scanner:scan:66 - [RecallScanner] Starting scan since 2026-08-12 13:34:01.114284
2026-08-12 13:39:02.086 | INFO     | selfmind_app.recall_capture.scanner:scan:73 - [RecallScanner] hermes: found 0 events
2026-08-12 13:39:02.095 | INFO     | selfmind_app.recall_capture.scanner:scan:84 - [RecallScanner] Matched 0 entries from 0 events
2026-08-12 13:39:02.101 | INFO     | selfmind_app.recall_capture.scanner:scan:103 - [RecallScanner] Scan complete: {'events_found': 0, 'entries_matched': 0, 'recalls_recorded': 0, 'adapters_scanned': 1, 'scan_duration_ms': 42}
   [Auto-sync] 269 active, 0 recalls, graph rebuilt
2026-08-12 13:44:03.029 | INFO     | selfmind_app.recall_capture.scanner:scan:66 - [RecallScanner] Starting scan since 2026-08-12 13:39:02.100749
2026-08-12 13:44:03.058 | INFO     | selfmind_app.recall_capture.scanner:scan:73 - [RecallScanner] hermes: found 0 events
2026-08-12 13:44:03.068 | INFO     | selfmind_app.recall_capture.scanner:scan:84 - [RecallScanner] Matched 0 entries from 0 events
2026-08-12 13:44:03.075 | INFO     | selfmind_app.recall_capture.scanner:scan:103 - [RecallScanner] Scan complete: {'events_found': 0, 'entries_matched': 0, 'recalls_recorded': 0, 'adapters_scanned': 1, 'scan_duration_ms': 45}
   [Auto-sync] 269 active, 0 recalls, graph rebuilt
2026-08-12 13:49:04.069 | INFO     | selfmind_app.recall_capture.scanner:scan:66 - [RecallScanner] Starting scan since 2026-08-12 13:44:03.074496
2026-08-12 13:49:04.095 | INFO     | selfmind_app.recall_capture.scanner:scan:73 - [RecallScanner] hermes: found 0 events
2026-08-12 13:49:04.105 | INFO     | selfmind_app.recall_capture.scanner:scan:84 - [RecallScanner] Matched 0 entries from 0 events
2026-08-12 13:49:04.111 | INFO     | selfmind_app.recall_capture.scanner:scan:103 - [RecallScanner] Scan complete: {'events_found': 0, 'entries_matched': 0, 'recalls_recorded': 0, 'adapters_scanned': 1, 'scan_duration_ms': 42}
   [Auto-sync] 269 active, 0 recalls, graph rebuilt
2026-08-12 13:54:05.146 | INFO     | selfmind_app.recall_capture.scanner:scan:66 - [RecallScanner] Starting scan since 2026-08-12 13:49:04.110902
2026-08-12 13:54:05.172 | INFO     | selfmind_app.recall_capture.scanner:scan:73 - [RecallScanner] hermes: found 0 events
2026-08-12 13:54:05.180 | INFO     | selfmind_app.recall_capture.scanner:scan:84 - [RecallScanner] Matched 0 entries from 0 events
2026-08-12 13:54:05.186 | INFO     | selfmind_app.recall_capture.scanner:scan:103 - [RecallScanner] Scan complete: {'events_found': 0, 'entries_matched': 0, 'recalls_recorded': 0, 'adapters_scanned': 1, 'scan_duration_ms': 40}
   [Auto-sync] 269 active, 0 recalls, graph rebuilt
2026-08-12 13:59:06.149 | INFO     | selfmind_app.recall_capture.scanner:scan:66 - [RecallScanner] Starting scan since 2026-08-12 13:54:05.186201
2026-08-12 13:59:06.179 | INFO     | selfmind_app.recall_capture.scanner:scan:73 - [RecallScanner] hermes: found 0 events
2026-08-12 13:59:06.187 | INFO     | selfmind_app.recall_capture.scanner:scan:84 - [RecallScanner] Matched 0 entries from 0 events
2026-08-12 13:59:06.194 | INFO     | selfmind_app.recall_capture.scanner:scan:103 - [RecallScanner] Scan complete: {'events_found': 0, 'entries_matched': 0, 'recalls_recorded': 0, 'adapters_scanned': 1, 'scan_duration_ms': 45}
   [Auto-sync] 269 active, 0 recalls, graph rebuilt
2026-08-12 14:04:07.234 | INFO     | selfmind_app.recall_capture.scanner:scan:66 - [RecallScanner] Starting scan since 2026-08-12 13:59:06.193378
2026-08-12 14:04:07.264 | INFO     | selfmind_app.recall_capture.scanner:scan:73 - [RecallScanner] hermes: found 0 events
2026-08-12 14:04:07.275 | INFO     | selfmind_app.recall_capture.scanner:scan:84 - [RecallScanner] Matched 0 entries from 0 events
2026-08-12 14:04:07.282 | INFO     | selfmind_app.recall_capture.scanner:scan:103 - [RecallScanner] Scan complete: {'events_found': 0, 'entries_matched': 0, 'recalls_recorded': 0, 'adapters_scanned': 1, 'scan_duration_ms': 47}
   [Auto-sync] 269 active, 0 recalls, graph rebuilt
2026-08-12 14:09:08.141 | INFO     | selfmind_app.recall_capture.scanner:scan:66 - [RecallScanner] Starting scan since 2026-08-12 14:04:07.281332
2026-08-12 14:09:08.169 | INFO     | selfmind_app.recall_capture.scanner:scan:73 - [RecallScanner] hermes: found 0 events
2026-08-12 14:09:08.179 | INFO     | selfmind_app.recall_capture.scanner:scan:84 - [RecallScanner] Matched 0 entries from 0 events
2026-08-12 14:09:08.186 | INFO     | selfmind_app.recall_capture.scanner:scan:103 - [RecallScanner] Scan complete: {'events_found': 0, 'entries_matched': 0, 'recalls_recorded': 0, 'adapters_scanned': 1, 'scan_duration_ms': 44}
   [Auto-sync] 269 active, 0 recalls, graph rebuilt
2026-08-12 14:14:09.131 | INFO     | selfmind_app.recall_capture.scanner:scan:66 - [RecallScanner] Starting scan since 2026-08-12 14:09:08.185436
2026-08-12 14:14:09.159 | INFO     | selfmind_app.recall_capture.scanner:scan:73 - [RecallScanner] hermes: found 0 events
2026-08-12 14:14:09.166 | INFO     | selfmind_app.recall_capture.scanner:scan:84 - [RecallScanner] Matched 0 entries from 0 events
2026-08-12 14:14:09.174 | INFO     | selfmind_app.recall_capture.scanner:scan:103 - [RecallScanner] Scan complete: {'events_found': 0, 'entries_matched': 0, 'recalls_recorded': 0, 'adapters_scanned': 1, 'scan_duration_ms': 42}
   [Auto-sync] 269 active, 0 recalls, graph rebuilt
2026-08-12 14:19:10.184 | INFO     | selfmind_app.recall_capture.scanner:scan:66 - [RecallScanner] Starting scan since 2026-08-12 14:14:09.173606
2026-08-12 14:19:10.214 | INFO     | selfmind_app.recall_capture.scanner:scan:73 - [RecallScanner] hermes: found 0 events
2026-08-12 14:19:10.222 | INFO     | selfmind_app.recall_capture.scanner:scan:84 - [RecallScanner] Matched 0 entries from 0 events
2026-08-12 14:19:10.229 | INFO     | selfmind_app.recall_capture.scanner:scan:103 - [RecallScanner] Scan complete: {'events_found': 0, 'entries_matched': 0, 'recalls_recorded': 0, 'adapters_scanned': 1, 'scan_duration_ms': 46}
   [Auto-sync] 269 active, 0 recalls, graph rebuilt
2026-08-12 14:24:11.264 | INFO     | selfmind_app.recall_capture.scanner:scan:66 - [RecallScanner] Starting scan since 2026-08-12 14:19:10.229250
2026-08-12 14:24:11.292 | INFO     | selfmind_app.recall_capture.scanner:scan:73 - [RecallScanner] hermes: found 0 events
2026-08-12 14:24:11.299 | INFO     | selfmind_app.recall_capture.scanner:scan:84 - [RecallScanner] Matched 0 entries from 0 events
2026-08-12 14:24:11.305 | INFO     | selfmind_app.recall_capture.scanner:scan:103 - [RecallScanner] Scan complete: {'events_found': 0, 'entries_matched': 0, 'recalls_recorded': 0, 'adapters_scanned': 1, 'scan_duration_ms': 41}
   [Auto-sync] 269 active, 0 recalls, graph rebuilt
2026-08-12 14:29:12.316 | INFO     | selfmind_app.recall_capture.scanner:scan:66 - [RecallScanner] Starting scan since 2026-08-12 14:24:11.305234
2026-08-12 14:29:12.349 | INFO     | selfmind_app.recall_capture.scanner:scan:73 - [RecallScanner] hermes: found 0 events
2026-08-12 14:29:12.357 | INFO     | selfmind_app.recall_capture.scanner:scan:84 - [RecallScanner] Matched 0 entries from 0 events
2026-08-12 14:29:12.365 | INFO     | selfmind_app.recall_capture.scanner:scan:103 - [RecallScanner] Scan complete: {'events_found': 0, 'entries_matched': 0, 'recalls_recorded': 0, 'adapters_scanned': 1, 'scan_duration_ms': 49}
   [Auto-sync] 269 active, 0 recalls, graph rebuilt
2026-08-12 14:34:13.294 | INFO     | selfmind_app.recall_capture.scanner:scan:66 - [RecallScanner] Starting scan since 2026-08-12 14:29:12.364446
2026-08-12 14:34:13.329 | INFO     | selfmind_app.recall_capture.scanner:scan:73 - [RecallScanner] hermes: found 0 events
2026-08-12 14:34:13.337 | INFO     | selfmind_app.recall_capture.scanner:scan:84 - [RecallScanner] Matched 0 entries from 0 events
2026-08-12 14:34:13.344 | INFO     | selfmind_app.recall_capture.scanner:scan:103 - [RecallScanner] Scan complete: {'events_found': 0, 'entries_matched': 0, 'recalls_recorded': 0, 'adapters_scanned': 1, 'scan_duration_ms': 50}
   [Auto-sync] 269 active, 0 recalls, graph rebuilt
2026-08-12 14:39:14.508 | INFO     | selfmind_app.recall_capture.scanner:scan:66 - [RecallScanner] Starting scan since 2026-08-12 14:34:13.343831
2026-08-12 14:39:14.537 | INFO     | selfmind_app.recall_capture.scanner:scan:73 - [RecallScanner] hermes: found 0 events
2026-08-12 14:39:14.546 | INFO     | selfmind_app.recall_capture.scanner:scan:84 - [RecallScanner] Matched 0 entries from 0 events
2026-08-12 14:39:14.553 | INFO     | selfmind_app.recall_capture.scanner:scan:103 - [RecallScanner] Scan complete: {'events_found': 0, 'entries_matched': 0, 'recalls_recorded': 0, 'adapters_scanned': 1, 'scan_duration_ms': 45}
   [Auto-sync] 269 active, 0 recalls, graph rebuilt
2026-08-12 14:44:15.499 | INFO     | selfmind_app.recall_capture.scanner:scan:66 - [RecallScanner] Starting scan since 2026-08-12 14:39:14.552799
2026-08-12 14:44:15.528 | INFO     | selfmind_app.recall_capture.scanner:scan:73 - [RecallScanner] hermes: found 0 events
2026-08-12 14:44:15.535 | INFO     | selfmind_app.recall_capture.scanner:scan:84 - [RecallScanner] Matched 0 entries from 0 events
2026-08-12 14:44:15.541 | INFO     | selfmind_app.recall_capture.scanner:scan:103 - [RecallScanner] Scan complete: {'events_found': 0, 'entries_matched': 0, 'recalls_recorded': 0, 'adapters_scanned': 1, 'scan_duration_ms': 42}
   [Auto-sync] 269 active, 0 recalls, graph rebuilt
2026-08-12 14:49:16.478 | INFO     | selfmind_app.recall_capture.scanner:scan:66 - [RecallScanner] Starting scan since 2026-08-12 14:44:15.540918
2026-08-12 14:49:16.506 | INFO     | selfmind_app.recall_capture.scanner:scan:73 - [RecallScanner] hermes: found 0 events
2026-08-12 14:49:16.514 | INFO     | selfmind_app.recall_capture.scanner:scan:84 - [RecallScanner] Matched 0 entries from 0 events
2026-08-12 14:49:16.521 | INFO     | selfmind_app.recall_capture.scanner:scan:103 - [RecallScanner] Scan complete: {'events_found': 0, 'entries_matched': 0, 'recalls_recorded': 0, 'adapters_scanned': 1, 'scan_duration_ms': 43}
   [Auto-sync] 269 active, 0 recalls, graph rebuilt
2026-08-12 14:54:17.576 | INFO     | selfmind_app.recall_capture.scanner:scan:66 - [RecallScanner] Starting scan since 2026-08-12 14:49:16.520461
2026-08-12 14:54:17.604 | INFO     | selfmind_app.recall_capture.scanner:scan:73 - [RecallScanner] hermes: found 0 events
2026-08-12 14:54:17.613 | INFO     | selfmind_app.recall_capture.scanner:scan:84 - [RecallScanner] Matched 0 entries from 0 events
2026-08-12 14:54:17.620 | INFO     | selfmind_app.recall_capture.scanner:scan:103 - [RecallScanner] Scan complete: {'events_found': 0, 'entries_matched': 0, 'recalls_recorded': 0, 'adapters_scanned': 1, 'scan_duration_ms': 44}
   [Auto-sync] 269 active, 0 recalls, graph rebuilt
2026-08-12 14:59:18.545 | INFO     | selfmind_app.recall_capture.scanner:scan:66 - [RecallScanner] Starting scan since 2026-08-12 14:54:17.619520
2026-08-12 14:59:18.573 | INFO     | selfmind_app.recall_capture.scanner:scan:73 - [RecallScanner] hermes: found 0 events
2026-08-12 14:59:18.580 | INFO     | selfmind_app.recall_capture.scanner:scan:84 - [RecallScanner] Matched 0 entries from 0 events
2026-08-12 14:59:18.587 | INFO     | selfmind_app.recall_capture.scanner:scan:103 - [RecallScanner] Scan complete: {'events_found': 0, 'entries_matched': 0, 'recalls_recorded': 0, 'adapters_scanned': 1, 'scan_duration_ms': 41}
   [Auto-sync] 269 active, 0 recalls, graph rebuilt
2026-08-12 15:04:19.579 | INFO     | selfmind_app.recall_capture.scanner:scan:66 - [RecallScanner] Starting scan since 2026-08-12 14:59:18.586711
2026-08-12 15:04:19.612 | INFO     | selfmind_app.recall_capture.scanner:scan:73 - [RecallScanner] hermes: found 0 events
2026-08-12 15:04:19.621 | INFO     | selfmind_app.recall_capture.scanner:scan:84 - [RecallScanner] Matched 0 entries from 0 events
2026-08-12 15:04:19.628 | INFO     | selfmind_app.recall_capture.scanner:scan:103 - [RecallScanner] Scan complete: {'events_found': 0, 'entries_matched': 0, 'recalls_recorded': 0, 'adapters_scanned': 1, 'scan_duration_ms': 49}
   [Auto-sync] 269 active, 0 recalls, graph rebuilt
2026-08-12 15:09:20.588 | INFO     | selfmind_app.recall_capture.scanner:scan:66 - [RecallScanner] Starting scan since 2026-08-12 15:04:19.627721
2026-08-12 15:09:20.616 | INFO     | selfmind_app.recall_capture.scanner:scan:73 - [RecallScanner] hermes: found 0 events
2026-08-12 15:09:20.630 | INFO     | selfmind_app.recall_capture.scanner:scan:84 - [RecallScanner] Matched 0 entries from 0 events
2026-08-12 15:09:20.638 | INFO     | selfmind_app.recall_capture.scanner:scan:103 - [RecallScanner] Scan complete: {'events_found': 0, 'entries_matched': 0, 'recalls_recorded': 0, 'adapters_scanned': 1, 'scan_duration_ms': 50}
   [Auto-sync] 269 active, 0 recalls, graph rebuilt
2026-08-12 15:14:21.506 | INFO     | selfmind_app.recall_capture.scanner:scan:66 - [RecallScanner] Starting scan since 2026-08-12 15:09:20.637412
2026-08-12 15:14:21.533 | INFO     | selfmind_app.recall_capture.scanner:scan:73 - [RecallScanner] hermes: found 0 events
2026-08-12 15:14:21.540 | INFO     | selfmind_app.recall_capture.scanner:scan:84 - [RecallScanner] Matched 0 entries from 0 events
2026-08-12 15:14:21.548 | INFO     | selfmind_app.recall_capture.scanner:scan:103 - [RecallScanner] Scan complete: {'events_found': 0, 'entries_matched': 0, 'recalls_recorded': 0, 'adapters_scanned': 1, 'scan_duration_ms': 41}
   [Auto-sync] 269 active, 0 recalls, graph rebuilt
2026-08-12 15:19:22.553 | INFO     | selfmind_app.recall_capture.scanner:scan:66 - [RecallScanner] Starting scan since 2026-08-12 15:14:21.547167
2026-08-12 15:19:22.581 | INFO     | selfmind_app.recall_capture.scanner:scan:73 - [RecallScanner] hermes: found 0 events
2026-08-12 15:19:22.588 | INFO     | selfmind_app.recall_capture.scanner:scan:84 - [RecallScanner] Matched 0 entries from 0 events
2026-08-12 15:19:22.596 | INFO     | selfmind_app.recall_capture.scanner:scan:103 - [RecallScanner] Scan complete: {'events_found': 0, 'entries_matched': 0, 'recalls_recorded': 0, 'adapters_scanned': 1, 'scan_duration_ms': 42}
   [Auto-sync] 269 active, 0 recalls, graph rebuilt
2026-08-12 15:24:23.528 | INFO     | selfmind_app.recall_capture.scanner:scan:66 - [RecallScanner] Starting scan since 2026-08-12 15:19:22.595522
2026-08-12 15:24:23.558 | INFO     | selfmind_app.recall_capture.scanner:scan:73 - [RecallScanner] hermes: found 0 events
2026-08-12 15:24:23.566 | INFO     | selfmind_app.recall_capture.scanner:scan:84 - [RecallScanner] Matched 0 entries from 0 events
2026-08-12 15:24:23.572 | INFO     | selfmind_app.recall_capture.scanner:scan:103 - [RecallScanner] Scan complete: {'events_found': 0, 'entries_matched': 0, 'recalls_recorded': 0, 'adapters_scanned': 1, 'scan_duration_ms': 44}
   [Auto-sync] 269 active, 0 recalls, graph rebuilt
2026-08-12 15:29:24.569 | INFO     | selfmind_app.recall_capture.scanner:scan:66 - [RecallScanner] Starting scan since 2026-08-12 15:24:23.571917
2026-08-12 15:29:24.597 | INFO     | selfmind_app.recall_capture.scanner:scan:73 - [RecallScanner] hermes: found 0 events
2026-08-12 15:29:24.605 | INFO     | selfmind_app.recall_capture.scanner:scan:84 - [RecallScanner] Matched 0 entries from 0 events
2026-08-12 15:29:24.611 | INFO     | selfmind_app.recall_capture.scanner:scan:103 - [RecallScanner] Scan complete: {'events_found': 0, 'entries_matched': 0, 'recalls_recorded': 0, 'adapters_scanned': 1, 'scan_duration_ms': 41}
   [Auto-sync] 269 active, 0 recalls, graph rebuilt
2026-08-12 15:34:25.815 | INFO     | selfmind_app.recall_capture.scanner:scan:66 - [RecallScanner] Starting scan since 2026-08-12 15:29:24.610938
2026-08-12 15:34:25.847 | INFO     | selfmind_app.recall_capture.scanner:scan:73 - [RecallScanner] hermes: found 0 events
2026-08-12 15:34:25.860 | INFO     | selfmind_app.recall_capture.scanner:scan:84 - [RecallScanner] Matched 0 entries from 0 events
2026-08-12 15:34:25.868 | INFO     | selfmind_app.recall_capture.scanner:scan:103 - [RecallScanner] Scan complete: {'events_found': 0, 'entries_matched': 0, 'recalls_recorded': 0, 'adapters_scanned': 1, 'scan_duration_ms': 53}
   [Auto-sync] 269 active, 0 recalls, graph rebuilt
2026-08-12 15:39:26.871 | INFO     | selfmind_app.recall_capture.scanner:scan:66 - [RecallScanner] Starting scan since 2026-08-12 15:34:25.867807
2026-08-12 15:39:26.898 | INFO     | selfmind_app.recall_capture.scanner:scan:73 - [RecallScanner] hermes: found 0 events
2026-08-12 15:39:26.906 | INFO     | selfmind_app.recall_capture.scanner:scan:84 - [RecallScanner] Matched 0 entries from 0 events
2026-08-12 15:39:26.912 | INFO     | selfmind_app.recall_capture.scanner:scan:103 - [RecallScanner] Scan complete: {'events_found': 0, 'entries_matched': 0, 'recalls_recorded': 0, 'adapters_scanned': 1, 'scan_duration_ms': 41}
   [Auto-sync] 269 active, 0 recalls, graph rebuilt
2026-08-12 15:44:27.900 | INFO     | selfmind_app.recall_capture.scanner:scan:66 - [RecallScanner] Starting scan since 2026-08-12 15:39:26.912045
2026-08-12 15:44:27.924 | INFO     | selfmind_app.recall_capture.scanner:scan:73 - [RecallScanner] hermes: found 0 events
2026-08-12 15:44:27.932 | INFO     | selfmind_app.recall_capture.scanner:scan:84 - [RecallScanner] Matched 0 entries from 0 events
2026-08-12 15:44:27.938 | INFO     | selfmind_app.recall_capture.scanner:scan:103 - [RecallScanner] Scan complete: {'events_found': 0, 'entries_matched': 0, 'recalls_recorded': 0, 'adapters_scanned': 1, 'scan_duration_ms': 37}
   [Auto-sync] 269 active, 0 recalls, graph rebuilt
2026-08-12 15:49:28.897 | INFO     | selfmind_app.recall_capture.scanner:scan:66 - [RecallScanner] Starting scan since 2026-08-12 15:44:27.937999
2026-08-12 15:49:28.927 | INFO     | selfmind_app.recall_capture.scanner:scan:73 - [RecallScanner] hermes: found 0 events
2026-08-12 15:49:28.937 | INFO     | selfmind_app.recall_capture.scanner:scan:84 - [RecallScanner] Matched 0 entries from 0 events
2026-08-12 15:49:28.944 | INFO     | selfmind_app.recall_capture.scanner:scan:103 - [RecallScanner] Scan complete: {'events_found': 0, 'entries_matched': 0, 'recalls_recorded': 0, 'adapters_scanned': 1, 'scan_duration_ms': 46}
   [Auto-sync] 269 active, 0 recalls, graph rebuilt
2026-08-12 15:54:29.909 | INFO     | selfmind_app.recall_capture.scanner:scan:66 - [RecallScanner] Starting scan since 2026-08-12 15:49:28.943599
2026-08-12 15:54:29.940 | INFO     | selfmind_app.recall_capture.scanner:scan:73 - [RecallScanner] hermes: found 0 events
2026-08-12 15:54:29.954 | INFO     | selfmind_app.recall_capture.scanner:scan:84 - [RecallScanner] Matched 0 entries from 0 events
2026-08-12 15:54:29.961 | INFO     | selfmind_app.recall_capture.scanner:scan:103 - [RecallScanner] Scan complete: {'events_found': 0, 'entries_matched': 0, 'recalls_recorded': 0, 'adapters_scanned': 1, 'scan_duration_ms': 52}
   [Auto-sync] 269 active, 0 recalls, graph rebuilt
2026-08-12 15:59:30.923 | INFO     | selfmind_app.recall_capture.scanner:scan:66 - [RecallScanner] Starting scan since 2026-08-12 15:54:29.960410
2026-08-12 15:59:30.951 | INFO     | selfmind_app.recall_capture.scanner:scan:73 - [RecallScanner] hermes: found 0 events
2026-08-12 15:59:30.958 | INFO     | selfmind_app.recall_capture.scanner:scan:84 - [RecallScanner] Matched 0 entries from 0 events
2026-08-12 15:59:30.965 | INFO     | selfmind_app.recall_capture.scanner:scan:103 - [RecallScanner] Scan complete: {'events_found': 0, 'entries_matched': 0, 'recalls_recorded': 0, 'adapters_scanned': 1, 'scan_duration_ms': 41}
   [Auto-sync] 269 active, 0 recalls, graph rebuilt
2026-08-12 16:04:31.893 | INFO     | selfmind_app.recall_capture.scanner:scan:66 - [RecallScanner] Starting scan since 2026-08-12 15:59:30.964609
2026-08-12 16:04:31.920 | INFO     | selfmind_app.recall_capture.scanner:scan:73 - [RecallScanner] hermes: found 0 events
2026-08-12 16:04:31.928 | INFO     | selfmind_app.recall_capture.scanner:scan:84 - [RecallScanner] Matched 0 entries from 0 events
2026-08-12 16:04:31.936 | INFO     | selfmind_app.recall_capture.scanner:scan:103 - [RecallScanner] Scan complete: {'events_found': 0, 'entries_matched': 0, 'recalls_recorded': 0, 'adapters_scanned': 1, 'scan_duration_ms': 43}
   [Auto-sync] 269 active, 0 recalls, graph rebuilt
2026-08-12 16:09:32.892 | INFO     | selfmind_app.recall_capture.scanner:scan:66 - [RecallScanner] Starting scan since 2026-08-12 16:04:31.935319
2026-08-12 16:09:32.919 | INFO     | selfmind_app.recall_capture.scanner:scan:73 - [RecallScanner] hermes: found 0 events
2026-08-12 16:09:32.931 | INFO     | selfmind_app.recall_capture.scanner:scan:84 - [RecallScanner] Matched 0 entries from 0 events
2026-08-12 16:09:32.937 | INFO     | selfmind_app.recall_capture.scanner:scan:103 - [RecallScanner] Scan complete: {'events_found': 0, 'entries_matched': 0, 'recalls_recorded': 0, 'adapters_scanned': 1, 'scan_duration_ms': 45}
   [Auto-sync] 269 active, 0 recalls, graph rebuilt
2026-08-12 16:14:33.866 | INFO     | selfmind_app.recall_capture.scanner:scan:66 - [RecallScanner] Starting scan since 2026-08-12 16:09:32.937103
2026-08-12 16:14:33.895 | INFO     | selfmind_app.recall_capture.scanner:scan:73 - [RecallScanner] hermes: found 0 events
2026-08-12 16:14:33.903 | INFO     | selfmind_app.recall_capture.scanner:scan:84 - [RecallScanner] Matched 0 entries from 0 events
2026-08-12 16:14:33.910 | INFO     | selfmind_app.recall_capture.scanner:scan:103 - [RecallScanner] Scan complete: {'events_found': 0, 'entries_matched': 0, 'recalls_recorded': 0, 'adapters_scanned': 1, 'scan_duration_ms': 44}
   [Auto-sync] 269 active, 0 recalls, graph rebuilt
2026-08-12 16:19:34.880 | INFO     | selfmind_app.recall_capture.scanner:scan:66 - [RecallScanner] Starting scan since 2026-08-12 16:14:33.909614
2026-08-12 16:19:34.910 | INFO     | selfmind_app.recall_capture.scanner:scan:73 - [RecallScanner] hermes: found 0 events
2026-08-12 16:19:34.919 | INFO     | selfmind_app.recall_capture.scanner:scan:84 - [RecallScanner] Matched 0 entries from 0 events
2026-08-12 16:19:34.926 | INFO     | selfmind_app.recall_capture.scanner:scan:103 - [RecallScanner] Scan complete: {'events_found': 0, 'entries_matched': 0, 'recalls_recorded': 0, 'adapters_scanned': 1, 'scan_duration_ms': 45}
   [Auto-sync] 269 active, 0 recalls, graph rebuilt
2026-08-12 16:24:35.876 | INFO     | selfmind_app.recall_capture.scanner:scan:66 - [RecallScanner] Starting scan since 2026-08-12 16:19:34.925601
2026-08-12 16:24:35.905 | INFO     | selfmind_app.recall_capture.scanner:scan:73 - [RecallScanner] hermes: found 0 events
2026-08-12 16:24:35.912 | INFO     | selfmind_app.recall_capture.scanner:scan:84 - [RecallScanner] Matched 0 entries from 0 events
2026-08-12 16:24:35.918 | INFO     | selfmind_app.recall_capture.scanner:scan:103 - [RecallScanner] Scan complete: {'events_found': 0, 'entries_matched': 0, 'recalls_recorded': 0, 'adapters_scanned': 1, 'scan_duration_ms': 42}
   [Auto-sync] 269 active, 0 recalls, graph rebuilt
2026-08-12 16:29:36.909 | INFO     | selfmind_app.recall_capture.scanner:scan:66 - [RecallScanner] Starting scan since 2026-08-12 16:24:35.918050
2026-08-12 16:29:36.938 | INFO     | selfmind_app.recall_capture.scanner:scan:73 - [RecallScanner] hermes: found 0 events
2026-08-12 16:29:36.946 | INFO     | selfmind_app.recall_capture.scanner:scan:84 - [RecallScanner] Matched 0 entries from 0 events
2026-08-12 16:29:36.952 | INFO     | selfmind_app.recall_capture.scanner:scan:103 - [RecallScanner] Scan complete: {'events_found': 0, 'entries_matched': 0, 'recalls_recorded': 0, 'adapters_scanned': 1, 'scan_duration_ms': 43}
   [Auto-sync] 269 active, 0 recalls, graph rebuilt
2026-08-12 16:34:37.905 | INFO     | selfmind_app.recall_capture.scanner:scan:66 - [RecallScanner] Starting scan since 2026-08-12 16:29:36.952246
2026-08-12 16:34:37.938 | INFO     | selfmind_app.recall_capture.scanner:scan:73 - [RecallScanner] hermes: found 0 events
2026-08-12 16:34:37.946 | INFO     | selfmind_app.recall_capture.scanner:scan:84 - [RecallScanner] Matched 0 entries from 0 events
2026-08-12 16:34:37.953 | INFO     | selfmind_app.recall_capture.scanner:scan:103 - [RecallScanner] Scan complete: {'events_found': 0, 'entries_matched': 0, 'recalls_recorded': 0, 'adapters_scanned': 1, 'scan_duration_ms': 48}
   [Auto-sync] 269 active, 0 recalls, graph rebuilt
2026-08-12 16:39:38.917 | INFO     | selfmind_app.recall_capture.scanner:scan:66 - [RecallScanner] Starting scan since 2026-08-12 16:34:37.952895
2026-08-12 16:39:38.945 | INFO     | selfmind_app.recall_capture.scanner:scan:73 - [RecallScanner] hermes: found 0 events
2026-08-12 16:39:38.953 | INFO     | selfmind_app.recall_capture.scanner:scan:84 - [RecallScanner] Matched 0 entries from 0 events
2026-08-12 16:39:38.960 | INFO     | selfmind_app.recall_capture.scanner:scan:103 - [RecallScanner] Scan complete: {'events_found': 0, 'entries_matched': 0, 'recalls_recorded': 0, 'adapters_scanned': 1, 'scan_duration_ms': 42}
   [Auto-sync] 269 active, 0 recalls, graph rebuilt
2026-08-12 16:44:39.915 | INFO     | selfmind_app.recall_capture.scanner:scan:66 - [RecallScanner] Starting scan since 2026-08-12 16:39:38.959475
2026-08-12 16:44:39.944 | INFO     | selfmind_app.recall_capture.scanner:scan:73 - [RecallScanner] hermes: found 0 events
2026-08-12 16:44:39.952 | INFO     | selfmind_app.recall_capture.scanner:scan:84 - [RecallScanner] Matched 0 entries from 0 events
2026-08-12 16:44:39.959 | INFO     | selfmind_app.recall_capture.scanner:scan:103 - [RecallScanner] Scan complete: {'events_found': 0, 'entries_matched': 0, 'recalls_recorded': 0, 'adapters_scanned': 1, 'scan_duration_ms': 43}
   [Auto-sync] 269 active, 0 recalls, graph rebuilt
2026-08-12 16:49:40.943 | INFO     | selfmind_app.recall_capture.scanner:scan:66 - [RecallScanner] Starting scan since 2026-08-12 16:44:39.958900
2026-08-12 16:49:40.971 | INFO     | selfmind_app.recall_capture.scanner:scan:73 - [RecallScanner] hermes: found 0 events
2026-08-12 16:49:40.980 | INFO     | selfmind_app.recall_capture.scanner:scan:84 - [RecallScanner] Matched 0 entries from 0 events
2026-08-12 16:49:40.987 | INFO     | selfmind_app.recall_capture.scanner:scan:103 - [RecallScanner] Scan complete: {'events_found': 0, 'entries_matched': 0, 'recalls_recorded': 0, 'adapters_scanned': 1, 'scan_duration_ms': 44}
   [Auto-sync] 269 active, 0 recalls, graph rebuilt
2026-08-12 16:54:41.969 | INFO     | selfmind_app.recall_capture.scanner:scan:66 - [RecallScanner] Starting scan since 2026-08-12 16:49:40.987002
2026-08-12 16:54:41.997 | INFO     | selfmind_app.recall_capture.scanner:scan:73 - [RecallScanner] hermes: found 0 events
2026-08-12 16:54:42.005 | INFO     | selfmind_app.recall_capture.scanner:scan:84 - [RecallScanner] Matched 0 entries from 0 events
2026-08-12 16:54:42.012 | INFO     | selfmind_app.recall_capture.scanner:scan:103 - [RecallScanner] Scan complete: {'events_found': 0, 'entries_matched': 0, 'recalls_recorded': 0, 'adapters_scanned': 1, 'scan_duration_ms': 42}
   [Auto-sync] 269 active, 0 recalls, graph rebuilt
2026-08-12 16:59:42.985 | INFO     | selfmind_app.recall_capture.scanner:scan:66 - [RecallScanner] Starting scan since 2026-08-12 16:54:42.011535
2026-08-12 16:59:43.014 | INFO     | selfmind_app.recall_capture.scanner:scan:73 - [RecallScanner] hermes: found 0 events
2026-08-12 16:59:43.028 | INFO     | selfmind_app.recall_capture.scanner:scan:84 - [RecallScanner] Matched 0 entries from 0 events
2026-08-12 16:59:43.036 | INFO     | selfmind_app.recall_capture.scanner:scan:103 - [RecallScanner] Scan complete: {'events_found': 0, 'entries_matched': 0, 'recalls_recorded': 0, 'adapters_scanned': 1, 'scan_duration_ms': 51}
   [Auto-sync] 269 active, 0 recalls, graph rebuilt
2026-08-12 17:04:44.046 | INFO     | selfmind_app.recall_capture.scanner:scan:66 - [RecallScanner] Starting scan since 2026-08-12 16:59:43.035591
2026-08-12 17:04:44.074 | INFO     | selfmind_app.recall_capture.scanner:scan:73 - [RecallScanner] hermes: found 0 events
2026-08-12 17:04:44.081 | INFO     | selfmind_app.recall_capture.scanner:scan:84 - [RecallScanner] Matched 0 entries from 0 events
2026-08-12 17:04:44.088 | INFO     | selfmind_app.recall_capture.scanner:scan:103 - [RecallScanner] Scan complete: {'events_found': 0, 'entries_matched': 0, 'recalls_recorded': 0, 'adapters_scanned': 1, 'scan_duration_ms': 41}
   [Auto-sync] 269 active, 0 recalls, graph rebuilt
2026-08-12 17:09:45.062 | INFO     | selfmind_app.recall_capture.scanner:scan:66 - [RecallScanner] Starting scan since 2026-08-12 17:04:44.087265
2026-08-12 17:09:45.091 | INFO     | selfmind_app.recall_capture.scanner:scan:73 - [RecallScanner] hermes: found 0 events
2026-08-12 17:09:45.100 | INFO     | selfmind_app.recall_capture.scanner:scan:84 - [RecallScanner] Matched 0 entries from 0 events
2026-08-12 17:09:45.113 | INFO     | selfmind_app.recall_capture.scanner:scan:103 - [RecallScanner] Scan complete: {'events_found': 0, 'entries_matched': 0, 'recalls_recorded': 0, 'adapters_scanned': 1, 'scan_duration_ms': 50}
   [Auto-sync] 269 active, 0 recalls, graph rebuilt
2026-08-12 17:14:46.067 | INFO     | selfmind_app.recall_capture.scanner:scan:66 - [RecallScanner] Starting scan since 2026-08-12 17:09:45.112378
2026-08-12 17:14:46.097 | INFO     | selfmind_app.recall_capture.scanner:scan:73 - [RecallScanner] hermes: found 0 events
2026-08-12 17:14:46.105 | INFO     | selfmind_app.recall_capture.scanner:scan:84 - [RecallScanner] Matched 0 entries from 0 events
2026-08-12 17:14:46.111 | INFO     | selfmind_app.recall_capture.scanner:scan:103 - [RecallScanner] Scan complete: {'events_found': 0, 'entries_matched': 0, 'recalls_recorded': 0, 'adapters_scanned': 1, 'scan_duration_ms': 44}
   [Auto-sync] 269 active, 0 recalls, graph rebuilt
2026-08-12 17:19:47.180 | INFO     | selfmind_app.recall_capture.scanner:scan:66 - [RecallScanner] Starting scan since 2026-08-12 17:14:46.111058
2026-08-12 17:19:47.207 | INFO     | selfmind_app.recall_capture.scanner:scan:73 - [RecallScanner] hermes: found 0 events
2026-08-12 17:19:47.215 | INFO     | selfmind_app.recall_capture.scanner:scan:84 - [RecallScanner] Matched 0 entries from 0 events
2026-08-12 17:19:47.221 | INFO     | selfmind_app.recall_capture.scanner:scan:103 - [RecallScanner] Scan complete: {'events_found': 0, 'entries_matched': 0, 'recalls_recorded': 0, 'adapters_scanned': 1, 'scan_duration_ms': 41}
   [Auto-sync] 269 active, 0 recalls, graph rebuilt
2026-08-12 17:24:48.270 | INFO     | selfmind_app.recall_capture.scanner:scan:66 - [RecallScanner] Starting scan since 2026-08-12 17:19:47.220696
2026-08-12 17:24:48.305 | INFO     | selfmind_app.recall_capture.scanner:scan:73 - [RecallScanner] hermes: found 0 events
2026-08-12 17:24:48.313 | INFO     | selfmind_app.recall_capture.scanner:scan:84 - [RecallScanner] Matched 0 entries from 0 events
2026-08-12 17:24:48.321 | INFO     | selfmind_app.recall_capture.scanner:scan:103 - [RecallScanner] Scan complete: {'events_found': 0, 'entries_matched': 0, 'recalls_recorded': 0, 'adapters_scanned': 1, 'scan_duration_ms': 51}
   [Auto-sync] 269 active, 0 recalls, graph rebuilt
2026-08-12 17:29:49.316 | INFO     | selfmind_app.recall_capture.scanner:scan:66 - [RecallScanner] Starting scan since 2026-08-12 17:24:48.320259
2026-08-12 17:29:49.343 | INFO     | selfmind_app.recall_capture.scanner:scan:73 - [RecallScanner] hermes: found 0 events
2026-08-12 17:29:49.351 | INFO     | selfmind_app.recall_capture.scanner:scan:84 - [RecallScanner] Matched 0 entries from 0 events
2026-08-12 17:29:49.359 | INFO     | selfmind_app.recall_capture.scanner:scan:103 - [RecallScanner] Scan complete: {'events_found': 0, 'entries_matched': 0, 'recalls_recorded': 0, 'adapters_scanned': 1, 'scan_duration_ms': 43}
   [Auto-sync] 269 active, 0 recalls, graph rebuilt
2026-08-12 17:34:50.324 | INFO     | selfmind_app.recall_capture.scanner:scan:66 - [RecallScanner] Starting scan since 2026-08-12 17:29:49.358064
2026-08-12 17:34:50.358 | INFO     | selfmind_app.recall_capture.scanner:scan:73 - [RecallScanner] hermes: found 0 events
2026-08-12 17:34:50.366 | INFO     | selfmind_app.recall_capture.scanner:scan:84 - [RecallScanner] Matched 0 entries from 0 events
2026-08-12 17:34:50.373 | INFO     | selfmind_app.recall_capture.scanner:scan:103 - [RecallScanner] Scan complete: {'events_found': 0, 'entries_matched': 0, 'recalls_recorded': 0, 'adapters_scanned': 1, 'scan_duration_ms': 49}
   [Auto-sync] 269 active, 0 recalls, graph rebuilt
2026-08-12 17:39:51.306 | INFO     | selfmind_app.recall_capture.scanner:scan:66 - [RecallScanner] Starting scan since 2026-08-12 17:34:50.372583
2026-08-12 17:39:51.336 | INFO     | selfmind_app.recall_capture.scanner:scan:73 - [RecallScanner] hermes: found 0 events
2026-08-12 17:39:51.344 | INFO     | selfmind_app.recall_capture.scanner:scan:84 - [RecallScanner] Matched 0 entries from 0 events
2026-08-12 17:39:51.351 | INFO     | selfmind_app.recall_capture.scanner:scan:103 - [RecallScanner] Scan complete: {'events_found': 0, 'entries_matched': 0, 'recalls_recorded': 0, 'adapters_scanned': 1, 'scan_duration_ms': 45}
   [Auto-sync] 269 active, 0 recalls, graph rebuilt
2026-08-12 17:44:52.311 | INFO     | selfmind_app.recall_capture.scanner:scan:66 - [RecallScanner] Starting scan since 2026-08-12 17:39:51.350703
2026-08-12 17:44:52.350 | INFO     | selfmind_app.recall_capture.scanner:scan:73 - [RecallScanner] hermes: found 0 events
2026-08-12 17:44:52.376 | INFO     | selfmind_app.recall_capture.scanner:scan:84 - [RecallScanner] Matched 0 entries from 0 events
2026-08-12 17:44:52.397 | INFO     | selfmind_app.recall_capture.scanner:scan:103 - [RecallScanner] Scan complete: {'events_found': 0, 'entries_matched': 0, 'recalls_recorded': 0, 'adapters_scanned': 1, 'scan_duration_ms': 86}
   [Auto-sync] 269 active, 0 recalls, graph rebuilt
2026-08-12 17:49:53.411 | INFO     | selfmind_app.recall_capture.scanner:scan:66 - [RecallScanner] Starting scan since 2026-08-12 17:44:52.388695
2026-08-12 17:49:53.439 | INFO     | selfmind_app.recall_capture.scanner:scan:73 - [RecallScanner] hermes: found 0 events
2026-08-12 17:49:53.450 | INFO     | selfmind_app.recall_capture.scanner:scan:84 - [RecallScanner] Matched 0 entries from 0 events
2026-08-12 17:49:53.456 | INFO     | selfmind_app.recall_capture.scanner:scan:103 - [RecallScanner] Scan complete: {'events_found': 0, 'entries_matched': 0, 'recalls_recorded': 0, 'adapters_scanned': 1, 'scan_duration_ms': 45}
   [Auto-sync] 269 active, 0 recalls, graph rebuilt
2026-08-12 17:54:54.355 | INFO     | selfmind_app.recall_capture.scanner:scan:66 - [RecallScanner] Starting scan since 2026-08-12 17:49:53.456032
2026-08-12 17:54:54.386 | INFO     | selfmind_app.recall_capture.scanner:scan:73 - [RecallScanner] hermes: found 0 events
2026-08-12 17:54:54.396 | INFO     | selfmind_app.recall_capture.scanner:scan:84 - [RecallScanner] Matched 0 entries from 0 events
2026-08-12 17:54:54.404 | INFO     | selfmind_app.recall_capture.scanner:scan:103 - [RecallScanner] Scan complete: {'events_found': 0, 'entries_matched': 0, 'recalls_recorded': 0, 'adapters_scanned': 1, 'scan_duration_ms': 49}
   [Auto-sync] 269 active, 0 recalls, graph rebuilt
2026-08-12 17:59:55.344 | INFO     | selfmind_app.recall_capture.scanner:scan:66 - [RecallScanner] Starting scan since 2026-08-12 17:54:54.403911
2026-08-12 17:59:55.373 | INFO     | selfmind_app.recall_capture.scanner:scan:73 - [RecallScanner] hermes: found 0 events
2026-08-12 17:59:55.381 | INFO     | selfmind_app.recall_capture.scanner:scan:84 - [RecallScanner] Matched 0 entries from 0 events
2026-08-12 17:59:55.387 | INFO     | selfmind_app.recall_capture.scanner:scan:103 - [RecallScanner] Scan complete: {'events_found': 0, 'entries_matched': 0, 'recalls_recorded': 0, 'adapters_scanned': 1, 'scan_duration_ms': 42}
   [Auto-sync] 269 active, 0 recalls, graph rebuilt
2026-08-12 18:04:56.360 | INFO     | selfmind_app.recall_capture.scanner:scan:66 - [RecallScanner] Starting scan since 2026-08-12 17:59:55.386699
2026-08-12 18:04:56.388 | INFO     | selfmind_app.recall_capture.scanner:scan:73 - [RecallScanner] hermes: found 0 events
2026-08-12 18:04:56.395 | INFO     | selfmind_app.recall_capture.scanner:scan:84 - [RecallScanner] Matched 0 entries from 0 events
2026-08-12 18:04:56.402 | INFO     | selfmind_app.recall_capture.scanner:scan:103 - [RecallScanner] Scan complete: {'events_found': 0, 'entries_matched': 0, 'recalls_recorded': 0, 'adapters_scanned': 1, 'scan_duration_ms': 41}
   [Auto-sync] 269 active, 0 recalls, graph rebuilt
2026-08-12 18:09:57.364 | INFO     | selfmind_app.recall_capture.scanner:scan:66 - [RecallScanner] Starting scan since 2026-08-12 18:04:56.401368
2026-08-12 18:09:57.392 | INFO     | selfmind_app.recall_capture.scanner:scan:73 - [RecallScanner] hermes: found 0 events
2026-08-12 18:09:57.399 | INFO     | selfmind_app.recall_capture.scanner:scan:84 - [RecallScanner] Matched 0 entries from 0 events
2026-08-12 18:09:57.406 | INFO     | selfmind_app.recall_capture.scanner:scan:103 - [RecallScanner] Scan complete: {'events_found': 0, 'entries_matched': 0, 'recalls_recorded': 0, 'adapters_scanned': 1, 'scan_duration_ms': 42}
   [Auto-sync] 269 active, 0 recalls, graph rebuilt
2026-08-12 18:14:58.393 | INFO     | selfmind_app.recall_capture.scanner:scan:66 - [RecallScanner] Starting scan since 2026-08-12 18:09:57.405684
2026-08-12 18:14:58.420 | INFO     | selfmind_app.recall_capture.scanner:scan:73 - [RecallScanner] hermes: found 0 events
2026-08-12 18:14:58.428 | INFO     | selfmind_app.recall_capture.scanner:scan:84 - [RecallScanner] Matched 0 entries from 0 events
2026-08-12 18:14:58.434 | INFO     | selfmind_app.recall_capture.scanner:scan:103 - [RecallScanner] Scan complete: {'events_found': 0, 'entries_matched': 0, 'recalls_recorded': 0, 'adapters_scanned': 1, 'scan_duration_ms': 41}
   [Auto-sync] 269 active, 0 recalls, graph rebuilt
2026-08-12 18:19:59.457 | INFO     | selfmind_app.recall_capture.scanner:scan:66 - [RecallScanner] Starting scan since 2026-08-12 18:14:58.433816
2026-08-12 18:19:59.489 | INFO     | selfmind_app.recall_capture.scanner:scan:73 - [RecallScanner] hermes: found 0 events
2026-08-12 18:19:59.502 | INFO     | selfmind_app.recall_capture.scanner:scan:84 - [RecallScanner] Matched 0 entries from 0 events
2026-08-12 18:19:59.510 | INFO     | selfmind_app.recall_capture.scanner:scan:103 - [RecallScanner] Scan complete: {'events_found': 0, 'entries_matched': 0, 'recalls_recorded': 0, 'adapters_scanned': 1, 'scan_duration_ms': 53}
   [Auto-sync] 269 active, 0 recalls, graph rebuilt
2026-08-12 18:25:00.542 | INFO     | selfmind_app.recall_capture.scanner:scan:66 - [RecallScanner] Starting scan since 2026-08-12 18:19:59.509573
2026-08-12 18:25:00.576 | INFO     | selfmind_app.recall_capture.scanner:scan:73 - [RecallScanner] hermes: found 0 events
2026-08-12 18:25:00.584 | INFO     | selfmind_app.recall_capture.scanner:scan:84 - [RecallScanner] Matched 0 entries from 0 events
2026-08-12 18:25:00.591 | INFO     | selfmind_app.recall_capture.scanner:scan:103 - [RecallScanner] Scan complete: {'events_found': 0, 'entries_matched': 0, 'recalls_recorded': 0, 'adapters_scanned': 1, 'scan_duration_ms': 48}
   [Auto-sync] 269 active, 0 recalls, graph rebuilt
2026-08-12 18:30:01.587 | INFO     | selfmind_app.recall_capture.scanner:scan:66 - [RecallScanner] Starting scan since 2026-08-12 18:25:00.591077
2026-08-12 18:30:01.616 | INFO     | selfmind_app.recall_capture.scanner:scan:73 - [RecallScanner] hermes: found 0 events
2026-08-12 18:30:01.624 | INFO     | selfmind_app.recall_capture.scanner:scan:84 - [RecallScanner] Matched 0 entries from 0 events
2026-08-12 18:30:01.630 | INFO     | selfmind_app.recall_capture.scanner:scan:103 - [RecallScanner] Scan complete: {'events_found': 0, 'entries_matched': 0, 'recalls_recorded': 0, 'adapters_scanned': 1, 'scan_duration_ms': 43}
   [Auto-sync] 269 active, 0 recalls, graph rebuilt
2026-08-12 18:35:02.630 | INFO     | selfmind_app.recall_capture.scanner:scan:66 - [RecallScanner] Starting scan since 2026-08-12 18:30:01.630034
2026-08-12 18:35:02.662 | INFO     | selfmind_app.recall_capture.scanner:scan:73 - [RecallScanner] hermes: found 0 events
2026-08-12 18:35:02.673 | INFO     | selfmind_app.recall_capture.scanner:scan:84 - [RecallScanner] Matched 0 entries from 0 events
2026-08-12 18:35:02.680 | INFO     | selfmind_app.recall_capture.scanner:scan:103 - [RecallScanner] Scan complete: {'events_found': 0, 'entries_matched': 0, 'recalls_recorded': 0, 'adapters_scanned': 1, 'scan_duration_ms': 50}
   [Auto-sync] 269 active, 0 recalls, graph rebuilt
2026-08-12 18:40:03.623 | INFO     | selfmind_app.recall_capture.scanner:scan:66 - [RecallScanner] Starting scan since 2026-08-12 18:35:02.679388
2026-08-12 18:40:03.652 | INFO     | selfmind_app.recall_capture.scanner:scan:73 - [RecallScanner] hermes: found 0 events
2026-08-12 18:40:03.660 | INFO     | selfmind_app.recall_capture.scanner:scan:84 - [RecallScanner] Matched 0 entries from 0 events
2026-08-12 18:40:03.667 | INFO     | selfmind_app.recall_capture.scanner:scan:103 - [RecallScanner] Scan complete: {'events_found': 0, 'entries_matched': 0, 'recalls_recorded': 0, 'adapters_scanned': 1, 'scan_duration_ms': 44}
   [Auto-sync] 269 active, 0 recalls, graph rebuilt
2026-08-12 18:45:04.647 | INFO     | selfmind_app.recall_capture.scanner:scan:66 - [RecallScanner] Starting scan since 2026-08-12 18:40:03.666622
2026-08-12 18:45:04.676 | INFO     | selfmind_app.recall_capture.scanner:scan:73 - [RecallScanner] hermes: found 0 events
2026-08-12 18:45:04.684 | INFO     | selfmind_app.recall_capture.scanner:scan:84 - [RecallScanner] Matched 0 entries from 0 events
2026-08-12 18:45:04.691 | INFO     | selfmind_app.recall_capture.scanner:scan:103 - [RecallScanner] Scan complete: {'events_found': 0, 'entries_matched': 0, 'recalls_recorded': 0, 'adapters_scanned': 1, 'scan_duration_ms': 44}
   [Auto-sync] 269 active, 0 recalls, graph rebuilt
2026-08-12 18:50:05.689 | INFO     | selfmind_app.recall_capture.scanner:scan:66 - [RecallScanner] Starting scan since 2026-08-12 18:45:04.690875
2026-08-12 18:50:05.719 | INFO     | selfmind_app.recall_capture.scanner:scan:73 - [RecallScanner] hermes: found 0 events
2026-08-12 18:50:05.727 | INFO     | selfmind_app.recall_capture.scanner:scan:84 - [RecallScanner] Matched 0 entries from 0 events
2026-08-12 18:50:05.734 | INFO     | selfmind_app.recall_capture.scanner:scan:103 - [RecallScanner] Scan complete: {'events_found': 0, 'entries_matched': 0, 'recalls_recorded': 0, 'adapters_scanned': 1, 'scan_duration_ms': 44}
   [Auto-sync] 269 active, 0 recalls, graph rebuilt
2026-08-12 18:55:06.769 | INFO     | selfmind_app.recall_capture.scanner:scan:66 - [RecallScanner] Starting scan since 2026-08-12 18:50:05.733430
2026-08-12 18:55:06.801 | INFO     | selfmind_app.recall_capture.scanner:scan:73 - [RecallScanner] hermes: found 0 events
2026-08-12 18:55:06.809 | INFO     | selfmind_app.recall_capture.scanner:scan:84 - [RecallScanner] Matched 0 entries from 0 events
2026-08-12 18:55:06.815 | INFO     | selfmind_app.recall_capture.scanner:scan:103 - [RecallScanner] Scan complete: {'events_found': 0, 'entries_matched': 0, 'recalls_recorded': 0, 'adapters_scanned': 1, 'scan_duration_ms': 46}
   [Auto-sync] 269 active, 0 recalls, graph rebuilt
2026-08-12 19:00:07.830 | INFO     | selfmind_app.recall_capture.scanner:scan:66 - [RecallScanner] Starting scan since 2026-08-12 18:55:06.814973
2026-08-12 19:00:07.858 | INFO     | selfmind_app.recall_capture.scanner:scan:73 - [RecallScanner] hermes: found 0 events
2026-08-12 19:00:07.866 | INFO     | selfmind_app.recall_capture.scanner:scan:84 - [RecallScanner] Matched 0 entries from 0 events
2026-08-12 19:00:07.874 | INFO     | selfmind_app.recall_capture.scanner:scan:103 - [RecallScanner] Scan complete: {'events_found': 0, 'entries_matched': 0, 'recalls_recorded': 0, 'adapters_scanned': 1, 'scan_duration_ms': 43}
   [Auto-sync] 269 active, 0 recalls, graph rebuilt
